token,cartId
eyJhbGciOiJIUzM4NCJ9.eyJzdWIiOiI1MDAzMTYiLCJ1c2VybmFtZSI6ImJlbmNoXzQyNjYxNTZfNCIsImlhdCI6MTc4OTA0NDI2NywiZXhwIjoxNzg5NjQ5MDY3fQ.NZ-cr6lXk7LzX4xkUfApPR6hxPQsc_QZdubZw6gGU3-UcZettlVtDZC91oV7MU0e,19858
eyJhbGciOiJIUzM4NCJ9.eyJzdWIiOiI1MDAzMTIiLCJ1c2VybmFtZSI6ImJlbmNoXzQyNjYxNTZfOCIsImlhdCI6MTc4OTA0NDI2NywiZXhwIjoxNzg5NjQ5MDY3fQ.Kkhqkc7gXyudMi24fq1Cqhp6wKW4hs4XHEK318NMCme0viNXWJoYwXU1T7SlZimw,19870
eyJhbGciOiJIUzM4NCJ9.eyJzdWIiOiI1MDAzMDEiLCJ1c2VybmFtZSI6ImJlbmNoXzQyNjYxNTZfNyIsImlhdCI6MTc4OTA0NDI2NywiZXhwIjoxNzg5NjQ5MDY3fQ.oRisMb2M-jpSMfSxYp-WHfPDRcJ6PLIwoyN7Sg_2UUtgwuSHUbxQ8iX3mZIewlxS,19861
eyJhbGciOiJIUzM4NCJ9.eyJzdWIiOiI1MDAzMDYiLCJ1c2VybmFtZSI6ImJlbmNoXzQyNjYxNThfMTQiLCJpYXQiOjE3ODkwNDQyNjcsImV4cCI6MTc4OTY0OTA2N30.Chvocr9eWQjXj07Kt17b7sIRsMcQiKb3aPazqjKz-5l44WBK1CyNK_xQ2fot8rAm,19867
eyJhbGciOiJIUzM4NCJ9.eyJzdWIiOiI1MDAzMDUiLCJ1c2VybmFtZSI6ImJlbmNoXzQyNjYxNTVfMSIsImlhdCI6MTc4OTA0NDI2NywiZXhwIjoxNzg5NjQ5MDY3fQ.1MwTrzPaZxLRmbkypbLHL6925VDHusyY4c40uNkge3h5a3y8SnGiQRlhPSCU8Uij,19865
eyJhbGciOiJIUzM4NCJ9.eyJzdWIiOiI1MDAzMDciLCJ1c2VybmFtZSI6ImJlbmNoXzQyNjYxNThfMTkiLCJpYXQiOjE3ODkwNDQyNjcsImV4cCI6MTc4OTY0OTA2N30.W523mYvUunEIZjj3mZxDLtURkvj7w2lyMnKoyapBC9IB8cUDZ0ue2J50HD668RZO,19868
eyJhbGciOiJIUzM4NCJ9.eyJzdWIiOiI1MDAzMTkiLCJ1c2VybmFtZSI6ImJlbmNoXzQyNjYxNTVfMCIsImlhdCI6MTc4OTA0NDI2NywiZXhwIjoxNzg5NjQ5MDY3fQ.J8j0quCfKG3cEU7kJACnIkllLAxLb02gk2RVoemuMk94ze-KFZywcSatdlkn7CAy,19862
eyJhbGciOiJIUzM4NCJ9.eyJzdWIiOiI1MDAzMTMiLCJ1c2VybmFtZSI6ImJlbmNoXzQyNjYxNTdfMTEiLCJpYXQiOjE3ODkwNDQyNjcsImV4cCI6MTc4OTY0OTA2N30.h7Ogdr72KjVOM8Qs7n_3yEkIrITG9RMdjvVyohaY6gjt5EePx8ISQvjJ2Y-1Ke-b,19863
eyJhbGciOiJIUzM4NCJ9.eyJzdWIiOiI1MDAzMDgiLCJ1c2VybmFtZSI6ImJlbmNoXzQyNjYxNTdfMTMiLCJpYXQiOjE3ODkwNDQyNjcsImV4cCI6MTc4OTY0OTA2N30.LmqTfHC4Ak6Xc2C9B3QUoRpEK3xdSLBnTUVgg13uaZ6uYIo7LaBvXdC9SSWOt7Dt,19859
eyJhbGciOiJIUzM4NCJ9.eyJzdWIiOiI1MDAzMTAiLCJ1c2VybmFtZSI6ImJlbmNoXzQyNjYxNTdfMTAiLCJpYXQiOjE3ODkwNDQyNjcsImV4cCI6MTc4OTY0OTA2N30.XmsgQPHyV5Jvd1V5V5IcfVmg4OSTUgNedRm9Z3aSgQWaPBk5ZpM5pNnWJpwVEH4E,19864
eyJhbGciOiJIUzM4NCJ9.eyJzdWIiOiI1MDAzMDQiLCJ1c2VybmFtZSI6ImJlbmNoXzQyNjYxNTVfMiIsImlhdCI6MTc4OTA0NDI2NywiZXhwIjoxNzg5NjQ5MDY3fQ.R03ER6u6PAW2uPf9uF490mxdWdT5VyBCV_lF6M4WJKzx5bsERC1bH1VJUvxrhfOf,19869
eyJhbGciOiJIUzM4NCJ9.eyJzdWIiOiI1MDAzMTciLCJ1c2VybmFtZSI6ImJlbmNoXzQyNjYxNThfMTYiLCJpYXQiOjE3ODkwNDQyNjcsImV4cCI6MTc4OTY0OTA2N30.2iGkrUJsiOHIqp4C_CPFdSxRnoCYkv2jDbAUEyw7U7nksrNFX8DWTTDpgK03WmQD,19866
eyJhbGciOiJIUzM4NCJ9.eyJzdWIiOiI1MDAzMTEiLCJ1c2VybmFtZSI6ImJlbmNoXzQyNjYxNTdfMTIiLCJpYXQiOjE3ODkwNDQyNjcsImV4cCI6MTc4OTY0OTA2N30.wIo7EtzQNO9XK4DKHhRTyFo4yZHDcqyZJq36T-IUEMrrHSj5YhxN6l07S5qlf_Rw,19871
eyJhbGciOiJIUzM4NCJ9.eyJzdWIiOiI1MDAzMDMiLCJ1c2VybmFtZSI6ImJlbmNoXzQyNjYxNTZfNSIsImlhdCI6MTc4OTA0NDI2NywiZXhwIjoxNzg5NjQ5MDY3fQ.Bpjdbt_gd5lZHNsXLgO0-UBFF7iglISAswYzzKQ2mPVg2prRKrcycTj5GeahOQrZ,19860
eyJhbGciOiJIUzM4NCJ9.eyJzdWIiOiI1MDAzMTgiLCJ1c2VybmFtZSI6ImJlbmNoXzQyNjYxNTVfMyIsImlhdCI6MTc4OTA0NDI2NywiZXhwIjoxNzg5NjQ5MDY3fQ.XT9Egbc2pOGaMtYYzt-fPvZS0zxV1PLAQiLb9HYXhrwqQBaE9BksyQuvAY08rpFU,19872
eyJhbGciOiJIUzM4NCJ9.eyJzdWIiOiI1MDAzMTQiLCJ1c2VybmFtZSI6ImJlbmNoXzQyNjYxNTZfOSIsImlhdCI6MTc4OTA0NDI2NywiZXhwIjoxNzg5NjQ5MDY3fQ.d_swt5FUEJBweIz3OaJrbzoxJ65t4CM8aLvLSoDWHDRB5XG4pVHDGTROSzbX9M24,19874
eyJhbGciOiJIUzM4NCJ9.eyJzdWIiOiI1MDAzMTUiLCJ1c2VybmFtZSI6ImJlbmNoXzQyNjYxNThfMTciLCJpYXQiOjE3ODkwNDQyNjcsImV4cCI6MTc4OTY0OTA2N30.vCSKda8OUj6_dy6YPR0q_2oyaryKFnBDD5kQfMzLT82eyTco8w9aJycKO85BMmOu,19873
eyJhbGciOiJIUzM4NCJ9.eyJzdWIiOiI1MDAzMDkiLCJ1c2VybmFtZSI6ImJlbmNoXzQyNjYxNTZfNiIsImlhdCI6MTc4OTA0NDI2NywiZXhwIjoxNzg5NjQ5MDY3fQ.NrVjIyBrPebxY75TvKw0-ytvbqXvJG7XQZfWxVOzpNfZs2pnDimbsbdMMxn_Sdzx,19876
eyJhbGciOiJIUzM4NCJ9.eyJzdWIiOiI1MDAzMDIiLCJ1c2VybmFtZSI6ImJlbmNoXzQyNjYxNThfMTgiLCJpYXQiOjE3ODkwNDQyNjcsImV4cCI6MTc4OTY0OTA2N30.yWX89lwsPNX-goVSJFmGDUoNO-tQ-3c0kEcs2K8FN2CVLpKoCU1z0Tir22HcboHt,19877
eyJhbGciOiJIUzM4NCJ9.eyJzdWIiOiI1MDAzMjAiLCJ1c2VybmFtZSI6ImJlbmNoXzQyNjYxNThfMTUiLCJpYXQiOjE3ODkwNDQyNjcsImV4cCI6MTc4OTY0OTA2N30.yjnIcVb0nP8F0RipcyfLJKvSFG3dbdWZEToKZ2G376qc0aVBCrUZvZCgJjx_ndDH,19875
eyJhbGciOiJIUzM4NCJ9.eyJzdWIiOiI1MDAzMjIiLCJ1c2VybmFtZSI6ImJlbmNoXzQyNjc1NTVfMzEiLCJpYXQiOjE3ODkwNDQyNjcsImV4cCI6MTc4OTY0OTA2N30.B-G8Y3IebF1HhtAVYuQiTvY-0yum1sS12nMzplhrSYGWBF5nZV-1Ee6Z9fKgHk_b,19878
eyJhbGciOiJIUzM4NCJ9.eyJzdWIiOiI1MDAzMjYiLCJ1c2VybmFtZSI6ImJlbmNoXzQyNjc1NTlfMzMiLCJpYXQiOjE3ODkwNDQyNjcsImV4cCI6MTc4OTY0OTA2N30.AmRiHNYNlScMjqtqjZf_aB_qqw7z6GLRZf7pb6-vpD1OsJXaW2X_95V5xtZ2SFfg,19881
eyJhbGciOiJIUzM4NCJ9.eyJzdWIiOiI1MDAzMzIiLCJ1c2VybmFtZSI6ImJlbmNoXzQyNjc1NDFfMjYiLCJpYXQiOjE3ODkwNDQyNjcsImV4cCI6MTc4OTY0OTA2N30.HE8jx8MbpVS3EtfGnJ7u2CL0SDu00DZ2RuHitAsfcRJNwNvELnTJ282Ht2hA_6pW,19880
eyJhbGciOiJIUzM4NCJ9.eyJzdWIiOiI1MDAzMjEiLCJ1c2VybmFtZSI6ImJlbmNoXzQyNjc1MjZfMjAiLCJpYXQiOjE3ODkwNDQyNjcsImV4cCI6MTc4OTY0OTA2N30.XvkqnrB23zDjktYo7vNUwTj56w2hVIIQS7IMXgeRed4bulN_PHb0HhzTnu-Gy1_2,19879
eyJhbGciOiJIUzM4NCJ9.eyJzdWIiOiI1MDAzMjUiLCJ1c2VybmFtZSI6ImJlbmNoXzQyNjc1MzBfMjEiLCJpYXQiOjE3ODkwNDQyNjcsImV4cCI6MTc4OTY0OTA2N30.miMS-PO4ZSyEk4Gv1gSzA74aCU3laW8zUMf743EYmZ9P4kkmCCD0K3qiTKcKeHy5,19882
eyJhbGciOiJIUzM4NCJ9.eyJzdWIiOiI1MDAzMjciLCJ1c2VybmFtZSI6ImJlbmNoXzQyNjc1NDdfMjciLCJpYXQiOjE3ODkwNDQyNjcsImV4cCI6MTc4OTY0OTA2N30.FWBxItdqdMTHM-SFlgRSxAKCs1Gt8zPJ-fEu8IfCbKa4u0RFUKD1hNfdkUsN7qEa,19886
eyJhbGciOiJIUzM4NCJ9.eyJzdWIiOiI1MDAzMjgiLCJ1c2VybmFtZSI6ImJlbmNoXzQyNjc1NDdfMjgiLCJpYXQiOjE3ODkwNDQyNjcsImV4cCI6MTc4OTY0OTA2N30.adSqODymakCDeX2Y3vodmTx1XodcSdVOp8j1MvKe5cGZhM6GGYjucs2Lk0H2MpOF,19883
eyJhbGciOiJIUzM4NCJ9.eyJzdWIiOiI1MDAzMjQiLCJ1c2VybmFtZSI6ImJlbmNoXzQyNjc1NTVfMzIiLCJpYXQiOjE3ODkwNDQyNjcsImV4cCI6MTc4OTY0OTA2N30.NCwHelkDrzRPWpB7dm5MtboetNzm0l2WdLJbC3N0PzsSxwoFqtH-yy5vLuK7UgDm,19885
eyJhbGciOiJIUzM4NCJ9.eyJzdWIiOiI1MDAzMjMiLCJ1c2VybmFtZSI6ImJlbmNoXzQyNjc1MzhfMjMiLCJpYXQiOjE3ODkwNDQyNjcsImV4cCI6MTc4OTY0OTA2N30.S16WeVGgRblFXyh7wKeQLsruAfW8h-GCOGa4kL9TKkIrDMvXcTchwzeGTVsHC00M,19884
eyJhbGciOiJIUzM4NCJ9.eyJzdWIiOiI1MDAzMzAiLCJ1c2VybmFtZSI6ImJlbmNoXzQyNjc1NzJfMzkiLCJpYXQiOjE3ODkwNDQyNjcsImV4cCI6MTc4OTY0OTA2N30.-Nnsc5T2vjtU_UBBQgKqdYld2VDow5DJQ7qif9SC2PDBuuW61w6nI2K7WVx480V5,19887
eyJhbGciOiJIUzM4NCJ9.eyJzdWIiOiI1MDAzMzUiLCJ1c2VybmFtZSI6ImJlbmNoXzQyNjc1MzZfMjIiLCJpYXQiOjE3ODkwNDQyNjcsImV4cCI6MTc4OTY0OTA2N30.ibAMqrC4driw4rm75DgFLlo7LFuTMcdre57pAEfpt29_6t5z5Ks9Hvk5p6ZspZTf,19892
eyJhbGciOiJIUzM4NCJ9.eyJzdWIiOiI1MDAzMzQiLCJ1c2VybmFtZSI6ImJlbmNoXzQyNjc1NjlfMzgiLCJpYXQiOjE3ODkwNDQyNjcsImV4cCI6MTc4OTY0OTA2N30.Zx9i7ZqYtnrjxeHgA3iuYpigoUi7g91-5wPpW2LITeFUK0d8ItGJXPEGYv_NyVa_,19889
eyJhbGciOiJIUzM4NCJ9.eyJzdWIiOiI1MDAzMjkiLCJ1c2VybmFtZSI6ImJlbmNoXzQyNjc1NTNfMzAiLCJpYXQiOjE3ODkwNDQyNjcsImV4cCI6MTc4OTY0OTA2N30.v12HPk1YSFxuq-LyuotLGebwmlAlXlfhqiDbqZX31pWaPyE4xiTzaCqCkHuyvQyY,19888
eyJhbGciOiJIUzM4NCJ9.eyJzdWIiOiI1MDAzMzEiLCJ1c2VybmFtZSI6ImJlbmNoXzQyNjc1NDdfMjkiLCJpYXQiOjE3ODkwNDQyNjcsImV4cCI6MTc4OTY0OTA2N30.i9QuD57wbbQXb8TtLFUQZv8gwbAnTHYiXnckUnJXUFSjL3GvXvDioxVASPsP06mJ,19890
eyJhbGciOiJIUzM4NCJ9.eyJzdWIiOiI1MDAzMzMiLCJ1c2VybmFtZSI6ImJlbmNoXzQyNjc1NDBfMjQiLCJpYXQiOjE3ODkwNDQyNjcsImV4cCI6MTc4OTY0OTA2N30.-N_pSCXY7IGWSsgJ8oXjq9DQnPPo9dkYuiMe_BIytqJZ7W8x1AWAE0DtTE-zTGBQ,19891
eyJhbGciOiJIUzM4NCJ9.eyJzdWIiOiI1MDAzMzciLCJ1c2VybmFtZSI6ImJlbmNoXzQyNjc1NjZfMzciLCJpYXQiOjE3ODkwNDQyNjcsImV4cCI6MTc4OTY0OTA2N30.ywsRbcJZvczT00kWp5i5mqbdHI_m42nlxsajARX1LfARwYrw5f8Vax3k9St5ClEo,19893
eyJhbGciOiJIUzM4NCJ9.eyJzdWIiOiI1MDAzMzYiLCJ1c2VybmFtZSI6ImJlbmNoXzQyNjc1NjVfMzUiLCJpYXQiOjE3ODkwNDQyNjgsImV4cCI6MTc4OTY0OTA2OH0._6NKm5WHW0JVU-m9oSgAOxfBHVh110e9xhU-xByoayRbK-pMpV7FKf8dVDfTJ30A,19894
eyJhbGciOiJIUzM4NCJ9.eyJzdWIiOiI1MDAzMzgiLCJ1c2VybmFtZSI6ImJlbmNoXzQyNjc1NDBfMjUiLCJpYXQiOjE3ODkwNDQyNjgsImV4cCI6MTc4OTY0OTA2OH0.AwV-WhL_LjhRx4a2xqFICvtuJ2sFYXXf81Kh2kzX7D2KoG_52ztRcZGWeQRxekrn,19895
eyJhbGciOiJIUzM4NCJ9.eyJzdWIiOiI1MDAzNDAiLCJ1c2VybmFtZSI6ImJlbmNoXzQyNjc1NjZfMzYiLCJpYXQiOjE3ODkwNDQyNjgsImV4cCI6MTc4OTY0OTA2OH0.Y22ylWIwkmRMrNp2E3ke2ZIYfnyql75LC5jAl47PD8n6wEPihdWTMXjP2X5Bm0xO,19896
eyJhbGciOiJIUzM4NCJ9.eyJzdWIiOiI1MDAzMzkiLCJ1c2VybmFtZSI6ImJlbmNoXzQyNjc1NTlfMzQiLCJpYXQiOjE3ODkwNDQyNjgsImV4cCI6MTc4OTY0OTA2OH0.O22bp5QK9t9qkPn8MEGA2Tm8TigMid1jvJl8EZVziNVEzGD--Rt3YGHK3j_jGjtt,19897
eyJhbGciOiJIUzM4NCJ9.eyJzdWIiOiI1MDAzNDIiLCJ1c2VybmFtZSI6ImJlbmNoXzQyNjgwMDhfNDUiLCJpYXQiOjE3ODkwNDQyNjgsImV4cCI6MTc4OTY0OTA2OH0.GDCMn1oJQ0rvjEGK1XYfLR3EFmWS_KKvVHzNTJ2MLHK4W1QukxPgTzw-kmzIJW65,19903
eyJhbGciOiJIUzM4NCJ9.eyJzdWIiOiI1MDAzNDEiLCJ1c2VybmFtZSI6ImJlbmNoXzQyNjc5ODZfNDAiLCJpYXQiOjE3ODkwNDQyNjgsImV4cCI6MTc4OTY0OTA2OH0.38tT8CMusJlehbGM5XuEU1sdbLSZiuG1_PWl_XaZ_UDC39xI4DFVC24ON4kFZHOx,19898
eyJhbGciOiJIUzM4NCJ9.eyJzdWIiOiI1MDAzNDgiLCJ1c2VybmFtZSI6ImJlbmNoXzQyNjgwMDBfNDEiLCJpYXQiOjE3ODkwNDQyNjgsImV4cCI6MTc4OTY0OTA2OH0.8CIpH2TnOiuPZX1ceKcYsfYq_E4hYa1hK6b7ayObhfRM6t04Mjv1PmV5Mfxrf-nX,19900
eyJhbGciOiJIUzM4NCJ9.eyJzdWIiOiI1MDAzNDYiLCJ1c2VybmFtZSI6ImJlbmNoXzQyNjgwMDJfNDIiLCJpYXQiOjE3ODkwNDQyNjgsImV4cCI6MTc4OTY0OTA2OH0.10q5cotNjarW8O9pAPvlsMXpDFzjEmgOthIizn_iD7BOv3IqSFMbrW7jT4KQjXfu,19902
eyJhbGciOiJIUzM4NCJ9.eyJzdWIiOiI1MDAzNDkiLCJ1c2VybmFtZSI6ImJlbmNoXzQyNjgwMjFfNDkiLCJpYXQiOjE3ODkwNDQyNjgsImV4cCI6MTc4OTY0OTA2OH0.n_5A4s9k_DXlyfw8-tWRC6IY1qAxykPSUkKzC_tLNuKl3OhjkixpGViggj75yq2e,19899
eyJhbGciOiJIUzM4NCJ9.eyJzdWIiOiI1MDAzNDciLCJ1c2VybmFtZSI6ImJlbmNoXzQyNjgwMDRfNDQiLCJpYXQiOjE3ODkwNDQyNjgsImV4cCI6MTc4OTY0OTA2OH0.kkt9y_4dOUePTx6PNHUWUsLiOFpzw8Zi6ecu4XfTIx8fK-7VGyxWArm6rsggBY0W,19901
eyJhbGciOiJIUzM4NCJ9.eyJzdWIiOiI1MDAzNDMiLCJ1c2VybmFtZSI6ImJlbmNoXzQyNjgwMDRfNDMiLCJpYXQiOjE3ODkwNDQyNjgsImV4cCI6MTc4OTY0OTA2OH0.V36APBTtCYF32gW_j7yDFsWMrbiLRDJJmpJaFH6ygTpW3ZnD1ib-BJ_4yiTg3t2A,19905
eyJhbGciOiJIUzM4NCJ9.eyJzdWIiOiI1MDAzNDQiLCJ1c2VybmFtZSI6ImJlbmNoXzQyNjgwMTJfNDgiLCJpYXQiOjE3ODkwNDQyNjgsImV4cCI6MTc4OTY0OTA2OH0.weT8f-p9rnbexEcL6XxpJ169_FANdrrrZz2bOFdWQxn-HlfzXo16iQtGcbBy9ayo,19904
eyJhbGciOiJIUzM4NCJ9.eyJzdWIiOiI1MDAzNDUiLCJ1c2VybmFtZSI6ImJlbmNoXzQyNjgwMDhfNDYiLCJpYXQiOjE3ODkwNDQyNjgsImV4cCI6MTc4OTY0OTA2OH0.bxRyLZMg1rAQCHdLfzmrKJ8oNaAcvK3EpSlfE7e8zyosSc1DsaAssv5Y0N_LHlQ2,19906
eyJhbGciOiJIUzM4NCJ9.eyJzdWIiOiI1MDAzNTAiLCJ1c2VybmFtZSI6ImJlbmNoXzQyNjgwMTFfNDciLCJpYXQiOjE3ODkwNDQyNjgsImV4cCI6MTc4OTY0OTA2OH0.1a1EYDeXYhlfY57b6_kKOJOqIoRdpZmaHYeqz1-cnbWcEvtHcLYHVTn_ZgF3oQF0,19907
eyJhbGciOiJIUzM4NCJ9.eyJzdWIiOiI1MDAzNTEiLCJ1c2VybmFtZSI6ImJlbmNoXzQyNjgwNDhfNTEiLCJpYXQiOjE3ODkwNDQyNjgsImV4cCI6MTc4OTY0OTA2OH0.jclkH1dCIVHwbqWBbDWnBCwki-tKiH7SdmjAo8hXpxsdY3AgHjIrKXMHUDr7VUNk,19908
eyJhbGciOiJIUzM4NCJ9.eyJzdWIiOiI1MDAzNTIiLCJ1c2VybmFtZSI6ImJlbmNoXzQyNjgwNThfNTIiLCJpYXQiOjE3ODkwNDQyNjgsImV4cCI6MTc4OTY0OTA2OH0.eBYd1Tm66Y0CD4Fh3dRUlbqKqdqoMnT_grlsUd702_AvG5XxTlQCRKmPzz4CKIjo,19909
eyJhbGciOiJIUzM4NCJ9.eyJzdWIiOiI1MDAzNTQiLCJ1c2VybmFtZSI6ImJlbmNoXzQyNjgwNjNfNTQiLCJpYXQiOjE3ODkwNDQyNjgsImV4cCI6MTc4OTY0OTA2OH0.EHyiG7fTq8EKaO023rq0RS5MSe-i8j77PNz6q54JcBUM9QT1ZatIKArnhKfzJZoe,19911
eyJhbGciOiJIUzM4NCJ9.eyJzdWIiOiI1MDAzNTYiLCJ1c2VybmFtZSI6ImJlbmNoXzQyNjgxNTNfNTUiLCJpYXQiOjE3ODkwNDQyNjgsImV4cCI6MTc4OTY0OTA2OH0.iLtbb9xfl6QPLd1eT5sxW6qMh9uen8cczP2iatEtAj3tgOBUWjEMhfgFiFW5-AQc,19912
eyJhbGciOiJIUzM4NCJ9.eyJzdWIiOiI1MDAzNTMiLCJ1c2VybmFtZSI6ImJlbmNoXzQyNjgwNjFfNTMiLCJpYXQiOjE3ODkwNDQyNjgsImV4cCI6MTc4OTY0OTA2OH0._eraeVlM1x2ZKY2-y3xD6TnbzeSiNsBwXCOVNPg-ldoC_mT8YcD_nRqbik9JJQjY,19910
eyJhbGciOiJIUzM4NCJ9.eyJzdWIiOiI1MDAzNTUiLCJ1c2VybmFtZSI6ImJlbmNoXzQyNjgwNDhfNTAiLCJpYXQiOjE3ODkwNDQyNjgsImV4cCI6MTc4OTY0OTA2OH0.icVU5Kxxmdfsbbs9lmlrWdDF4axFuvS0BDnkSSWeljTrip691xkxRkzZwKKnY6fq,19913
eyJhbGciOiJIUzM4NCJ9.eyJzdWIiOiI1MDAzNTkiLCJ1c2VybmFtZSI6ImJlbmNoXzQyNjgyMDRfNTgiLCJpYXQiOjE3ODkwNDQyNjgsImV4cCI6MTc4OTY0OTA2OH0.O9baHBQ2Uw4--b4G7RwbBtyoiFdA0Xy4Kxz_-ilFETsUktYsPCYhQuyGWGH44gUt,19916
eyJhbGciOiJIUzM4NCJ9.eyJzdWIiOiI1MDAzNTgiLCJ1c2VybmFtZSI6ImJlbmNoXzQyNjgxODRfNTciLCJpYXQiOjE3ODkwNDQyNjgsImV4cCI6MTc4OTY0OTA2OH0.5TdB_T7L6UX7jd-OrUsKFwNuC-EDmBzb8BFA7TlGRTffhgq-u78axZFI72K6LYc5,19915
eyJhbGciOiJIUzM4NCJ9.eyJzdWIiOiI1MDAzNTciLCJ1c2VybmFtZSI6ImJlbmNoXzQyNjgxNzZfNTYiLCJpYXQiOjE3ODkwNDQyNjgsImV4cCI6MTc4OTY0OTA2OH0.0hJ0Qcvwx6fZxT75ZiJdBHIPG79Yc34GhyBMDZoretjbocfEm0YoJJ-dTHpNp6tn,19914
eyJhbGciOiJIUzM4NCJ9.eyJzdWIiOiI1MDAzNjAiLCJ1c2VybmFtZSI6ImJlbmNoXzQyNjgyNDJfNTkiLCJpYXQiOjE3ODkwNDQyNjgsImV4cCI6MTc4OTY0OTA2OH0.P6HdJNfDo7TrYlyxZ3Wx1hcRT_XdhyJ1_AawbC07Fvx7vX6F-ezA3xFvIEZzV33n,19917
eyJhbGciOiJIUzM4NCJ9.eyJzdWIiOiI1MDAzNjEiLCJ1c2VybmFtZSI6ImJlbmNoXzQyNjg0MzhfNjAiLCJpYXQiOjE3ODkwNDQyNjgsImV4cCI6MTc4OTY0OTA2OH0.Zq7fydAb-eJmqWmyGKVUx9wMV5HjYzkjJiptXO5oBqOlCmkFfHHfSGWHHDwfTob9,19918
eyJhbGciOiJIUzM4NCJ9.eyJzdWIiOiI1MDAzNjMiLCJ1c2VybmFtZSI6ImJlbmNoXzQyNjg0NDBfNjEiLCJpYXQiOjE3ODkwNDQyNjgsImV4cCI6MTc4OTY0OTA2OH0.jFt5uohZX--ajHzPRJylKpg-IhnQDmbPJiHDncSbj7Wjg-Py4gYQ9pW2Ae0DsHFo,19919
eyJhbGciOiJIUzM4NCJ9.eyJzdWIiOiI1MDAzNjIiLCJ1c2VybmFtZSI6ImJlbmNoXzQyNjg0NDFfNjIiLCJpYXQiOjE3ODkwNDQyNjgsImV4cCI6MTc4OTY0OTA2OH0.kWasDMK5shca1Ol61leGTCfTDNdw35SLxNWUJqGBqAzOUUHPycMdYjG4s5PqslLJ,19920
eyJhbGciOiJIUzM4NCJ9.eyJzdWIiOiI1MDAzNjciLCJ1c2VybmFtZSI6ImJlbmNoXzQyNjg0NTBfNjUiLCJpYXQiOjE3ODkwNDQyNjgsImV4cCI6MTc4OTY0OTA2OH0.-lfZNRkF1ZSAzew76E5n1wGDFPU0Ni551Tyuz6r2wPcOfUibZ2MSU4QmN8ASoEml,19921
eyJhbGciOiJIUzM4NCJ9.eyJzdWIiOiI1MDAzNjgiLCJ1c2VybmFtZSI6ImJlbmNoXzQyNjg0NTVfNjgiLCJpYXQiOjE3ODkwNDQyNjgsImV4cCI6MTc4OTY0OTA2OH0.2uLy0I1Fgow33wXvcxf63os23KE15JNmZBONp3FqZ7aYiP3bX1MtB7Tf3qiGW3QN,19922
eyJhbGciOiJIUzM4NCJ9.eyJzdWIiOiI1MDAzNjkiLCJ1c2VybmFtZSI6ImJlbmNoXzQyNjg0NDdfNjMiLCJpYXQiOjE3ODkwNDQyNjgsImV4cCI6MTc4OTY0OTA2OH0.Dq36ivTn6pzuaCg94YQIDtMsPnhBMH9l765l4pe0Tzm-CxJGvmlVhRnUJDmVCpcb,19925
eyJhbGciOiJIUzM4NCJ9.eyJzdWIiOiI1MDAzNjYiLCJ1c2VybmFtZSI6ImJlbmNoXzQyNjg0NTBfNjYiLCJpYXQiOjE3ODkwNDQyNjgsImV4cCI6MTc4OTY0OTA2OH0.WP5NLnzHwprXJnjuOgU_LkMYfhPhPawPxYrFvqnFNY0J02iYTBIBRVLK0OYk99jZ,19924
eyJhbGciOiJIUzM4NCJ9.eyJzdWIiOiI1MDAzNjUiLCJ1c2VybmFtZSI6ImJlbmNoXzQyNjg0NTFfNjciLCJpYXQiOjE3ODkwNDQyNjgsImV4cCI6MTc4OTY0OTA2OH0.EjS7QJq56VzZBmI8lCK49VeGIrJaJN2tbGJAl3aUFeIaeDpxGIv93YFz0RG4ro97,19923
eyJhbGciOiJIUzM4NCJ9.eyJzdWIiOiI1MDAzNjQiLCJ1c2VybmFtZSI6ImJlbmNoXzQyNjg0NDhfNjQiLCJpYXQiOjE3ODkwNDQyNjgsImV4cCI6MTc4OTY0OTA2OH0.nRi6m1vD1pXJCBSW49Izssn1METeDIAvyne_Na3HW0L6VWiVqDFlvKzTOWFSaRee,19926
eyJhbGciOiJIUzM4NCJ9.eyJzdWIiOiI1MDAzNzAiLCJ1c2VybmFtZSI6ImJlbmNoXzQyNjg0NTZfNjkiLCJpYXQiOjE3ODkwNDQyNjgsImV4cCI6MTc4OTY0OTA2OH0.LYT4aGQThtiCnAgjTCUHXyRIwDHdSqPHCw6p7DVCIv6XifQ_Z7Y6Mu60qx7okHjT,19927
eyJhbGciOiJIUzM4NCJ9.eyJzdWIiOiI1MDAzNzYiLCJ1c2VybmFtZSI6ImJlbmNoXzQyNjg2MjNfNzciLCJpYXQiOjE3ODkwNDQyNjgsImV4cCI6MTc4OTY0OTA2OH0.EqMpIwpBn4BpVU7qH0LsK9fLxZ0dqaYUHSYciYvS-MhomOUU_tsAn4oaNJgNBhng,19930
eyJhbGciOiJIUzM4NCJ9.eyJzdWIiOiI1MDAzNzEiLCJ1c2VybmFtZSI6ImJlbmNoXzQyNjg1MDRfNzAiLCJpYXQiOjE3ODkwNDQyNjgsImV4cCI6MTc4OTY0OTA2OH0.hFtIxQl3iE8Y2WmvhbfSx3LCTm8aJ-M-Uz7KghnqpRIYDLQouWXdgCi2iUMJ50vw,19929
eyJhbGciOiJIUzM4NCJ9.eyJzdWIiOiI1MDAzNzIiLCJ1c2VybmFtZSI6ImJlbmNoXzQyNjg1MzRfNzEiLCJpYXQiOjE3ODkwNDQyNjgsImV4cCI6MTc4OTY0OTA2OH0.4Ra8SW0C0iZ2kTeTTjolpYkwAf83edlssXvg1_SQh6jhdblOOzi9__DuZTMAdeVo,19928
eyJhbGciOiJIUzM4NCJ9.eyJzdWIiOiI1MDAzNzUiLCJ1c2VybmFtZSI6ImJlbmNoXzQyNjg2MDNfNzUiLCJpYXQiOjE3ODkwNDQyNjgsImV4cCI6MTc4OTY0OTA2OH0.qm320nR1OHBcjUFVYjvj9acOIAj2iM1-MtvBKTlIUnD8phDI4jv2CJKy7s8lgsxS,19934
eyJhbGciOiJIUzM4NCJ9.eyJzdWIiOiI1MDAzNzkiLCJ1c2VybmFtZSI6ImJlbmNoXzQyNjg2MjJfNzYiLCJpYXQiOjE3ODkwNDQyNjgsImV4cCI6MTc4OTY0OTA2OH0.qHVs5o4tVkVlNXXr5p7NJtC6MKaAXz2iYk82Rphm3c0aGu649oyNQ6MR3c8X0Guh,19931
eyJhbGciOiJIUzM4NCJ9.eyJzdWIiOiI1MDAzNzgiLCJ1c2VybmFtZSI6ImJlbmNoXzQyNjg2MDBfNzMiLCJpYXQiOjE3ODkwNDQyNjgsImV4cCI6MTc4OTY0OTA2OH0.PJ9kcC_eY2JjDEyFYWiXS6ySeBx_jf4dCXbZwu6kNDXpsZdyIrFRR4O2HYSkegr3,19932
eyJhbGciOiJIUzM4NCJ9.eyJzdWIiOiI1MDAzNzQiLCJ1c2VybmFtZSI6ImJlbmNoXzQyNjg2MDJfNzQiLCJpYXQiOjE3ODkwNDQyNjgsImV4cCI6MTc4OTY0OTA2OH0.rhTOSFS0lHsdvY5S9MdtHZO21EGT0QgBC8GfKroDF4T_zQEQtY3GZKEeEj0pGlJK,19933
eyJhbGciOiJIUzM4NCJ9.eyJzdWIiOiI1MDAzNzciLCJ1c2VybmFtZSI6ImJlbmNoXzQyNjg2MjNfNzgiLCJpYXQiOjE3ODkwNDQyNjgsImV4cCI6MTc4OTY0OTA2OH0.ij37kSFKPDZH7nGz_O0yVFG4LoPq8k3qNbG4f0DQvkuzQTzcTx5bixmwcf6xOJW9,19936
eyJhbGciOiJIUzM4NCJ9.eyJzdWIiOiI1MDAzNzMiLCJ1c2VybmFtZSI6ImJlbmNoXzQyNjg1OTRfNzIiLCJpYXQiOjE3ODkwNDQyNjgsImV4cCI6MTc4OTY0OTA2OH0.Fejmz4FVtIIhypn8oQieWT1QSZKlnK4564ej7TBeAGJq9o2eHh7OkR1xoaCTg-Mb,19935
eyJhbGciOiJIUzM4NCJ9.eyJzdWIiOiI1MDAzODAiLCJ1c2VybmFtZSI6ImJlbmNoXzQyNjg3MDBfNzkiLCJpYXQiOjE3ODkwNDQyNjksImV4cCI6MTc4OTY0OTA2OX0.hS_b1L3OigQzBL4mxI4IR3Ad9ZXsV9ROii8uA7RHPAgbyrXohd8LfthN9jBT1ptY,19937
eyJhbGciOiJIUzM4NCJ9.eyJzdWIiOiI1MDAzODIiLCJ1c2VybmFtZSI6ImJlbmNoXzQyNjg4MzVfODAiLCJpYXQiOjE3ODkwNDQyNjksImV4cCI6MTc4OTY0OTA2OX0.AdcTdF0R8kCSrZj57TxwpIwKRaO1BCsRXCdwaFziuKGhus96TH5U8APQC8bX1GxA,19939
eyJhbGciOiJIUzM4NCJ9.eyJzdWIiOiI1MDAzODUiLCJ1c2VybmFtZSI6ImJlbmNoXzQyNjg4NzBfODQiLCJpYXQiOjE3ODkwNDQyNjksImV4cCI6MTc4OTY0OTA2OX0.sCHkFf03zmERlxwmVbRH85w853JbZViqGSowztNOtS-BmGLY1k290WvkUCY8ZSwA,19940
eyJhbGciOiJIUzM4NCJ9.eyJzdWIiOiI1MDAzODQiLCJ1c2VybmFtZSI6ImJlbmNoXzQyNjg4NjRfODMiLCJpYXQiOjE3ODkwNDQyNjksImV4cCI6MTc4OTY0OTA2OX0.DkpazYON42sigJZ1OHBJK1Igj3dJ4zykks0kJsJQk7XvApMc2m9KQq0uI1hhoC6u,19941
eyJhbGciOiJIUzM4NCJ9.eyJzdWIiOiI1MDAzODEiLCJ1c2VybmFtZSI6ImJlbmNoXzQyNjg4MzhfODEiLCJpYXQiOjE3ODkwNDQyNjksImV4cCI6MTc4OTY0OTA2OX0._N18HmjoB3zvGA9QY7WRMvVpZ-fDgG0oFC32wNpQg5FSnZfOLpZJktbdcIsacoCL,19938
eyJhbGciOiJIUzM4NCJ9.eyJzdWIiOiI1MDAzODMiLCJ1c2VybmFtZSI6ImJlbmNoXzQyNjg4NTJfODIiLCJpYXQiOjE3ODkwNDQyNjksImV4cCI6MTc4OTY0OTA2OX0.CP90Nu3wI41xfk6uzVz5F0VDb2blbJSGAPgGu5CtuFaL4hPXiDRGoGBwsNTgWxt5,19942
eyJhbGciOiJIUzM4NCJ9.eyJzdWIiOiI1MDAzODciLCJ1c2VybmFtZSI6ImJlbmNoXzQyNjg4ODJfODYiLCJpYXQiOjE3ODkwNDQyNjksImV4cCI6MTc4OTY0OTA2OX0.MiIGhN-53Nx6s-yawYeFyCujuBpSiKigoTyXVDQvzfTpzQ6FkXV7-O_9HF0Ht7yV,19943
eyJhbGciOiJIUzM4NCJ9.eyJzdWIiOiI1MDAzODYiLCJ1c2VybmFtZSI6ImJlbmNoXzQyNjg4ODJfODciLCJpYXQiOjE3ODkwNDQyNjksImV4cCI6MTc4OTY0OTA2OX0.a-0Kjs7QrR9EunOKZa3Ib5iE4796FoPdaIgUoZkCt2LTSaqb1hbO43n9WvgSGC3P,19944
eyJhbGciOiJIUzM4NCJ9.eyJzdWIiOiI1MDAzODgiLCJ1c2VybmFtZSI6ImJlbmNoXzQyNjg4NzlfODUiLCJpYXQiOjE3ODkwNDQyNjksImV4cCI6MTc4OTY0OTA2OX0.eCrgkC1U4x2xHppUHS6l3EAZwomXqg5KzCBPFuKoBGjnN9Kin2fsRaC73J5Xtdbl,19945
eyJhbGciOiJIUzM4NCJ9.eyJzdWIiOiI1MDAzOTIiLCJ1c2VybmFtZSI6ImJlbmNoXzQyNjkwMTRfOTUiLCJpYXQiOjE3ODkwNDQyNjksImV4cCI6MTc4OTY0OTA2OX0.O-uwxqZbTscg9ZIOTmvNKf-Fr5camXQonvuvMxoGvuy2N_jNtFDGKLiUxVNAwhn_,19946
eyJhbGciOiJIUzM4NCJ9.eyJzdWIiOiI1MDAzOTkiLCJ1c2VybmFtZSI6ImJlbmNoXzQyNjkwMjdfOTYiLCJpYXQiOjE3ODkwNDQyNjksImV4cCI6MTc4OTY0OTA2OX0.fEq52AXwBQtv0eoAPJmlCeGNm8gdWa9xrHcEaUybKX-GTOgBNjOEVhUwCrreaQa4,19948
eyJhbGciOiJIUzM4NCJ9.eyJzdWIiOiI1MDAzOTQiLCJ1c2VybmFtZSI6ImJlbmNoXzQyNjg5OTdfOTEiLCJpYXQiOjE3ODkwNDQyNjksImV4cCI6MTc4OTY0OTA2OX0.QsPoEVZ9ho0qe8oMZAOrVCkiz7xB_t2St1TYhRMQg28E5aw5TuNzLYQo6ni_F8Qk,19947
eyJhbGciOiJIUzM4NCJ9.eyJzdWIiOiI1MDAzODkiLCJ1c2VybmFtZSI6ImJlbmNoXzQyNjg5NzNfODkiLCJpYXQiOjE3ODkwNDQyNjksImV4cCI6MTc4OTY0OTA2OX0.CI9IWkjyyUUT8CeprWiPoXXmoI0f-GE0fz62gMaRIBz-lgbq1C6E4sg22rszYPNq,19949
eyJhbGciOiJIUzM4NCJ9.eyJzdWIiOiI1MDAzOTYiLCJ1c2VybmFtZSI6ImJlbmNoXzQyNjkwMjdfOTciLCJpYXQiOjE3ODkwNDQyNjksImV4cCI6MTc4OTY0OTA2OX0.W7yc-x97GjukPwnpOiD4DbQBjdSjKRlh2NMHGUUikDDtoLkVKovWU2t8qYXVlapp,19951
eyJhbGciOiJIUzM4NCJ9.eyJzdWIiOiI1MDAzOTEiLCJ1c2VybmFtZSI6ImJlbmNoXzQyNjkwMDlfOTIiLCJpYXQiOjE3ODkwNDQyNjksImV4cCI6MTc4OTY0OTA2OX0.OKAtT4juQJV4-gEeADky0cVsrDhU0mICO0JrMlvF9pLA3qp8VQ-pwXqNwg7qpnQP,19952
eyJhbGciOiJIUzM4NCJ9.eyJzdWIiOiI1MDAzOTMiLCJ1c2VybmFtZSI6ImJlbmNoXzQyNjkwMTBfOTMiLCJpYXQiOjE3ODkwNDQyNjksImV4cCI6MTc4OTY0OTA2OX0.1bHl-jVsp6yKkCiUCag07kjz1ixsT6nrjNzpsWXxHgChb2lfmg5wb22YR6UxfjNR,19953
eyJhbGciOiJIUzM4NCJ9.eyJzdWIiOiI1MDAzOTAiLCJ1c2VybmFtZSI6ImJlbmNoXzQyNjg5NjJfODgiLCJpYXQiOjE3ODkwNDQyNjksImV4cCI6MTc4OTY0OTA2OX0.pxiU6oMDU9IFX3AttzEqaDUhzf7bhkWZ3q8sDFSAJLVw03R0jhI7OdrmlbUZshB0,19950
eyJhbGciOiJIUzM4NCJ9.eyJzdWIiOiI1MDAzOTgiLCJ1c2VybmFtZSI6ImJlbmNoXzQyNjkwMTRfOTQiLCJpYXQiOjE3ODkwNDQyNjksImV4cCI6MTc4OTY0OTA2OX0.f-Y1Ec3uLloV2ShA_wVtz3lTmOmrqibOyB7U3yYGQb0ZI2hXm25gYcY2bA8NVDC7,19954
eyJhbGciOiJIUzM4NCJ9.eyJzdWIiOiI1MDAzOTUiLCJ1c2VybmFtZSI6ImJlbmNoXzQyNjg5OTZfOTAiLCJpYXQiOjE3ODkwNDQyNjksImV4cCI6MTc4OTY0OTA2OX0.9FgrY7dqOtbvZUYfyYTcHVJ3LtRVkXE7v4rPSSazX5al6DqlnnZ4gz1BURajUUat,19955
eyJhbGciOiJIUzM4NCJ9.eyJzdWIiOiI1MDAzOTciLCJ1c2VybmFtZSI6ImJlbmNoXzQyNjkwMjhfOTgiLCJpYXQiOjE3ODkwNDQyNjksImV4cCI6MTc4OTY0OTA2OX0.kJ55T4oaBRVGKZ2US64g8ceP3Jd1BhT3qCLAXJ1yTrxirrqUTSYy_B9us6NbyPkw,19956
eyJhbGciOiJIUzM4NCJ9.eyJzdWIiOiI1MDA0MDEiLCJ1c2VybmFtZSI6ImJlbmNoXzQyNjkyNDRfMTAzIiwiaWF0IjoxNzg5MDQ0MjY5LCJleHAiOjE3ODk2NDkwNjl9.YpxeDmHexisKfdpmzXkHZtOWwY1HN0kVtvh3QXvtREQah3oj58Nvq5uQ7aQ47-kB,19960
eyJhbGciOiJIUzM4NCJ9.eyJzdWIiOiI1MDA0MDMiLCJ1c2VybmFtZSI6ImJlbmNoXzQyNjkyMzZfMTAwIiwiaWF0IjoxNzg5MDQ0MjY5LCJleHAiOjE3ODk2NDkwNjl9.DxwqrF3-iLObNFNTWEGPgbpCjcbQLby4G6LCvRJvhsIjddD0K_4fcjFnpkq1qKLl,19959
eyJhbGciOiJIUzM4NCJ9.eyJzdWIiOiI1MDA0MDUiLCJ1c2VybmFtZSI6ImJlbmNoXzQyNjkyODlfMTA0IiwiaWF0IjoxNzg5MDQ0MjY5LCJleHAiOjE3ODk2NDkwNjl9.J1TuDHqSbTLZd13c_xh3mhArLE3Gt4qNeoyQKIO2dbWC7Q3xft_kFKg_Si8oi_P_,19961
eyJhbGciOiJIUzM4NCJ9.eyJzdWIiOiI1MDA0MDAiLCJ1c2VybmFtZSI6ImJlbmNoXzQyNjkyMzJfOTkiLCJpYXQiOjE3ODkwNDQyNjksImV4cCI6MTc4OTY0OTA2OX0.Nqbfer6xVITT03VgymfV0qDaA6bq-ULFeNNEuuAsUaU0WncDi4i-dozkvjW2q8lv,19957
eyJhbGciOiJIUzM4NCJ9.eyJzdWIiOiI1MDA0MDIiLCJ1c2VybmFtZSI6ImJlbmNoXzQyNjkyNDFfMTAyIiwiaWF0IjoxNzg5MDQ0MjY5LCJleHAiOjE3ODk2NDkwNjl9.rzXkKYqusud-XFenaD7iYxCp3TWLXnH2rfe625_-DNs_zJBBc2lj6g-gk8r5Ed4B,19958
eyJhbGciOiJIUzM4NCJ9.eyJzdWIiOiI1MDA0MDYiLCJ1c2VybmFtZSI6ImJlbmNoXzQyNjkzMDBfMTA1IiwiaWF0IjoxNzg5MDQ0MjY5LCJleHAiOjE3ODk2NDkwNjl9.1v20txNJdW63vQE1XvLUDsMhcd7t7NfPLvBgvv6n1YGUjP8KGZXypQVa_dseFyRB,19962
eyJhbGciOiJIUzM4NCJ9.eyJzdWIiOiI1MDA0MDQiLCJ1c2VybmFtZSI6ImJlbmNoXzQyNjkyNDFfMTAxIiwiaWF0IjoxNzg5MDQ0MjY5LCJleHAiOjE3ODk2NDkwNjl9.f5FN5445YcCqXhpF4LE6Hws-MUvmUEM0XCoiQSDAGFULdEwYhAkGLz-XKRCTvW_2,19963
eyJhbGciOiJIUzM4NCJ9.eyJzdWIiOiI1MDA0MTQiLCJ1c2VybmFtZSI6ImJlbmNoXzQyNjk0NjZfMTEzIiwiaWF0IjoxNzg5MDQ0MjY5LCJleHAiOjE3ODk2NDkwNjl9.S263IkP7n1RmPwwZ2yjh5jP_Z_t0BP1mEtfiIY9YfgX-b9fGltmHWk2lOEOXETnm,19969
eyJhbGciOiJIUzM4NCJ9.eyJzdWIiOiI1MDA0MDgiLCJ1c2VybmFtZSI6ImJlbmNoXzQyNjkzNjZfMTA3IiwiaWF0IjoxNzg5MDQ0MjY5LCJleHAiOjE3ODk2NDkwNjl9.-WWfHxUrg_idnPYrC66ZSgkBKv2E7sh9HjR27pHbkCEUJGq5QLXXHPNzCu-pV5uw,19970
eyJhbGciOiJIUzM4NCJ9.eyJzdWIiOiI1MDA0MDciLCJ1c2VybmFtZSI6ImJlbmNoXzQyNjkzNjNfMTA2IiwiaWF0IjoxNzg5MDQ0MjY5LCJleHAiOjE3ODk2NDkwNjl9.XoOsN_dMXdbSVefdmL3PqOy7YPB1ciHbJU8o810ZhRGic9dyPIAYbkORgOVMIZlF,19964
eyJhbGciOiJIUzM4NCJ9.eyJzdWIiOiI1MDA0MTYiLCJ1c2VybmFtZSI6ImJlbmNoXzQyNjk0NjlfMTE0IiwiaWF0IjoxNzg5MDQ0MjY5LCJleHAiOjE3ODk2NDkwNjl9.TIVvJUB71Yd7YVPAb55Q6Pr2KTEcm7MM6q2fzg2ozXgVgVMo4ltZpTwnXBsfmuiu,19974
eyJhbGciOiJIUzM4NCJ9.eyJzdWIiOiI1MDA0MTIiLCJ1c2VybmFtZSI6ImJlbmNoXzQyNjk0MzFfMTA5IiwiaWF0IjoxNzg5MDQ0MjY5LCJleHAiOjE3ODk2NDkwNjl9._ZelAUpZXW6dw1qBexeyI7XsvhyocgmLjho_T99P5U7nufvfU472kgnMfEC9ImkB,19972
eyJhbGciOiJIUzM4NCJ9.eyJzdWIiOiI1MDA0MDkiLCJ1c2VybmFtZSI6ImJlbmNoXzQyNjk0MzNfMTEwIiwiaWF0IjoxNzg5MDQ0MjY5LCJleHAiOjE3ODk2NDkwNjl9.-wsAcBWeGExKsPRiCCxhF7bj_pv0DngeSgZPR5xVeaaBkRMlfO4sWFiMj-cXIkEi,19968
eyJhbGciOiJIUzM4NCJ9.eyJzdWIiOiI1MDA0MTMiLCJ1c2VybmFtZSI6ImJlbmNoXzQyNjk0NjZfMTEyIiwiaWF0IjoxNzg5MDQ0MjY5LCJleHAiOjE3ODk2NDkwNjl9.q3lurz5Ml7qEsI6fVeUviXo66HBaq3QLex8cRCf8Jk_Fp_lmgu_zs8NjacxJM37H,19967
eyJhbGciOiJIUzM4NCJ9.eyJzdWIiOiI1MDA0MTAiLCJ1c2VybmFtZSI6ImJlbmNoXzQyNjk0MjBfMTA4IiwiaWF0IjoxNzg5MDQ0MjY5LCJleHAiOjE3ODk2NDkwNjl9.Jyjqh5qAh1CGaoip_tZNiQc0z0uyG3-y3c81nCgnQU_Xz2UJyYxDO6Vrr3yDzDLm,19965
eyJhbGciOiJIUzM4NCJ9.eyJzdWIiOiI1MDA0MTEiLCJ1c2VybmFtZSI6ImJlbmNoXzQyNjk0MzRfMTExIiwiaWF0IjoxNzg5MDQ0MjY5LCJleHAiOjE3ODk2NDkwNjl9.4ndLEe7N9QHbHkxMxxi7Awm0G0vuOglrhji5LuBXz1HeqaZdPXK9II4msr35Uq3N,19971
eyJhbGciOiJIUzM4NCJ9.eyJzdWIiOiI1MDA0MTciLCJ1c2VybmFtZSI6ImJlbmNoXzQyNjk0NzRfMTE1IiwiaWF0IjoxNzg5MDQ0MjY5LCJleHAiOjE3ODk2NDkwNjl9.64Xjc8crzLStJBlqo8pkUk6yUt3f3ggYYhi6Lw_M6prZoJd60n2UfdtjAoU_vBRt,19975
eyJhbGciOiJIUzM4NCJ9.eyJzdWIiOiI1MDA0MTUiLCJ1c2VybmFtZSI6ImJlbmNoXzQyNjk0NzRfMTE3IiwiaWF0IjoxNzg5MDQ0MjY5LCJleHAiOjE3ODk2NDkwNjl9.Ur5stlxdkX7EiV4XjR15JBjTY__2A-xR-y2XpdfSUY0RXLPZvIxGlU4nUGREdTXM,19966
eyJhbGciOiJIUzM4NCJ9.eyJzdWIiOiI1MDA0MTgiLCJ1c2VybmFtZSI6ImJlbmNoXzQyNjk0NzRfMTE2IiwiaWF0IjoxNzg5MDQ0MjY5LCJleHAiOjE3ODk2NDkwNjl9.WhpxO6lcbeJmDngZYRjfqSSY6UeqeT7uQiqEpmqvQno6oPomFHPmbuCQXYwRB-l7,19973
eyJhbGciOiJIUzM4NCJ9.eyJzdWIiOiI1MDA0MTkiLCJ1c2VybmFtZSI6ImJlbmNoXzQyNjk0NzRfMTE4IiwiaWF0IjoxNzg5MDQ0MjY5LCJleHAiOjE3ODk2NDkwNjl9.pToPh268t1l7DkxenhqgUNtzbbmiJV-Mcb109k7BAdV6B32CrjqDTRyrNlAZeLzO,19976
eyJhbGciOiJIUzM4NCJ9.eyJzdWIiOiI1MDA0MjQiLCJ1c2VybmFtZSI6ImJlbmNoXzQyNjk2NTFfMTE5IiwiaWF0IjoxNzg5MDQ0MjcwLCJleHAiOjE3ODk2NDkwNzB9.qO-jMiKM286lsHv9vXwY_qkc7YX0dYTTOjGdG4t_4SHFp9SBZa5ztJ-tbf-35cPK,19978
eyJhbGciOiJIUzM4NCJ9.eyJzdWIiOiI1MDA0MjEiLCJ1c2VybmFtZSI6ImJlbmNoXzQyNjk2NThfMTIyIiwiaWF0IjoxNzg5MDQ0MjcwLCJleHAiOjE3ODk2NDkwNzB9.BjsVAygWXLwZuF9z8vtFnS1NbD9_dtXmQSgAHSAeiJMiRsdBDB7-5dpdbTu7tpqY,19979
eyJhbGciOiJIUzM4NCJ9.eyJzdWIiOiI1MDA0MjAiLCJ1c2VybmFtZSI6ImJlbmNoXzQyNjk2NTNfMTIwIiwiaWF0IjoxNzg5MDQ0MjY5LCJleHAiOjE3ODk2NDkwNjl9.JPwS2y3L-9laQFQ2KsalnDLM8LQL940ZyvBCP0JrLvD5P7orZYuu2VSdSlVAS_NR,19977
eyJhbGciOiJIUzM4NCJ9.eyJzdWIiOiI1MDA0MjMiLCJ1c2VybmFtZSI6ImJlbmNoXzQyNjk2NThfMTIzIiwiaWF0IjoxNzg5MDQ0MjcwLCJleHAiOjE3ODk2NDkwNzB9.RRfImEaWI3TSkuGSAkGiUWSX0sPhzBi7VSlZXELDiGYL2RUHKfvi1cSusBXV1MR5,19980
eyJhbGciOiJIUzM4NCJ9.eyJzdWIiOiI1MDA0MjIiLCJ1c2VybmFtZSI6ImJlbmNoXzQyNjk2NTdfMTIxIiwiaWF0IjoxNzg5MDQ0MjcwLCJleHAiOjE3ODk2NDkwNzB9.nuSnrdfKvZT1FB3AZkSYDu6mSZBowdVWNJYwIhhY-q4k3Ina0lDo94xGI4Y-F0nm,19981
eyJhbGciOiJIUzM4NCJ9.eyJzdWIiOiI1MDA0MzMiLCJ1c2VybmFtZSI6ImJlbmNoXzQyNjk4NzdfMTMyIiwiaWF0IjoxNzg5MDQ0MjcwLCJleHAiOjE3ODk2NDkwNzB9.U-w_ApxMbErsbLe7dLkTXLtJV_Qb9MroSaYvWDnf5jDBXrrKk9euRbiw3vwVcGaX,19986
eyJhbGciOiJIUzM4NCJ9.eyJzdWIiOiI1MDA0MjYiLCJ1c2VybmFtZSI6ImJlbmNoXzQyNjk4NzNfMTI3IiwiaWF0IjoxNzg5MDQ0MjcwLCJleHAiOjE3ODk2NDkwNzB9.Qppka86ysqJ3l7UvNXugDYUjtgGDd0-lP7wntHRQM0bsxID7VS1x17W3Ank0LG0n,19984
eyJhbGciOiJIUzM4NCJ9.eyJzdWIiOiI1MDA0MzQiLCJ1c2VybmFtZSI6ImJlbmNoXzQyNjk4ODBfMTM1IiwiaWF0IjoxNzg5MDQ0MjcwLCJleHAiOjE3ODk2NDkwNzB9.xO3Ep-Q8U0AQDGxHNcnLCCO8zEjMQ5v0PrRaZ1CEC5Zg0EWu_2bV2gjZTgnOIkWM,19988
eyJhbGciOiJIUzM4NCJ9.eyJzdWIiOiI1MDA0MjkiLCJ1c2VybmFtZSI6ImJlbmNoXzQyNjk4ODNfMTM3IiwiaWF0IjoxNzg5MDQ0MjcwLCJleHAiOjE3ODk2NDkwNzB9.7isNdHcXBlZSa5S7dp16Q78jn8xujQV3DDRY7QL-6E42o5ltiCkGI7SPB-jkD8p6,19985
eyJhbGciOiJIUzM4NCJ9.eyJzdWIiOiI1MDA0MjciLCJ1c2VybmFtZSI6ImJlbmNoXzQyNjk4NzNfMTI4IiwiaWF0IjoxNzg5MDQ0MjcwLCJleHAiOjE3ODk2NDkwNzB9.mTmLP4rLpUIxLq0VP5PjA4yIr-cmO6gjCuAR7sbZONllfFcE0aEQokbOBSujBKS-,19983
eyJhbGciOiJIUzM4NCJ9.eyJzdWIiOiI1MDA0MzYiLCJ1c2VybmFtZSI6ImJlbmNoXzQyNjk4NzVfMTI5IiwiaWF0IjoxNzg5MDQ0MjcwLCJleHAiOjE3ODk2NDkwNzB9.vBQIqedlAKul3A5JJEZJoYIwUdLe4JspT5KLCxdQvLiNfnT613mKd11O5Q-Xv9nC,19990
eyJhbGciOiJIUzM4NCJ9.eyJzdWIiOiI1MDA0MzAiLCJ1c2VybmFtZSI6ImJlbmNoXzQyNjk4NzZfMTMwIiwiaWF0IjoxNzg5MDQ0MjcwLCJleHAiOjE3ODk2NDkwNzB9.cFgLrjLEFWxcojoiPTo4WediI_HA1aFCXCDFfaEUjN5BmcRxmCKEqAodOdBBdOUR,19982
eyJhbGciOiJIUzM4NCJ9.eyJzdWIiOiI1MDA0MzEiLCJ1c2VybmFtZSI6ImJlbmNoXzQyNjk4MjFfMTI1IiwiaWF0IjoxNzg5MDQ0MjcwLCJleHAiOjE3ODk2NDkwNzB9.FU6NMBH5LDi6RictqZ32q2cDyHAMuuwwJuLThsRu3kc830BIZscXLnSr6HGmkUyF,19987
eyJhbGciOiJIUzM4NCJ9.eyJzdWIiOiI1MDA0MzgiLCJ1c2VybmFtZSI6ImJlbmNoXzQyNjk4NzZfMTMxIiwiaWF0IjoxNzg5MDQ0MjcwLCJleHAiOjE3ODk2NDkwNzB9.ZrvnNEokV6zQVlTnJnVYUndHor9OmI2O5diqEvgvuRGO3OWVCF0wpV2XgfG0k6LL,19993
eyJhbGciOiJIUzM4NCJ9.eyJzdWIiOiI1MDA0MzUiLCJ1c2VybmFtZSI6ImJlbmNoXzQyNjk4ODBfMTM2IiwiaWF0IjoxNzg5MDQ0MjcwLCJleHAiOjE3ODk2NDkwNzB9.MOUVQcWfkcDR8yd5a8D3RLKOLr9ylVSKWKrQKsxEzf9hzcftoWrDtbNifuU1bmDD,19994
eyJhbGciOiJIUzM4NCJ9.eyJzdWIiOiI1MDA0MjUiLCJ1c2VybmFtZSI6ImJlbmNoXzQyNjk4ODBfMTM0IiwiaWF0IjoxNzg5MDQ0MjcwLCJleHAiOjE3ODk2NDkwNzB9.DnVT6CZ0RnbVHoHfXZAzPky4OQ836NMw5CttrINz6DnfONom3aMz6J6bZk06zs6M,19992
eyJhbGciOiJIUzM4NCJ9.eyJzdWIiOiI1MDA0MjgiLCJ1c2VybmFtZSI6ImJlbmNoXzQyNjk4NzJfMTI2IiwiaWF0IjoxNzg5MDQ0MjcwLCJleHAiOjE3ODk2NDkwNzB9.HgKzU0oCQZM-N9FYBrdgwyckP6tjtMvbLLdl5rUd8JSgWNPk0qAUpc_k5phO_myk,19989
eyJhbGciOiJIUzM4NCJ9.eyJzdWIiOiI1MDA0MzciLCJ1c2VybmFtZSI6ImJlbmNoXzQyNjk4ODBfMTMzIiwiaWF0IjoxNzg5MDQ0MjcwLCJleHAiOjE3ODk2NDkwNzB9.CY71GkRMXW1Lq9WEAcPjc-bOYMmL2btKJY28WLHQAKRNCDfTa-hXDwpyh4k4VEbC,19991
eyJhbGciOiJIUzM4NCJ9.eyJzdWIiOiI1MDA0MzIiLCJ1c2VybmFtZSI6ImJlbmNoXzQyNjk4MTZfMTI0IiwiaWF0IjoxNzg5MDQ0MjcwLCJleHAiOjE3ODk2NDkwNzB9.wgNgMIetillr530EV4DN7CUKNpAwUt-Y6TQAufXi_7QZwVf3kwsusJNXzBjSpV6D,19995
eyJhbGciOiJIUzM4NCJ9.eyJzdWIiOiI1MDA0MzkiLCJ1c2VybmFtZSI6ImJlbmNoXzQyNjk5NjJfMTM4IiwiaWF0IjoxNzg5MDQ0MjcwLCJleHAiOjE3ODk2NDkwNzB9.b9IwwJeXIS7sdV4fvdEERfDegdR076u99jr8z3Pf2B9mImwarOfg_GZ4gN7KZLBV,19996
eyJhbGciOiJIUzM4NCJ9.eyJzdWIiOiI1MDA0NDAiLCJ1c2VybmFtZSI6ImJlbmNoXzQyNzAwOTBfMTQxIiwiaWF0IjoxNzg5MDQ0MjcwLCJleHAiOjE3ODk2NDkwNzB9.o2XlcbY0pGYNmGt1zhzjCNSMpAuZFOxUL9TaGy98Bo-_KkAmhJ31NjsFn-0TCWeg,19997
eyJhbGciOiJIUzM4NCJ9.eyJzdWIiOiI1MDA0NDMiLCJ1c2VybmFtZSI6ImJlbmNoXzQyNzAxMDVfMTQyIiwiaWF0IjoxNzg5MDQ0MjcwLCJleHAiOjE3ODk2NDkwNzB9.4kgp5B1zXmn6CfwU_s8EPKlRAZ1zgd4OYEBiR_BvKvryHiamWG3ZRvrhCikeoR9H,19998
eyJhbGciOiJIUzM4NCJ9.eyJzdWIiOiI1MDA0NDEiLCJ1c2VybmFtZSI6ImJlbmNoXzQyNzAwODJfMTQwIiwiaWF0IjoxNzg5MDQ0MjcwLCJleHAiOjE3ODk2NDkwNzB9.OLXeahV25WhPnz1QUpD-gAKKayBmdDO8dz-i2KtlmGnTkPLvgDI0M7ehgxk2_EfM,19999
eyJhbGciOiJIUzM4NCJ9.eyJzdWIiOiI1MDA0NDIiLCJ1c2VybmFtZSI6ImJlbmNoXzQyNzAwODFfMTM5IiwiaWF0IjoxNzg5MDQ0MjcwLCJleHAiOjE3ODk2NDkwNzB9.kBhse9-mSlwJ6SGHTXBfXbo9413muKO6DNXDWTt7gCjNSxe9y3d8KvGhlCSUlxJO,20000
eyJhbGciOiJIUzM4NCJ9.eyJzdWIiOiI1MDA0NTAiLCJ1c2VybmFtZSI6ImJlbmNoXzQyNzAzMDhfMTQ1IiwiaWF0IjoxNzg5MDQ0MjcwLCJleHAiOjE3ODk2NDkwNzB9.F8tyd20s1xuPXUfOwvJoK5GohPjI5oUH6WwfrrdypE8f9qKJ180jH-ubCgrZtfvj,20003
eyJhbGciOiJIUzM4NCJ9.eyJzdWIiOiI1MDA0NDYiLCJ1c2VybmFtZSI6ImJlbmNoXzQyNzAzMTBfMTQ5IiwiaWF0IjoxNzg5MDQ0MjcwLCJleHAiOjE3ODk2NDkwNzB9.a3tH0q7nes0lRiPjQ8VNRvbmBUJFpFbta25N2ljpHWIsZyvk-u6hg9r_XYbkrCvc,20002
eyJhbGciOiJIUzM4NCJ9.eyJzdWIiOiI1MDA0NDQiLCJ1c2VybmFtZSI6ImJlbmNoXzQyNzAyNDJfMTQzIiwiaWF0IjoxNzg5MDQ0MjcwLCJleHAiOjE3ODk2NDkwNzB9.CbB1nuQxobzUR__0U1gfV9Zj4nmIu4gHzguRgBiRRXX27H1Q8h6guRR8N-GfjK8v,20001
eyJhbGciOiJIUzM4NCJ9.eyJzdWIiOiI1MDA0NTEiLCJ1c2VybmFtZSI6ImJlbmNoXzQyNzAzNDFfMTUzIiwiaWF0IjoxNzg5MDQ0MjcwLCJleHAiOjE3ODk2NDkwNzB9.2qRPJR37kqWI4RsrA2VpnTjGsKBmKaFze7tYFvJBVywtc1sJUiNcHV8lzAGEl9AP,20005
eyJhbGciOiJIUzM4NCJ9.eyJzdWIiOiI1MDA0NDUiLCJ1c2VybmFtZSI6ImJlbmNoXzQyNzAzMTJfMTUxIiwiaWF0IjoxNzg5MDQ0MjcwLCJleHAiOjE3ODk2NDkwNzB9.6lAnhV9PBCPWAH5PfsV0bOYqfnpVD0_oXsaios9yIHfZTzi-bVpquWrCpLoHEeaR,20004
eyJhbGciOiJIUzM4NCJ9.eyJzdWIiOiI1MDA0NDkiLCJ1c2VybmFtZSI6ImJlbmNoXzQyNzAzMDZfMTQ0IiwiaWF0IjoxNzg5MDQ0MjcwLCJleHAiOjE3ODk2NDkwNzB9.kB9ao9VcaUfeM9ntDvjMvgA3DrobPIkh5tKUrtv9HoUIehOACm6_PBYtY18Nfa4u,20006
eyJhbGciOiJIUzM4NCJ9.eyJzdWIiOiI1MDA0NDgiLCJ1c2VybmFtZSI6ImJlbmNoXzQyNzAzMDhfMTQ2IiwiaWF0IjoxNzg5MDQ0MjcwLCJleHAiOjE3ODk2NDkwNzB9.9-XoTZ0vg_KqV533vJxETP-TGmPrHnPybrJJuE3KgfU5U_0KwbUVs5oUB3sNsJMj,20007
eyJhbGciOiJIUzM4NCJ9.eyJzdWIiOiI1MDA0NTIiLCJ1c2VybmFtZSI6ImJlbmNoXzQyNzAzNTBfMTU2IiwiaWF0IjoxNzg5MDQ0MjcwLCJleHAiOjE3ODk2NDkwNzB9.W-U5TSEZpurRLL7KWnCQCI2L0dG3zhOVH11iv2yKPi29MR54m-YtzsDQNlgVqKuR,20009
eyJhbGciOiJIUzM4NCJ9.eyJzdWIiOiI1MDA0NDciLCJ1c2VybmFtZSI6ImJlbmNoXzQyNzAzMDlfMTQ3IiwiaWF0IjoxNzg5MDQ0MjcwLCJleHAiOjE3ODk2NDkwNzB9.m8w5T6tQFuTDwOHAyg60NGdr7XtxS6b4WJqfmJaxVAJ8hgq4ZCTeDbs5xWNgpEJx,20008
eyJhbGciOiJIUzM4NCJ9.eyJzdWIiOiI1MDA0NTMiLCJ1c2VybmFtZSI6ImJlbmNoXzQyNzAzMDlfMTQ4IiwiaWF0IjoxNzg5MDQ0MjcwLCJleHAiOjE3ODk2NDkwNzB9.UU2Z-apgsfgWOPWSGI3YJa99LZJHlokTSx5iFLviWtTDs8AIOmx5Rt1JeQNw4lNg,20011
eyJhbGciOiJIUzM4NCJ9.eyJzdWIiOiI1MDA0NTYiLCJ1c2VybmFtZSI6ImJlbmNoXzQyNzAzNDlfMTU0IiwiaWF0IjoxNzg5MDQ0MjcwLCJleHAiOjE3ODk2NDkwNzB9.PteO7Mco__rxTzcLJwH7wbQFEjHgmibusnT4bGwsGMb2TxY44B3K3XcXzVKM4cHu,20012
eyJhbGciOiJIUzM4NCJ9.eyJzdWIiOiI1MDA0NTQiLCJ1c2VybmFtZSI6ImJlbmNoXzQyNzAzMTFfMTUwIiwiaWF0IjoxNzg5MDQ0MjcwLCJleHAiOjE3ODk2NDkwNzB9.XI0ewO-palhdNz6m3-CpuC6TI46sF04YJz5xTqbqjmU2YV3e8lhYmfuhkhLwSKve,20010
eyJhbGciOiJIUzM4NCJ9.eyJzdWIiOiI1MDA0NTUiLCJ1c2VybmFtZSI6ImJlbmNoXzQyNzAzNTBfMTU1IiwiaWF0IjoxNzg5MDQ0MjcwLCJleHAiOjE3ODk2NDkwNzB9.mF-o16ZtZCmNO0H7gdM8O8FW7-lHyWVJUZpNOkoDIW5ejdriNQJtHxUy_2FcBUqB,20013
eyJhbGciOiJIUzM4NCJ9.eyJzdWIiOiI1MDA0NTciLCJ1c2VybmFtZSI6ImJlbmNoXzQyNzAzNTFfMTU3IiwiaWF0IjoxNzg5MDQ0MjcwLCJleHAiOjE3ODk2NDkwNzB9.cT_Ff2N3xrLfOh0JBSYu_Pl8Ti4YMPAzZ_TLvsZVyqoPo8xkFo_nU9TX_oDcJi9z,20014
eyJhbGciOiJIUzM4NCJ9.eyJzdWIiOiI1MDA0NTgiLCJ1c2VybmFtZSI6ImJlbmNoXzQyNzAzNDFfMTUyIiwiaWF0IjoxNzg5MDQ0MjcwLCJleHAiOjE3ODk2NDkwNzB9.-6U3PiNqbxNjzRjLA9vHWD5tlKFrOQvlCEjjMN3KH9C7ToFzAb66CvA1pnrJiFvp,20015
eyJhbGciOiJIUzM4NCJ9.eyJzdWIiOiI1MDA0NTkiLCJ1c2VybmFtZSI6ImJlbmNoXzQyNzA0OTBfMTU4IiwiaWF0IjoxNzg5MDQ0MjcwLCJleHAiOjE3ODk2NDkwNzB9.cscYRpWl35I-FHlTZ19NemN05LY5goWSwfdd38xRNZJbaRr8v6hBSO5YJmnrDKF4,20016
eyJhbGciOiJIUzM4NCJ9.eyJzdWIiOiI1MDA0NjAiLCJ1c2VybmFtZSI6ImJlbmNoXzQyNzA1MDNfMTU5IiwiaWF0IjoxNzg5MDQ0MjcwLCJleHAiOjE3ODk2NDkwNzB9.QHNeA52-1mcKZQaSqfHRqP1lfJspRoDtEatFYWJsgPBVKnyrHM6uv48liZwKsO0c,20017
eyJhbGciOiJIUzM4NCJ9.eyJzdWIiOiI1MDA0NjEiLCJ1c2VybmFtZSI6ImJlbmNoXzQyNzA1MjVfMTYwIiwiaWF0IjoxNzg5MDQ0MjcwLCJleHAiOjE3ODk2NDkwNzB9.mJAuV8Wl3EuYTY6UkYylihgQ9iR1H93GoyvgU36LbzE3ZdQDmaPog6W2wHvYNcxw,20018
eyJhbGciOiJIUzM4NCJ9.eyJzdWIiOiI1MDA0NjMiLCJ1c2VybmFtZSI6ImJlbmNoXzQyNzA2MThfMTYyIiwiaWF0IjoxNzg5MDQ0MjcwLCJleHAiOjE3ODk2NDkwNzB9.6g441HYiaFbxGYyu_-cxnUacwBm6KSE707Q29mcfrZIYd3Vb8BbdqcND_qjhGBHt,20019
eyJhbGciOiJIUzM4NCJ9.eyJzdWIiOiI1MDA0NjgiLCJ1c2VybmFtZSI6ImJlbmNoXzQyNzA3MDlfMTcxIiwiaWF0IjoxNzg5MDQ0MjcxLCJleHAiOjE3ODk2NDkwNzF9.hIkqElrrQuRPJNYF2OsGBckosBZIZCZEoV2TMqcTCnTCEkdHd-WVRfd0H96lRBuw,20021
eyJhbGciOiJIUzM4NCJ9.eyJzdWIiOiI1MDA0NjUiLCJ1c2VybmFtZSI6ImJlbmNoXzQyNzA3MDRfMTY4IiwiaWF0IjoxNzg5MDQ0MjcxLCJleHAiOjE3ODk2NDkwNzF9.Ing1-3w0FyRak3G4VjY0OYNMSfpJlXCdYdCocBrdWh0MnxPmCezOTGuYxF808Enj,20023
eyJhbGciOiJIUzM4NCJ9.eyJzdWIiOiI1MDA0NjciLCJ1c2VybmFtZSI6ImJlbmNoXzQyNzA3MDhfMTcwIiwiaWF0IjoxNzg5MDQ0MjcxLCJleHAiOjE3ODk2NDkwNzF9.jGLqybRLkJd3RchV-BEI4mK7Y1jnFRfPdKkPJc8cv36yxbWkaMnpkGsT-DegNxHS,20022
eyJhbGciOiJIUzM4NCJ9.eyJzdWIiOiI1MDA0NjIiLCJ1c2VybmFtZSI6ImJlbmNoXzQyNzA2MTVfMTYxIiwiaWF0IjoxNzg5MDQ0MjcwLCJleHAiOjE3ODk2NDkwNzB9.oDGMR-SZ6bJ7lqgKLDbZyUrwCmOJKvITQY3KKOPjpUQyTftFRqOT5NeLFmlql-B4,20020
eyJhbGciOiJIUzM4NCJ9.eyJzdWIiOiI1MDA0NzAiLCJ1c2VybmFtZSI6ImJlbmNoXzQyNzA3MDVfMTY5IiwiaWF0IjoxNzg5MDQ0MjcxLCJleHAiOjE3ODk2NDkwNzF9.2rbUgGSh5fwuOcFRzehCek1TT_OmJN7Gj_wCpBKh5e5tK7036HHM8Pr6pBOTG0Bz,20024
eyJhbGciOiJIUzM4NCJ9.eyJzdWIiOiI1MDA0NjQiLCJ1c2VybmFtZSI6ImJlbmNoXzQyNzA2OTdfMTYzIiwiaWF0IjoxNzg5MDQ0MjcxLCJleHAiOjE3ODk2NDkwNzF9.D9HVIFMVPs3hCL0NR7D3be5RTPN_FjeG4H5WMdZX-YYHl0301tOxMUxLea6A4u0d,20026
eyJhbGciOiJIUzM4NCJ9.eyJzdWIiOiI1MDA0NjYiLCJ1c2VybmFtZSI6ImJlbmNoXzQyNzA3MDBfMTY1IiwiaWF0IjoxNzg5MDQ0MjcxLCJleHAiOjE3ODk2NDkwNzF9.-MX8L2NfVu2Elb5cacQb3e8bVA1NEgHhYEgrVjxQofznXLDEm5kFHtVrU3HUw_iR,20025
eyJhbGciOiJIUzM4NCJ9.eyJzdWIiOiI1MDA0NjkiLCJ1c2VybmFtZSI6ImJlbmNoXzQyNzA3MDBfMTY0IiwiaWF0IjoxNzg5MDQ0MjcxLCJleHAiOjE3ODk2NDkwNzF9.uWmAjcB2Dkv4i-hUh98uVeQRUY0w_9jn7RUlHPXvHGlHMn_xfNB7NE_hqa_PXp7F,20027
eyJhbGciOiJIUzM4NCJ9.eyJzdWIiOiI1MDA0NzMiLCJ1c2VybmFtZSI6ImJlbmNoXzQyNzA3NDZfMTc0IiwiaWF0IjoxNzg5MDQ0MjcxLCJleHAiOjE3ODk2NDkwNzF9.i8ZaDhiapgppBoWHYUlATK-WDIqAVRE597IV4PlqLcHMabFxKFh3o-72LfI-AIme,20028
eyJhbGciOiJIUzM4NCJ9.eyJzdWIiOiI1MDA0NzIiLCJ1c2VybmFtZSI6ImJlbmNoXzQyNzA3MDRfMTY3IiwiaWF0IjoxNzg5MDQ0MjcxLCJleHAiOjE3ODk2NDkwNzF9.O5pKZdlR74-HtCFgfC3HsYPPehxYn9q4wK2vJGU6Zo5kPEV4fjQY0wujs5u9vFAU,20030
eyJhbGciOiJIUzM4NCJ9.eyJzdWIiOiI1MDA0NzQiLCJ1c2VybmFtZSI6ImJlbmNoXzQyNzA3NDZfMTc1IiwiaWF0IjoxNzg5MDQ0MjcxLCJleHAiOjE3ODk2NDkwNzF9.2-41mdqlQdxFKf9JBMm5LBdB9-7TSkg6-49m5NJiuK8466HlmBKD1LDw15ADTQLy,20029
eyJhbGciOiJIUzM4NCJ9.eyJzdWIiOiI1MDA0NzUiLCJ1c2VybmFtZSI6ImJlbmNoXzQyNzA3NDJfMTcyIiwiaWF0IjoxNzg5MDQ0MjcxLCJleHAiOjE3ODk2NDkwNzF9.V8RbgkuN3BYSNSJjAvN1DGJMhrKTuEQs8jGewZ4HaDOlw6nO1CCqIT6RWwFGZMYF,20031
eyJhbGciOiJIUzM4NCJ9.eyJzdWIiOiI1MDA0NzYiLCJ1c2VybmFtZSI6ImJlbmNoXzQyNzA3NDVfMTczIiwiaWF0IjoxNzg5MDQ0MjcxLCJleHAiOjE3ODk2NDkwNzF9.DKNk5h0hU08bt4CwHGEsdfbUMB9ErushVlxRYbidaKbsIRRyAp6tx3T4l6ZG3EiT,20032
eyJhbGciOiJIUzM4NCJ9.eyJzdWIiOiI1MDA0NzEiLCJ1c2VybmFtZSI6ImJlbmNoXzQyNzA3MDNfMTY2IiwiaWF0IjoxNzg5MDQ0MjcxLCJleHAiOjE3ODk2NDkwNzF9.2Xizb6WCaXuFuEwDgPUpHwkVP9UscVlAk5syHJKAKUd7VexsevlErS1uTFGwtOiU,20033
eyJhbGciOiJIUzM4NCJ9.eyJzdWIiOiI1MDA0NzciLCJ1c2VybmFtZSI6ImJlbmNoXzQyNzA4NzFfMTc4IiwiaWF0IjoxNzg5MDQ0MjcxLCJleHAiOjE3ODk2NDkwNzF9.SHyCA9rZGQWHI6unrW_x2bqa_KfdclBR2Iq-r5M3hYEnR351zr6PWd0UpyH5g4gs,20034
eyJhbGciOiJIUzM4NCJ9.eyJzdWIiOiI1MDA0NzgiLCJ1c2VybmFtZSI6ImJlbmNoXzQyNzA4NzFfMTc3IiwiaWF0IjoxNzg5MDQ0MjcxLCJleHAiOjE3ODk2NDkwNzF9.30hAElp3OH1cnwTmunCxGKFilMcLQfJJpwx5rO1SMXBjgmPkMfqPs9Vbpd9gVYTY,20035
eyJhbGciOiJIUzM4NCJ9.eyJzdWIiOiI1MDA0NzkiLCJ1c2VybmFtZSI6ImJlbmNoXzQyNzA4NjJfMTc2IiwiaWF0IjoxNzg5MDQ0MjcxLCJleHAiOjE3ODk2NDkwNzF9.vXXzTowq2EzdNBX_JhM6WUVoKQqNUoj0TU7soDx3Mh8mIQs5GGCEyGlqVZT1LueU,20037
eyJhbGciOiJIUzM4NCJ9.eyJzdWIiOiI1MDA0ODEiLCJ1c2VybmFtZSI6ImJlbmNoXzQyNzA4ODZfMTgwIiwiaWF0IjoxNzg5MDQ0MjcxLCJleHAiOjE3ODk2NDkwNzF9.OabuaYYjQ1ObciwAgdlE3mQaYtkFbQXNGXhMBrrMeuxKf0ZKV22BJjJ5OYIysVqy,20038
eyJhbGciOiJIUzM4NCJ9.eyJzdWIiOiI1MDA0ODAiLCJ1c2VybmFtZSI6ImJlbmNoXzQyNzA4ODNfMTc5IiwiaWF0IjoxNzg5MDQ0MjcxLCJleHAiOjE3ODk2NDkwNzF9.r8sEDypBBeZalEpwxS4OZ6VGLuRiYCRucUkEUJrQHNRNuR1wWr9BGhHH5Wl4jJK8,20036
eyJhbGciOiJIUzM4NCJ9.eyJzdWIiOiI1MDA0ODMiLCJ1c2VybmFtZSI6ImJlbmNoXzQyNzEwODlfMTgyIiwiaWF0IjoxNzg5MDQ0MjcxLCJleHAiOjE3ODk2NDkwNzF9.hVIgZCcoZfpvw_HUuFYQdLKxPw-TsBsti70tfgmBks6-LNAf2P-20HQMdtwoN5WN,20039
eyJhbGciOiJIUzM4NCJ9.eyJzdWIiOiI1MDA0ODQiLCJ1c2VybmFtZSI6ImJlbmNoXzQyNzExMDBfMTg2IiwiaWF0IjoxNzg5MDQ0MjcxLCJleHAiOjE3ODk2NDkwNzF9.ldYUSF6iU5xDdwoOfrv-NbIwLRil-Js3JDamOmojidZ25h-5hzwGPoZHpHWeinkv,20040
eyJhbGciOiJIUzM4NCJ9.eyJzdWIiOiI1MDA0ODciLCJ1c2VybmFtZSI6ImJlbmNoXzQyNzEwOTVfMTg1IiwiaWF0IjoxNzg5MDQ0MjcxLCJleHAiOjE3ODk2NDkwNzF9.Iw98SXaMTPGtfhHUgqU2_0CD2M2psAoT8KzO0wF6F1_i40JJjShWpHcRe8iBYxIW,20043
eyJhbGciOiJIUzM4NCJ9.eyJzdWIiOiI1MDA0ODkiLCJ1c2VybmFtZSI6ImJlbmNoXzQyNzExMDJfMTg3IiwiaWF0IjoxNzg5MDQ0MjcxLCJleHAiOjE3ODk2NDkwNzF9.kIY0K2zSWoJXSqp4TEb8xuZ2uMKLUfyDKarTdKNnkkljAN9fi18z8lFhnSwCT3sG,20042
eyJhbGciOiJIUzM4NCJ9.eyJzdWIiOiI1MDA0OTAiLCJ1c2VybmFtZSI6ImJlbmNoXzQyNzEwOTNfMTgzIiwiaWF0IjoxNzg5MDQ0MjcxLCJleHAiOjE3ODk2NDkwNzF9.jLb6xBxpWUK_tDGGWeLZgYE_xsYJXXdpnYer16XjsYN_vS-G26ZpRmvh_mM7sa7c,20048
eyJhbGciOiJIUzM4NCJ9.eyJzdWIiOiI1MDA0ODYiLCJ1c2VybmFtZSI6ImJlbmNoXzQyNzEwOTVfMTg0IiwiaWF0IjoxNzg5MDQ0MjcxLCJleHAiOjE3ODk2NDkwNzF9.NBAwkJbpuRjTwqrXUy6JDyqWri5IZ_oyr_0MfLax4jSd4shY3lSU3OB1D0VWEm5a,20045
eyJhbGciOiJIUzM4NCJ9.eyJzdWIiOiI1MDA0OTEiLCJ1c2VybmFtZSI6ImJlbmNoXzQyNzExMDRfMTg4IiwiaWF0IjoxNzg5MDQ0MjcxLCJleHAiOjE3ODk2NDkwNzF9.91zo0N1vWpGCOmimI0r9UZBezOnp_SrRUx2ln2EtSJWJq5W5v-1KkhMcz-Xz-3zj,20047
eyJhbGciOiJIUzM4NCJ9.eyJzdWIiOiI1MDA0ODgiLCJ1c2VybmFtZSI6ImJlbmNoXzQyNzExMDVfMTg5IiwiaWF0IjoxNzg5MDQ0MjcxLCJleHAiOjE3ODk2NDkwNzF9.7eofkEKCWUYpDTJJ8pvNo70VqkvUojx3R5JMPLds7qZ7blc5ieY8FjpqA0ybKkJL,20041
eyJhbGciOiJIUzM4NCJ9.eyJzdWIiOiI1MDA0ODIiLCJ1c2VybmFtZSI6ImJlbmNoXzQyNzEwODNfMTgxIiwiaWF0IjoxNzg5MDQ0MjcxLCJleHAiOjE3ODk2NDkwNzF9.g_nkAYEE3Lm3GgL_JBNLo3NvvQdqb2Uha5YIOg67WwBxoiT_D6eS7X0p4iC7l0uW,20046
eyJhbGciOiJIUzM4NCJ9.eyJzdWIiOiI1MDA0ODUiLCJ1c2VybmFtZSI6ImJlbmNoXzQyNzExMDZfMTkwIiwiaWF0IjoxNzg5MDQ0MjcxLCJleHAiOjE3ODk2NDkwNzF9.bAO7Jav7aKKbSdybBS-jXj7YD-NuM5j1g30wdamMCr_MSi8hxBEs4NrxUQ37j5vM,20044
eyJhbGciOiJIUzM4NCJ9.eyJzdWIiOiI1MDA0OTIiLCJ1c2VybmFtZSI6ImJlbmNoXzQyNzExNjhfMTkyIiwiaWF0IjoxNzg5MDQ0MjcxLCJleHAiOjE3ODk2NDkwNzF9.Cd6xv6-ekDpFQD55-uIkJTuLfSSLlhOcpwjPhAPl_zXN7luC3FW8GQfNxOswhO-n,20049
eyJhbGciOiJIUzM4NCJ9.eyJzdWIiOiI1MDA0OTQiLCJ1c2VybmFtZSI6ImJlbmNoXzQyNzExNjVfMTkxIiwiaWF0IjoxNzg5MDQ0MjcxLCJleHAiOjE3ODk2NDkwNzF9.wI59iQnp9zqzGTsMAD73V3wbp8UXtuYf3T0Vh4BcJ3oFiG-VkaAIsRnssPGgC0V9,20051
eyJhbGciOiJIUzM4NCJ9.eyJzdWIiOiI1MDA0OTYiLCJ1c2VybmFtZSI6ImJlbmNoXzQyNzExODVfMTk0IiwiaWF0IjoxNzg5MDQ0MjcxLCJleHAiOjE3ODk2NDkwNzF9._Kj5vX0yBeqNhsgVWegmp6YTZ0eIckDhQ1qOwDV1p1_EiEIiiA5OI0nl3yKP-0bR,20053
eyJhbGciOiJIUzM4NCJ9.eyJzdWIiOiI1MDA0OTgiLCJ1c2VybmFtZSI6ImJlbmNoXzQyNzEyODZfMTk3IiwiaWF0IjoxNzg5MDQ0MjcxLCJleHAiOjE3ODk2NDkwNzF9.UeFLT3DOvEX7LaNaGTPMXPp_MNEsxW12QuM7Pegn1z-_jgmKzzpKbaZ2ewc6fBhB,20052
eyJhbGciOiJIUzM4NCJ9.eyJzdWIiOiI1MDA0OTMiLCJ1c2VybmFtZSI6ImJlbmNoXzQyNzExODZfMTk1IiwiaWF0IjoxNzg5MDQ0MjcxLCJleHAiOjE3ODk2NDkwNzF9.854In0hB0pH6XHQ0X2TvTI_mbVSufnn8INHVdlv7Sj6tbnyVMgbSTfXigoMFRl01,20054
eyJhbGciOiJIUzM4NCJ9.eyJzdWIiOiI1MDA0OTUiLCJ1c2VybmFtZSI6ImJlbmNoXzQyNzExODVfMTkzIiwiaWF0IjoxNzg5MDQ0MjcxLCJleHAiOjE3ODk2NDkwNzF9.-JK2oxYyPPeNMawAltplYp3H78YRBTHT0mh1jMgPPHpaKsqe36Si1SJbL-j4Dje-,20050
eyJhbGciOiJIUzM4NCJ9.eyJzdWIiOiI1MDA0OTciLCJ1c2VybmFtZSI6ImJlbmNoXzQyNzEyNTZfMTk2IiwiaWF0IjoxNzg5MDQ0MjcxLCJleHAiOjE3ODk2NDkwNzF9.uGWH0VgX6DtwVqzixkSKZLVXclWSR5sIU8zb5O2psWQaQ7RHxBf3nXN126ECKPSj,20055
eyJhbGciOiJIUzM4NCJ9.eyJzdWIiOiI1MDA0OTkiLCJ1c2VybmFtZSI6ImJlbmNoXzQyNzEzMTFfMTk4IiwiaWF0IjoxNzg5MDQ0MjcxLCJleHAiOjE3ODk2NDkwNzF9.fXVBcHEMb36OmOWR5DtnQrm5e9uz0ZPGr8BWSjTVEUPEfimab7873hvPD-PLcyh-,20056
eyJhbGciOiJIUzM4NCJ9.eyJzdWIiOiI1MDA1MDAiLCJ1c2VybmFtZSI6ImJlbmNoXzQyNzEzMTZfMjAwIiwiaWF0IjoxNzg5MDQ0MjcxLCJleHAiOjE3ODk2NDkwNzF9.NBBszQJIuouD7dBZnBGWT3MsVsS4XgRCZ7agyYQLV7q6NILRB6_rnwH5xiR4a-SL,20057
eyJhbGciOiJIUzM4NCJ9.eyJzdWIiOiI1MDA1MDEiLCJ1c2VybmFtZSI6ImJlbmNoXzQyNzEzMTZfMTk5IiwiaWF0IjoxNzg5MDQ0MjcxLCJleHAiOjE3ODk2NDkwNzF9.svzYk-HpVruX5LzrjQ3H22SQb6sdufOiY-EhbcVHkBqWrJMu902mcdT76MdeP9Uz,20058
eyJhbGciOiJIUzM4NCJ9.eyJzdWIiOiI1MDA1MDgiLCJ1c2VybmFtZSI6ImJlbmNoXzQyNzE1MTdfMjA1IiwiaWF0IjoxNzg5MDQ0MjcxLCJleHAiOjE3ODk2NDkwNzF9.HnREqvzaomd2xXs5lnnjjqzeXSuJmQaQGS1XdzGCJkCqCCILyqe8Q5OPg3OtU872,20061
eyJhbGciOiJIUzM4NCJ9.eyJzdWIiOiI1MDA1MDQiLCJ1c2VybmFtZSI6ImJlbmNoXzQyNzE1MDNfMjAzIiwiaWF0IjoxNzg5MDQ0MjcxLCJleHAiOjE3ODk2NDkwNzF9.QhD2rDs2ZywFoxa7ir27YFOUpibZv-Jh_8nzYuwcohBu3kSKLFCjZS0P4iRdFFBU,20060
eyJhbGciOiJIUzM4NCJ9.eyJzdWIiOiI1MDA1MDIiLCJ1c2VybmFtZSI6ImJlbmNoXzQyNzE0NjRfMjAxIiwiaWF0IjoxNzg5MDQ0MjcxLCJleHAiOjE3ODk2NDkwNzF9.NqQ3Hv6m0zx5Kgrrkhz0tAMgITpIRuflHalW07nFV24PhUlWPaYiAY3asydb8iRm,20059
eyJhbGciOiJIUzM4NCJ9.eyJzdWIiOiI1MDA1MDMiLCJ1c2VybmFtZSI6ImJlbmNoXzQyNzE0NzFfMjAyIiwiaWF0IjoxNzg5MDQ0MjcxLCJleHAiOjE3ODk2NDkwNzF9.Q0QvFCrN5azOHGd5xQYDUXa1QYpwK9bg-RfrIWmshakJWHxnXfiU_si67DmZHgYl,20063
eyJhbGciOiJIUzM4NCJ9.eyJzdWIiOiI1MDA1MTAiLCJ1c2VybmFtZSI6ImJlbmNoXzQyNzE1MjBfMjA4IiwiaWF0IjoxNzg5MDQ0MjcxLCJleHAiOjE3ODk2NDkwNzF9.0CyCYZwm9mjkfAA9nqz8Zy_HOFoAsl7DaSDsJVBVMgRoj36ZbmYqttKBBhSwfGk_,20065
eyJhbGciOiJIUzM4NCJ9.eyJzdWIiOiI1MDA1MDUiLCJ1c2VybmFtZSI6ImJlbmNoXzQyNzE1MjFfMjEwIiwiaWF0IjoxNzg5MDQ0MjcxLCJleHAiOjE3ODk2NDkwNzF9.0Paf_9Z6AvzNswSNH9WmjTrPnAgQ2kuchTMJZ7dKtPKznOvcbdByV5aEJE-noM4R,20062
eyJhbGciOiJIUzM4NCJ9.eyJzdWIiOiI1MDA1MDkiLCJ1c2VybmFtZSI6ImJlbmNoXzQyNzE1MTdfMjA2IiwiaWF0IjoxNzg5MDQ0MjcxLCJleHAiOjE3ODk2NDkwNzF9.Oz0kMhdiDhEHN8foUgBtl-u66zMgdr7FD1KCsyB_FPQSMu09vx0OPviyfF_EeOfh,20064
eyJhbGciOiJIUzM4NCJ9.eyJzdWIiOiI1MDA1MDYiLCJ1c2VybmFtZSI6ImJlbmNoXzQyNzE1MjBfMjA5IiwiaWF0IjoxNzg5MDQ0MjcxLCJleHAiOjE3ODk2NDkwNzF9.k-8pPuwNnn5nB9zdtxZlSEjZKS5AH3cIbfF7yBS9bsxO4kc_6aFmAhONBuY3nokB,20067
eyJhbGciOiJIUzM4NCJ9.eyJzdWIiOiI1MDA1MDciLCJ1c2VybmFtZSI6ImJlbmNoXzQyNzE1MTlfMjA3IiwiaWF0IjoxNzg5MDQ0MjcxLCJleHAiOjE3ODk2NDkwNzF9.FGsgEvEuITdqQ89Y3lJJYzmor6rUO6MjKK0Nt1ewFPpXZhYdHnMU91-avDjQtQnf,20066
eyJhbGciOiJIUzM4NCJ9.eyJzdWIiOiI1MDA1MTgiLCJ1c2VybmFtZSI6ImJlbmNoXzQyNzE2NzRfMjE0IiwiaWF0IjoxNzg5MDQ0MjcyLCJleHAiOjE3ODk2NDkwNzJ9.jvIQgfCa1Jghz0xVGBxyvVAK3Yi4tB8PJtdT3Rb1xWgtlkWE12WC_7Wz-UX-YL2J,20068
eyJhbGciOiJIUzM4NCJ9.eyJzdWIiOiI1MDA1MTEiLCJ1c2VybmFtZSI6ImJlbmNoXzQyNzE1MTJfMjA0IiwiaWF0IjoxNzg5MDQ0MjcyLCJleHAiOjE3ODk2NDkwNzJ9.hVXwsbNKofs-iMnq3AS3KezqYqrkI0XwbNsYoKYxarsQFIrCEldmDOk-BsFY9Wvp,20075
eyJhbGciOiJIUzM4NCJ9.eyJzdWIiOiI1MDA1MTYiLCJ1c2VybmFtZSI6ImJlbmNoXzQyNzE2NzRfMjE1IiwiaWF0IjoxNzg5MDQ0MjcyLCJleHAiOjE3ODk2NDkwNzJ9.3ShcEEQxQmd-ucLDOQ1NdeTkysBKLLbMIabMxssK2sY8uB6kZl_tjboLMToZsleo,20070
eyJhbGciOiJIUzM4NCJ9.eyJzdWIiOiI1MDA1MTUiLCJ1c2VybmFtZSI6ImJlbmNoXzQyNzE2NzVfMjE2IiwiaWF0IjoxNzg5MDQ0MjcyLCJleHAiOjE3ODk2NDkwNzJ9.tM9MAJs0X9yvbkTDyWCqAlmsDnFFDgJk12yLjrKwTzbkc2vDMADZTNktsGE34G5Y,20073
eyJhbGciOiJIUzM4NCJ9.eyJzdWIiOiI1MDA1MjAiLCJ1c2VybmFtZSI6ImJlbmNoXzQyNzE3MjVfMjE5IiwiaWF0IjoxNzg5MDQ0MjcyLCJleHAiOjE3ODk2NDkwNzJ9.80sHiElQkOBIfRomPKXLNydvsn-CTfpqZ4o-0x-UKYkwH6KNCIzGChvbd80Ya7Hz,20077
eyJhbGciOiJIUzM4NCJ9.eyJzdWIiOiI1MDA1MTkiLCJ1c2VybmFtZSI6ImJlbmNoXzQyNzE2NzNfMjEyIiwiaWF0IjoxNzg5MDQ0MjcyLCJleHAiOjE3ODk2NDkwNzJ9.RwXtJJzzYdIpLTYJCYpVwx3gM9l760fuB2LojJCjezHiD0n1QNlL1Ixw4tmyujiU,20072
eyJhbGciOiJIUzM4NCJ9.eyJzdWIiOiI1MDA1MTIiLCJ1c2VybmFtZSI6ImJlbmNoXzQyNzE2MTlfMjExIiwiaWF0IjoxNzg5MDQ0MjcyLCJleHAiOjE3ODk2NDkwNzJ9.dgnvafWMlRJZ7mO5Uij0IJA1Bdr9Ga4S-kfplgXtyAUodOu43Jbh5k_9S_VW7m3f,20071
eyJhbGciOiJIUzM4NCJ9.eyJzdWIiOiI1MDA1MTQiLCJ1c2VybmFtZSI6ImJlbmNoXzQyNzE2NzNfMjEzIiwiaWF0IjoxNzg5MDQ0MjcyLCJleHAiOjE3ODk2NDkwNzJ9.uRvp-oh1qII5IMCP749FsveVhaE7fKrr82Toxz95qAYed2LaSOYuRGRTQRlJVNJb,20069
eyJhbGciOiJIUzM4NCJ9.eyJzdWIiOiI1MDA1MTMiLCJ1c2VybmFtZSI6ImJlbmNoXzQyNzE2ODNfMjE3IiwiaWF0IjoxNzg5MDQ0MjcyLCJleHAiOjE3ODk2NDkwNzJ9.2XQPo96uuejUfze5rQHVpcNmWYSLTaERe8kQ4L4hPfWVVdunyLzzCEJsLZI6E74B,20074
eyJhbGciOiJIUzM4NCJ9.eyJzdWIiOiI1MDA1MTciLCJ1c2VybmFtZSI6ImJlbmNoXzQyNzE3MTFfMjE4IiwiaWF0IjoxNzg5MDQ0MjcyLCJleHAiOjE3ODk2NDkwNzJ9.ydm-GYKShRnPca5EujbdVrdQrs3INi6icaepS1fotBoqKuDAlBoe8zWN0IDSQO4m,20076
eyJhbGciOiJIUzM4NCJ9.eyJzdWIiOiI1MDA1MjUiLCJ1c2VybmFtZSI6ImJlbmNoXzQyNzE5MjlfMjI3IiwiaWF0IjoxNzg5MDQ0MjcyLCJleHAiOjE3ODk2NDkwNzJ9.buz1F-PwELTm-Cs0pIEfKpnyk0Xfs_WKNFyj4lv4dN33vbisNOtGs-K8-lWdlVyr,20078
eyJhbGciOiJIUzM4NCJ9.eyJzdWIiOiI1MDA1MjEiLCJ1c2VybmFtZSI6ImJlbmNoXzQyNzE4NjFfMjIwIiwiaWF0IjoxNzg5MDQ0MjcyLCJleHAiOjE3ODk2NDkwNzJ9.f1_I7IYFfzxo8VBRchEvJdPM5fALlnC4NrMM6Q_TJwU0_8TPGU8Hz9a5WBK60mfl,20081
eyJhbGciOiJIUzM4NCJ9.eyJzdWIiOiI1MDA1MjQiLCJ1c2VybmFtZSI6ImJlbmNoXzQyNzE5MTBfMjIyIiwiaWF0IjoxNzg5MDQ0MjcyLCJleHAiOjE3ODk2NDkwNzJ9.8js7ow0B5QrWJI-YInlAHVtC1dDiGIui6fHyKIi9qIvftkWaJuaAtHToWVyG4ou2,20079
eyJhbGciOiJIUzM4NCJ9.eyJzdWIiOiI1MDA1MjIiLCJ1c2VybmFtZSI6ImJlbmNoXzQyNzE5MDhfMjIxIiwiaWF0IjoxNzg5MDQ0MjcyLCJleHAiOjE3ODk2NDkwNzJ9.zJATxhPKnCBGZ7HdP5mWf3C1AXkODSaSaO5ZlTg1byF1wR7j05B81Izun0pUmXgp,20080
eyJhbGciOiJIUzM4NCJ9.eyJzdWIiOiI1MDA1MjgiLCJ1c2VybmFtZSI6ImJlbmNoXzQyNzE5MzhfMjI4IiwiaWF0IjoxNzg5MDQ0MjcyLCJleHAiOjE3ODk2NDkwNzJ9.Dhw_RmPxarg7MjThBB_vEzQ-eFoG7rAuE3rKXrBxO1lfX8AgDmf7y0dqDGHjC-8n,20086
eyJhbGciOiJIUzM4NCJ9.eyJzdWIiOiI1MDA1MjYiLCJ1c2VybmFtZSI6ImJlbmNoXzQyNzE5MjVfMjI2IiwiaWF0IjoxNzg5MDQ0MjcyLCJleHAiOjE3ODk2NDkwNzJ9.3micUCJt2jMsfMnmVvMnT4J6FksE-IDXhwC1gxUxnnIX4WtAGHfY2inp4Ooyktck,20083
eyJhbGciOiJIUzM4NCJ9.eyJzdWIiOiI1MDA1MjciLCJ1c2VybmFtZSI6ImJlbmNoXzQyNzE5MTJfMjIzIiwiaWF0IjoxNzg5MDQ0MjcyLCJleHAiOjE3ODk2NDkwNzJ9.QbznPowekBItLa8gAzG8GwdAAn9N9eCqt83jm5Rtd48afv_yOdJrY2J_VJagBhpO,20084
eyJhbGciOiJIUzM4NCJ9.eyJzdWIiOiI1MDA1MzAiLCJ1c2VybmFtZSI6ImJlbmNoXzQyNzE5ODJfMjI5IiwiaWF0IjoxNzg5MDQ0MjcyLCJleHAiOjE3ODk2NDkwNzJ9.jGN4bRMa7jkvpn8fwiO6wa2q4nwgxrhi9P9Ur_peN7tBvySQTH8R6nzV6gdLrs0N,20085
eyJhbGciOiJIUzM4NCJ9.eyJzdWIiOiI1MDA1MjMiLCJ1c2VybmFtZSI6ImJlbmNoXzQyNzE5MjNfMjI1IiwiaWF0IjoxNzg5MDQ0MjcyLCJleHAiOjE3ODk2NDkwNzJ9.16CKfpLxHueHIB4M0-fNzj_5bWJzr5MShKA8XJmnbGzGR1tptZAkW400X9gOatIf,20082
eyJhbGciOiJIUzM4NCJ9.eyJzdWIiOiI1MDA1MjkiLCJ1c2VybmFtZSI6ImJlbmNoXzQyNzE5MTZfMjI0IiwiaWF0IjoxNzg5MDQ0MjcyLCJleHAiOjE3ODk2NDkwNzJ9.9tv3NQzesal_Y1jahgflX_45eEFBGbhNACmBVRLURTu4VxcO1x7Me-5Lcqmj4g_9,20087
eyJhbGciOiJIUzM4NCJ9.eyJzdWIiOiI1MDA1MzIiLCJ1c2VybmFtZSI6ImJlbmNoXzQyNzIxMzRfMjMzIiwiaWF0IjoxNzg5MDQ0MjcyLCJleHAiOjE3ODk2NDkwNzJ9.CwOZhdFX3sWlEFslwMGlzBfnzCN2hmdEgJVIODul28KEIVV63usmFREwGdOYo4XM,20091
eyJhbGciOiJIUzM4NCJ9.eyJzdWIiOiI1MDA1MzYiLCJ1c2VybmFtZSI6ImJlbmNoXzQyNzIxMzRfMjMyIiwiaWF0IjoxNzg5MDQ0MjcyLCJleHAiOjE3ODk2NDkwNzJ9.ebZllh1B1iws9mmhdA_GNDHk5-4eE_HygcSCxKQpDXFUHcRSqlXJDWbmOiVs3jdN,20089
eyJhbGciOiJIUzM4NCJ9.eyJzdWIiOiI1MDA1MzEiLCJ1c2VybmFtZSI6ImJlbmNoXzQyNzIwOTNfMjMwIiwiaWF0IjoxNzg5MDQ0MjcyLCJleHAiOjE3ODk2NDkwNzJ9.ghtY_9-D18BzhZUsuTMj8mH7k_3oVYoJ_RKyNJCgH-ucWHNaD-fwKJk3zON6N7If,20090
eyJhbGciOiJIUzM4NCJ9.eyJzdWIiOiI1MDA1MzUiLCJ1c2VybmFtZSI6ImJlbmNoXzQyNzIxNDlfMjM5IiwiaWF0IjoxNzg5MDQ0MjcyLCJleHAiOjE3ODk2NDkwNzJ9.A3PowoV00bm9ynugzg8T-rGbUdKycf2Aji74ZGdhz_O_C6IBQG4hYXG0IESaoKSt,20088
eyJhbGciOiJIUzM4NCJ9.eyJzdWIiOiI1MDA1MzQiLCJ1c2VybmFtZSI6ImJlbmNoXzQyNzIxMzVfMjM0IiwiaWF0IjoxNzg5MDQ0MjcyLCJleHAiOjE3ODk2NDkwNzJ9.FBC6N-8pViNGGIBd0c73POtlGHg1K8XPRdjx4HsoQLnR90-3qU2FNO6YOygLuw99,20092
eyJhbGciOiJIUzM4NCJ9.eyJzdWIiOiI1MDA1MzMiLCJ1c2VybmFtZSI6ImJlbmNoXzQyNzIxMjZfMjMxIiwiaWF0IjoxNzg5MDQ0MjcyLCJleHAiOjE3ODk2NDkwNzJ9.YsdLGdALOAjawPrtrcnaBN4KCXXHt6v_STVAjjsNAiGouNK4DGIISHn4II-lTPZv,20093
eyJhbGciOiJIUzM4NCJ9.eyJzdWIiOiI1MDA1MzciLCJ1c2VybmFtZSI6ImJlbmNoXzQyNzIxMzdfMjM2IiwiaWF0IjoxNzg5MDQ0MjcyLCJleHAiOjE3ODk2NDkwNzJ9.q7QUGQ42SgknuJ3U3z-6NswJiOFH9EoSQ5iH4Cr6o6CBqcQgYYEWg8SR2ipRmQcg,20094
eyJhbGciOiJIUzM4NCJ9.eyJzdWIiOiI1MDA1MzgiLCJ1c2VybmFtZSI6ImJlbmNoXzQyNzIxNDFfMjM3IiwiaWF0IjoxNzg5MDQ0MjcyLCJleHAiOjE3ODk2NDkwNzJ9.yE9GDfFrjGIYAxyuGlYEnR7KsCtW5HqHeDd6PKszcGfQq1eAvi5GuN7HzPNgMn0N,20095
eyJhbGciOiJIUzM4NCJ9.eyJzdWIiOiI1MDA1MzkiLCJ1c2VybmFtZSI6ImJlbmNoXzQyNzIxMzZfMjM1IiwiaWF0IjoxNzg5MDQ0MjcyLCJleHAiOjE3ODk2NDkwNzJ9.kJlvsE05CT8Vm2qelkSWkhtVcyAr2Li3dSnjY9FgIPywHhbE9CzO0CdxqQxRRg2g,20096
eyJhbGciOiJIUzM4NCJ9.eyJzdWIiOiI1MDA1NDAiLCJ1c2VybmFtZSI6ImJlbmNoXzQyNzIxNDZfMjM4IiwiaWF0IjoxNzg5MDQ0MjcyLCJleHAiOjE3ODk2NDkwNzJ9.TJMUnInxLVwJW0ogQLmYY3A2E9ywfe54yQ1i6BLyotXetTYnM9qWJgoYFa-L3qT4,20097
eyJhbGciOiJIUzM4NCJ9.eyJzdWIiOiI1MDA1NDYiLCJ1c2VybmFtZSI6ImJlbmNoXzQyNzIzNjlfMjQ1IiwiaWF0IjoxNzg5MDQ0MjcyLCJleHAiOjE3ODk2NDkwNzJ9.1xiTRPVj-9uwgeoY2-Vhk2wejJy1nktJbRSHY43UezHU59J_35ls75jHxneeLcub,20099
eyJhbGciOiJIUzM4NCJ9.eyJzdWIiOiI1MDA1NDEiLCJ1c2VybmFtZSI6ImJlbmNoXzQyNzIzMzFfMjQwIiwiaWF0IjoxNzg5MDQ0MjcyLCJleHAiOjE3ODk2NDkwNzJ9.yUFx79p4Vs1WKXvT1Tr2OOTedb5sJq06YQxk_3_v8S_o6242Kgvw3t_YU4S6eVbW,20098
eyJhbGciOiJIUzM4NCJ9.eyJzdWIiOiI1MDA1NDUiLCJ1c2VybmFtZSI6ImJlbmNoXzQyNzIzNzRfMjQ3IiwiaWF0IjoxNzg5MDQ0MjcyLCJleHAiOjE3ODk2NDkwNzJ9.NTt12jg27BG35cGu3XeSBW6y5AxadW92ynjJ9Gd_q-Ks4nG0LlYuFZBvYQ3b4995,20100
eyJhbGciOiJIUzM4NCJ9.eyJzdWIiOiI1MDA1NDMiLCJ1c2VybmFtZSI6ImJlbmNoXzQyNzIzNTVfMjQxIiwiaWF0IjoxNzg5MDQ0MjcyLCJleHAiOjE3ODk2NDkwNzJ9.L9RMc6Lumz4-eOv4-991hVzlEzAHa1ATI2TbcNWchMMDbp44xiZvdAJ8zKdVhcEv,20101
eyJhbGciOiJIUzM4NCJ9.eyJzdWIiOiI1MDA1NDIiLCJ1c2VybmFtZSI6ImJlbmNoXzQyNzIzNTdfMjQyIiwiaWF0IjoxNzg5MDQ0MjcyLCJleHAiOjE3ODk2NDkwNzJ9.WYutsUp19_7E5x1BCeYeeM_PGGG0n7t2C9DbVnTjM8xpJ5UkEmxpjmqqBE09yXvo,20103
eyJhbGciOiJIUzM4NCJ9.eyJzdWIiOiI1MDA1NDgiLCJ1c2VybmFtZSI6ImJlbmNoXzQyNzIzNzVfMjQ4IiwiaWF0IjoxNzg5MDQ0MjcyLCJleHAiOjE3ODk2NDkwNzJ9.yNbJyn1RP2P3BzpGHE3sjv2U_AXerIxaBgufk-uoEssXcSPVEmmMawD47Kzf1jSQ,20104
eyJhbGciOiJIUzM4NCJ9.eyJzdWIiOiI1MDA1NDQiLCJ1c2VybmFtZSI6ImJlbmNoXzQyNzIzNjNfMjQzIiwiaWF0IjoxNzg5MDQ0MjcyLCJleHAiOjE3ODk2NDkwNzJ9.8zkX4bYnF9q8dqCy_dODue6ifuNYvvyhWr0Da-e5ZksYXKUDgeqOxa4J863W6Yjr,20102
eyJhbGciOiJIUzM4NCJ9.eyJzdWIiOiI1MDA1NDciLCJ1c2VybmFtZSI6ImJlbmNoXzQyNzIzNzNfMjQ2IiwiaWF0IjoxNzg5MDQ0MjcyLCJleHAiOjE3ODk2NDkwNzJ9.tyPIzP5XtUz_x4ccwTIRYgOodDCBb60vrLWAww332GHZsRcUpFnwD7naF_YXTHTg,20105
eyJhbGciOiJIUzM4NCJ9.eyJzdWIiOiI1MDA1NDkiLCJ1c2VybmFtZSI6ImJlbmNoXzQyNzIzNjhfMjQ0IiwiaWF0IjoxNzg5MDQ0MjcyLCJleHAiOjE3ODk2NDkwNzJ9.ETg6O9i_Spbo-kEdiRBH0KqiK3RiFWQjscuGQlAeAQDQ_UwYTt89vnj0GcmHOLd-,20106
eyJhbGciOiJIUzM4NCJ9.eyJzdWIiOiI1MDA1NTAiLCJ1c2VybmFtZSI6ImJlbmNoXzQyNzIzODRfMjQ5IiwiaWF0IjoxNzg5MDQ0MjcyLCJleHAiOjE3ODk2NDkwNzJ9.vXHDE7kynFIFILcU_KYudkVu9UY0sAkUbwT704_TyxGvHMOpwwjlSfDlmcq_wkAY,20107
eyJhbGciOiJIUzM4NCJ9.eyJzdWIiOiI1MDA1NTEiLCJ1c2VybmFtZSI6ImJlbmNoXzQyNzI1NTBfMjUxIiwiaWF0IjoxNzg5MDQ0MjcyLCJleHAiOjE3ODk2NDkwNzJ9.tRw3L2VMH4KZ4kDNj8jayNSn1I21urJ2w1diiSDDNQ9McIuLDu0N6f_wM5F1Q8No,20108
eyJhbGciOiJIUzM4NCJ9.eyJzdWIiOiI1MDA1NTkiLCJ1c2VybmFtZSI6ImJlbmNoXzQyNzI1NzlfMjU1IiwiaWF0IjoxNzg5MDQ0MjcyLCJleHAiOjE3ODk2NDkwNzJ9.wXIDeocpVBfy61mNhqpu2FLPK43ilVWTIBqfORjQ4O2V3WA1fcB3LW25b9itRwky,20112
eyJhbGciOiJIUzM4NCJ9.eyJzdWIiOiI1MDA1NTMiLCJ1c2VybmFtZSI6ImJlbmNoXzQyNzI1NzNfMjU0IiwiaWF0IjoxNzg5MDQ0MjcyLCJleHAiOjE3ODk2NDkwNzJ9.qhvK_1HFNodNTsK78uXqF6hzZIGPn5rbjmgMOKsDwIIn_GV1A-LYQmwTPnIvDn_7,20113
eyJhbGciOiJIUzM4NCJ9.eyJzdWIiOiI1MDA1NTciLCJ1c2VybmFtZSI6ImJlbmNoXzQyNzI1ODJfMjU3IiwiaWF0IjoxNzg5MDQ0MjcyLCJleHAiOjE3ODk2NDkwNzJ9.j7BI4h4CPYrUjyaoYoG27doo67IrR1C9OTEg9YQtVpyLmKl1dkrGF4MsbVxmYL4E,20109
eyJhbGciOiJIUzM4NCJ9.eyJzdWIiOiI1MDA1NTIiLCJ1c2VybmFtZSI6ImJlbmNoXzQyNzI1ODVfMjU5IiwiaWF0IjoxNzg5MDQ0MjcyLCJleHAiOjE3ODk2NDkwNzJ9.mNEEt-_jWq65b5gB0ZpYWFf9kXLRxYU9Uz522-FY0G1b4j6tDZXH679RkuIEU4kG,20111
eyJhbGciOiJIUzM4NCJ9.eyJzdWIiOiI1MDA1NTUiLCJ1c2VybmFtZSI6ImJlbmNoXzQyNzI1NTFfMjUzIiwiaWF0IjoxNzg5MDQ0MjcyLCJleHAiOjE3ODk2NDkwNzJ9.dcX4-FUlQgWVHLlteCSNJyWRd-WoevZPYcHB0JdYEPjZl9uEwLgnj_AaW0Y-95Pc,20110
eyJhbGciOiJIUzM4NCJ9.eyJzdWIiOiI1MDA1NTQiLCJ1c2VybmFtZSI6ImJlbmNoXzQyNzI1NTFfMjUyIiwiaWF0IjoxNzg5MDQ0MjcyLCJleHAiOjE3ODk2NDkwNzJ9.TvAUys6XODWSJNOPoSNcRiIzvtfs0eCLEfYL9VqX4aQTHUqUx83i8AR--GOLRa6x,20114
eyJhbGciOiJIUzM4NCJ9.eyJzdWIiOiI1MDA1NTYiLCJ1c2VybmFtZSI6ImJlbmNoXzQyNzI1NDlfMjUwIiwiaWF0IjoxNzg5MDQ0MjcyLCJleHAiOjE3ODk2NDkwNzJ9.6rpbDdRApQ8a4rFUI8NC8C1o5W0JmiPghbB7T7ralexV2UAFUfJuZhbI1TyzT8Sq,20115
eyJhbGciOiJIUzM4NCJ9.eyJzdWIiOiI1MDA1NTgiLCJ1c2VybmFtZSI6ImJlbmNoXzQyNzI1ODJfMjU4IiwiaWF0IjoxNzg5MDQ0MjcyLCJleHAiOjE3ODk2NDkwNzJ9.XNtmRekz_2mlpaU5Fn5YGR-iaMha1fmR5K_DujGQ-w7N9QXVo0vKXux9Od6MDY3Z,20116
eyJhbGciOiJIUzM4NCJ9.eyJzdWIiOiI1MDA1NjAiLCJ1c2VybmFtZSI6ImJlbmNoXzQyNzI1ODFfMjU2IiwiaWF0IjoxNzg5MDQ0MjcyLCJleHAiOjE3ODk2NDkwNzJ9.10OVXcUqV2hUbBkSccpy5_r0ntyFoyqj7QR1O0VLhTZ7davvgiAx94Pc2056sbJL,20117
eyJhbGciOiJIUzM4NCJ9.eyJzdWIiOiI1MDA1NjIiLCJ1c2VybmFtZSI6ImJlbmNoXzQyNzI3NzNfMjYwIiwiaWF0IjoxNzg5MDQ0MjczLCJleHAiOjE3ODk2NDkwNzN9.qa2c5L89bSkMWXXsBXluFE4pRb4mYdqdwfkW3k4A8FSZXboRf3MgK_Dok2ikNAox,20118
eyJhbGciOiJIUzM4NCJ9.eyJzdWIiOiI1MDA1NjMiLCJ1c2VybmFtZSI6ImJlbmNoXzQyNzI3ODhfMjY2IiwiaWF0IjoxNzg5MDQ0MjczLCJleHAiOjE3ODk2NDkwNzN9.KIK8prRRT7Ti_kOVgWaHO3hxJeYoVBqOHJTAm4q6zv4PweqEJe6Q00g9_lhAfT3K,20120
eyJhbGciOiJIUzM4NCJ9.eyJzdWIiOiI1MDA1NjEiLCJ1c2VybmFtZSI6ImJlbmNoXzQyNzI3ODJfMjYzIiwiaWF0IjoxNzg5MDQ0MjczLCJleHAiOjE3ODk2NDkwNzN9.zBqwKUqeYTH0FemXHiy_IpoNRlfYi8fWXYkd9eLtsidAdwILzvIF3cehGBOL2Ziu,20121
eyJhbGciOiJIUzM4NCJ9.eyJzdWIiOiI1MDA1NjQiLCJ1c2VybmFtZSI6ImJlbmNoXzQyNzI3ODJfMjY0IiwiaWF0IjoxNzg5MDQ0MjczLCJleHAiOjE3ODk2NDkwNzN9.ju1IOy9Anx6aDuwOCPRzTOycxeRr39Zix2cJH0Emowjnhd-lbckvureX4Lzzhqwk,20119
eyJhbGciOiJIUzM4NCJ9.eyJzdWIiOiI1MDA1NjUiLCJ1c2VybmFtZSI6ImJlbmNoXzQyNzI3NzZfMjYxIiwiaWF0IjoxNzg5MDQ0MjczLCJleHAiOjE3ODk2NDkwNzN9.bcDosxh2dISN4jpZ35Q2p-i_MWi4CDs36IQOUkxdcvme3O7cmMEz7W28TAFIV2h-,20122
eyJhbGciOiJIUzM4NCJ9.eyJzdWIiOiI1MDA1NjciLCJ1c2VybmFtZSI6ImJlbmNoXzQyNzI3ODVfMjY1IiwiaWF0IjoxNzg5MDQ0MjczLCJleHAiOjE3ODk2NDkwNzN9.ayOKVQDR8TXghSvxTtABzBagW5xaAyCNggMyiRBNZ4uu-VSDlaXjaqaxshfxYwNZ,20123
eyJhbGciOiJIUzM4NCJ9.eyJzdWIiOiI1MDA1NjYiLCJ1c2VybmFtZSI6ImJlbmNoXzQyNzI3ODFfMjYyIiwiaWF0IjoxNzg5MDQ0MjczLCJleHAiOjE3ODk2NDkwNzN9.4rxPMKCdZKysaACKaumuKa1cNKCBLKmLj1UUxJ9wzK57DxaDWlRXq6JO2XvU0pfL,20124
eyJhbGciOiJIUzM4NCJ9.eyJzdWIiOiI1MDA1NjgiLCJ1c2VybmFtZSI6ImJlbmNoXzQyNzI4MzhfMjY3IiwiaWF0IjoxNzg5MDQ0MjczLCJleHAiOjE3ODk2NDkwNzN9.8aL46rAl0_48vn0ymQ6hHSXN1PIVFp7GYTjY5dA9jzGuIr71p4jtPscDSH4ZBqzI,20125
eyJhbGciOiJIUzM4NCJ9.eyJzdWIiOiI1MDA1NzYiLCJ1c2VybmFtZSI6ImJlbmNoXzQyNzI5NzBfMjczIiwiaWF0IjoxNzg5MDQ0MjczLCJleHAiOjE3ODk2NDkwNzN9.Noa-sKEA3JZA_CvzA4dwth1AfZZyEuEvwPZal7CGng2VYhpRiLWd0sIJMdSF9a4J,20130
eyJhbGciOiJIUzM4NCJ9.eyJzdWIiOiI1MDA1NzIiLCJ1c2VybmFtZSI6ImJlbmNoXzQyNzI5NjlfMjcyIiwiaWF0IjoxNzg5MDQ0MjczLCJleHAiOjE3ODk2NDkwNzN9.63b30-kaE6A3pKPybXmMlxqOqvbEgXVfqflKKgIbMkVh1ZliWfIJ9jjDTH1AgPdW,20126
eyJhbGciOiJIUzM4NCJ9.eyJzdWIiOiI1MDA1NjkiLCJ1c2VybmFtZSI6ImJlbmNoXzQyNzI4ODFfMjY4IiwiaWF0IjoxNzg5MDQ0MjczLCJleHAiOjE3ODk2NDkwNzN9.Rt2U0_AvZ4BycEngeHBlCCfocOXSf1EN91i6GomTpBwWUDSgNwepq0YJ2IOnpxNK,20127
eyJhbGciOiJIUzM4NCJ9.eyJzdWIiOiI1MDA1NzAiLCJ1c2VybmFtZSI6ImJlbmNoXzQyNzI5NDZfMjY5IiwiaWF0IjoxNzg5MDQ0MjczLCJleHAiOjE3ODk2NDkwNzN9.NNTsClzrvVAFYOWAXYc-HY3KLvY_ndaqBEGFtAdJ3RyxkrhKuuQkf3m7MVwk-xNz,20131
eyJhbGciOiJIUzM4NCJ9.eyJzdWIiOiI1MDA1NzUiLCJ1c2VybmFtZSI6ImJlbmNoXzQyNzI5NzVfMjc1IiwiaWF0IjoxNzg5MDQ0MjczLCJleHAiOjE3ODk2NDkwNzN9.HTCU6i-ALs1FgIKGSZ_vEhGDPISxjpnGJ51GejB8BmRDaX1QavdPQcpNG52HcsXD,20129
eyJhbGciOiJIUzM4NCJ9.eyJzdWIiOiI1MDA1NzMiLCJ1c2VybmFtZSI6ImJlbmNoXzQyNzI5NjVfMjcwIiwiaWF0IjoxNzg5MDQ0MjczLCJleHAiOjE3ODk2NDkwNzN9.DbF7iziLMtmmUxr24ZtxUEOuahxv_SOESK6P1QjJ1VVsKfndAIJsS-Y81wpJvf8o,20128
eyJhbGciOiJIUzM4NCJ9.eyJzdWIiOiI1MDA1NzEiLCJ1c2VybmFtZSI6ImJlbmNoXzQyNzI5NzBfMjc0IiwiaWF0IjoxNzg5MDQ0MjczLCJleHAiOjE3ODk2NDkwNzN9.lqd7qQy2-O1yCVEtuArj4U_lA5IYsVKwVtsrZDzvILuWlo6QIAfYs58ecWbnUzTB,20132
eyJhbGciOiJIUzM4NCJ9.eyJzdWIiOiI1MDA1NzQiLCJ1c2VybmFtZSI6ImJlbmNoXzQyNzI5NjlfMjcxIiwiaWF0IjoxNzg5MDQ0MjczLCJleHAiOjE3ODk2NDkwNzN9.sbSXxzNyFz4igKWfeT38TA8Gj8e0qgbabH9XszbpvaUWBzTFlKEd_Rgmb6xCXSXS,20133
eyJhbGciOiJIUzM4NCJ9.eyJzdWIiOiI1MDA1NzciLCJ1c2VybmFtZSI6ImJlbmNoXzQyNzMwMjdfMjc4IiwiaWF0IjoxNzg5MDQ0MjczLCJleHAiOjE3ODk2NDkwNzN9.unlWqnNUizMxjcAIQD_dt57CW4F0CJaHqQ1qQmgNJH6mZEmn7he4MPpMGxOpQOLG,20134
eyJhbGciOiJIUzM4NCJ9.eyJzdWIiOiI1MDA1NzkiLCJ1c2VybmFtZSI6ImJlbmNoXzQyNzMwMzFfMjc5IiwiaWF0IjoxNzg5MDQ0MjczLCJleHAiOjE3ODk2NDkwNzN9.v-FGo36opdffOIfBpyLeEOOWMiw_w8kW6Os3MWAfkkYt7-IJRhKSDnyrhUkCfQWq,20137
eyJhbGciOiJIUzM4NCJ9.eyJzdWIiOiI1MDA1ODAiLCJ1c2VybmFtZSI6ImJlbmNoXzQyNzMwMjZfMjc2IiwiaWF0IjoxNzg5MDQ0MjczLCJleHAiOjE3ODk2NDkwNzN9.QAnk3RxQ3UZeL8Zygy2cJIeI5sc-_jwg0-jDE1V0pz0ewQjYLVmaOntYlj0T3Rhz,20136
eyJhbGciOiJIUzM4NCJ9.eyJzdWIiOiI1MDA1NzgiLCJ1c2VybmFtZSI6ImJlbmNoXzQyNzMwMjdfMjc3IiwiaWF0IjoxNzg5MDQ0MjczLCJleHAiOjE3ODk2NDkwNzN9.x7Dyyk5E93-jK59OajiWPX0Z0JBxQ30ERCUhD5aAkkBVcCoD-quClm3VL_enSHgp,20135
eyJhbGciOiJIUzM4NCJ9.eyJzdWIiOiI1MDA1ODQiLCJ1c2VybmFtZSI6ImJlbmNoXzQyNzMxOTdfMjg2IiwiaWF0IjoxNzg5MDQ0MjczLCJleHAiOjE3ODk2NDkwNzN9.HW0iO6zkEojjf-vAAyfYO6QajBDYSFJbNW266nvLisKAPsHwqne7KbOFlFGCtQNM,20140
eyJhbGciOiJIUzM4NCJ9.eyJzdWIiOiI1MDA1ODIiLCJ1c2VybmFtZSI6ImJlbmNoXzQyNzMxODlfMjgxIiwiaWF0IjoxNzg5MDQ0MjczLCJleHAiOjE3ODk2NDkwNzN9.ktPae6nQImUcSIMvuYovH9jCLm4GzVnroUGFzbJVVOoLSGcMgjkpzohYitEHdmsu,20142
eyJhbGciOiJIUzM4NCJ9.eyJzdWIiOiI1MDA1ODEiLCJ1c2VybmFtZSI6ImJlbmNoXzQyNzMxODVfMjgwIiwiaWF0IjoxNzg5MDQ0MjczLCJleHAiOjE3ODk2NDkwNzN9.s9j_O_RLKUGvvAYpgj5vivXh9Wh4JsfEU3IuVrS98luiVcWTAgTCFAO7ooWDP-zH,20141
eyJhbGciOiJIUzM4NCJ9.eyJzdWIiOiI1MDA1ODgiLCJ1c2VybmFtZSI6ImJlbmNoXzQyNzMyOTlfMjg3IiwiaWF0IjoxNzg5MDQ0MjczLCJleHAiOjE3ODk2NDkwNzN9.tN8J8IFBD-Ekd1mKA3bdlYSy7xlV9hYx5x0oKTxtb65kBx3sgCpgC9WG6nW7NcFO,20143
eyJhbGciOiJIUzM4NCJ9.eyJzdWIiOiI1MDA1ODUiLCJ1c2VybmFtZSI6ImJlbmNoXzQyNzMxOTBfMjgzIiwiaWF0IjoxNzg5MDQ0MjczLCJleHAiOjE3ODk2NDkwNzN9.Z9b8hck826GJlaZjpkkj9NRbfGOqKRkOaT_MQU8U57gABMMv9VxlC8jT9uDqKg80,20138
eyJhbGciOiJIUzM4NCJ9.eyJzdWIiOiI1MDA1ODYiLCJ1c2VybmFtZSI6ImJlbmNoXzQyNzMxOTZfMjg0IiwiaWF0IjoxNzg5MDQ0MjczLCJleHAiOjE3ODk2NDkwNzN9.5jRy-0z8eO8lC8oHhgv0bSWsjrzrkdVkvQABMwrIG1b7t94dSNWQw0k305KQjQe-,20145
eyJhbGciOiJIUzM4NCJ9.eyJzdWIiOiI1MDA1ODciLCJ1c2VybmFtZSI6ImJlbmNoXzQyNzMxOTZfMjg1IiwiaWF0IjoxNzg5MDQ0MjczLCJleHAiOjE3ODk2NDkwNzN9.94Ladf9fqNE7pCAcr54WI4gDTfeSbSO5nplGaGQHHltjVyz51UV10sLgi3IEcwrM,20144
eyJhbGciOiJIUzM4NCJ9.eyJzdWIiOiI1MDA1ODMiLCJ1c2VybmFtZSI6ImJlbmNoXzQyNzMxOTBfMjgyIiwiaWF0IjoxNzg5MDQ0MjczLCJleHAiOjE3ODk2NDkwNzN9.Qkm15nGMVp-LO8gE2FHM-e8qi8cp74MCYM7x8Y3E9nL82PTHhK2_uHXO1dOLXgkK,20139
eyJhbGciOiJIUzM4NCJ9.eyJzdWIiOiI1MDA1ODkiLCJ1c2VybmFtZSI6ImJlbmNoXzQyNzM1MzFfMjk0IiwiaWF0IjoxNzg5MDQ0MjczLCJleHAiOjE3ODk2NDkwNzN9.wOP9heWrCjZhLP_Bkt1JfPCsXAsflmFREYdCn4CxPyGIiNN9jYxh4v-QhT9glu60,20149
eyJhbGciOiJIUzM4NCJ9.eyJzdWIiOiI1MDA1OTMiLCJ1c2VybmFtZSI6ImJlbmNoXzQyNzM1MjZfMjkxIiwiaWF0IjoxNzg5MDQ0MjczLCJleHAiOjE3ODk2NDkwNzN9.qD8VtRAK__z_5QmlPaerAk2-Xx_kNqmjbHWPYC9Vq52mU3gmuVyv1nq8p7pkTJ8w,20147
eyJhbGciOiJIUzM4NCJ9.eyJzdWIiOiI1MDA1OTUiLCJ1c2VybmFtZSI6ImJlbmNoXzQyNzM1MjNfMjg4IiwiaWF0IjoxNzg5MDQ0MjczLCJleHAiOjE3ODk2NDkwNzN9.ZCQxXyACByfMQUnhOwSvpGrlayKKazIc8l40SzDEGLium8GvgSkKRXKLExwouB4W,20153
eyJhbGciOiJIUzM4NCJ9.eyJzdWIiOiI1MDA1OTEiLCJ1c2VybmFtZSI6ImJlbmNoXzQyNzM1MzBfMjkzIiwiaWF0IjoxNzg5MDQ0MjczLCJleHAiOjE3ODk2NDkwNzN9.FEZ0DkfeEUeJ2pGchTUiU_UFr5CTpKhyPTPVKtUNEmlaN6AgZG4E5rC11w5koIku,20148
eyJhbGciOiJIUzM4NCJ9.eyJzdWIiOiI1MDA1OTQiLCJ1c2VybmFtZSI6ImJlbmNoXzQyNzM1MjRfMjkwIiwiaWF0IjoxNzg5MDQ0MjczLCJleHAiOjE3ODk2NDkwNzN9.91A8en37mhKCtJ61Wpc6MzY5242pkQ5KRQuAK1jxa3Aj03_U2qvv-fha6b_eagMw,20146
eyJhbGciOiJIUzM4NCJ9.eyJzdWIiOiI1MDA1OTAiLCJ1c2VybmFtZSI6ImJlbmNoXzQyNzM1MjNfMjg5IiwiaWF0IjoxNzg5MDQ0MjczLCJleHAiOjE3ODk2NDkwNzN9.xMVhkcKmqpR0GBFpSBIPYhYGYcvozFN5GspTbhOaYyWO0729lh4BtjFxSMdy4B63,20151
eyJhbGciOiJIUzM4NCJ9.eyJzdWIiOiI1MDA1OTIiLCJ1c2VybmFtZSI6ImJlbmNoXzQyNzM1MjlfMjkyIiwiaWF0IjoxNzg5MDQ0MjczLCJleHAiOjE3ODk2NDkwNzN9.ZVADCaZJ20t-wUxrXS8LTAD3Lv56fqxV7UwQjVHp00nlQti7mW3mFsKuDh6vsHTt,20150
eyJhbGciOiJIUzM4NCJ9.eyJzdWIiOiI1MDA1OTYiLCJ1c2VybmFtZSI6ImJlbmNoXzQyNzM1OTZfMjk2IiwiaWF0IjoxNzg5MDQ0MjczLCJleHAiOjE3ODk2NDkwNzN9.Iqwguf2DtjxqJvKuD18G6n98OuwPAYCWeLxEUV5UcovJ4TvpO7GcJx8cq8DKbo7O,20152
eyJhbGciOiJIUzM4NCJ9.eyJzdWIiOiI1MDA1OTciLCJ1c2VybmFtZSI6ImJlbmNoXzQyNzM1NzlfMjk1IiwiaWF0IjoxNzg5MDQ0Mjc0LCJleHAiOjE3ODk2NDkwNzR9.dTyEGqy2zd_my74ViYx13s2vx3YLvw5DPEkn-a2X2gE-A3P5Y872ENSV9aH09ne3,20154
eyJhbGciOiJIUzM4NCJ9.eyJzdWIiOiI1MDA1OTkiLCJ1c2VybmFtZSI6ImJlbmNoXzQyNzM3MjJfMjk5IiwiaWF0IjoxNzg5MDQ0Mjc0LCJleHAiOjE3ODk2NDkwNzR9.saNekaypPjmNcYk8EWMkHT36I04k7oCoMac2FvyCWQvsgviXTZ3nLvw2TJ4V3Ljw,20155
eyJhbGciOiJIUzM4NCJ9.eyJzdWIiOiI1MDA2MDciLCJ1c2VybmFtZSI6ImJlbmNoXzQyNzM3NzdfMzA3IiwiaWF0IjoxNzg5MDQ0Mjc0LCJleHAiOjE3ODk2NDkwNzR9._K4thGWpy8yCoelj6DxVUajZZbl5I6yIpUvIYTw_xuklnicEFfezjHyLEXXP8Z7k,20157
eyJhbGciOiJIUzM4NCJ9.eyJzdWIiOiI1MDA2MDQiLCJ1c2VybmFtZSI6ImJlbmNoXzQyNzM3NDVfMzAwIiwiaWF0IjoxNzg5MDQ0Mjc0LCJleHAiOjE3ODk2NDkwNzR9.uHqWbh7bVZcj8bHRADeyh3dX8gHTK1Cn0NZwTAtja47QFXYTiOo69J-wPCDJgfCo,20163
eyJhbGciOiJIUzM4NCJ9.eyJzdWIiOiI1MDA2MDUiLCJ1c2VybmFtZSI6ImJlbmNoXzQyNzM3NzFfMzA0IiwiaWF0IjoxNzg5MDQ0Mjc0LCJleHAiOjE3ODk2NDkwNzR9.jH9X1JK5OPITI1FkKdeito52rtiQwkZ11CEkLHVD7B_stpnp2SR4ZP3YXy9xvcnC,20159
eyJhbGciOiJIUzM4NCJ9.eyJzdWIiOiI1MDA2MDgiLCJ1c2VybmFtZSI6ImJlbmNoXzQyNzM3NzFfMzA2IiwiaWF0IjoxNzg5MDQ0Mjc0LCJleHAiOjE3ODk2NDkwNzR9.Iyk8mzK3XkEmy5hRfliOeWkDFxR5SkxDaIz3-lkGblOXXkpf9RsBe8PFlbSmziAB,20156
eyJhbGciOiJIUzM4NCJ9.eyJzdWIiOiI1MDA2MDAiLCJ1c2VybmFtZSI6ImJlbmNoXzQyNzM3MjJfMjk4IiwiaWF0IjoxNzg5MDQ0Mjc0LCJleHAiOjE3ODk2NDkwNzR9.C8nkBH8y2T2AnCo9rMTiuOINYZD-PmXfaC2zHjE4v3QkAA4PUwwdY3cgsNA0ymvZ,20158
eyJhbGciOiJIUzM4NCJ9.eyJzdWIiOiI1MDA1OTgiLCJ1c2VybmFtZSI6ImJlbmNoXzQyNzM3MThfMjk3IiwiaWF0IjoxNzg5MDQ0Mjc0LCJleHAiOjE3ODk2NDkwNzR9.rWHENKMumJwtxfmerzz-fOrRNJp4IZbjfb-mrfI1HcyeejewPpYCpQ5-a3E4nQwT,20160
eyJhbGciOiJIUzM4NCJ9.eyJzdWIiOiI1MDA2MDYiLCJ1c2VybmFtZSI6ImJlbmNoXzQyNzM3NjVfMzAyIiwiaWF0IjoxNzg5MDQ0Mjc0LCJleHAiOjE3ODk2NDkwNzR9.6guc3xlvEF5oUlD8myCDc2Au8hCWdV2Bso_fzeuLhOYeePjofDbNowfY2tWMRgkT,20162
eyJhbGciOiJIUzM4NCJ9.eyJzdWIiOiI1MDA2MDEiLCJ1c2VybmFtZSI6ImJlbmNoXzQyNzM3NjJfMzAxIiwiaWF0IjoxNzg5MDQ0Mjc0LCJleHAiOjE3ODk2NDkwNzR9.E4q2v9r-scHXVv-YhulvA2JVcKYlH0tbrQseT5i57Bf5gFgeUQNcixDZgGVY2gxi,20161
eyJhbGciOiJIUzM4NCJ9.eyJzdWIiOiI1MDA2MDMiLCJ1c2VybmFtZSI6ImJlbmNoXzQyNzM3NjlfMzAzIiwiaWF0IjoxNzg5MDQ0Mjc0LCJleHAiOjE3ODk2NDkwNzR9.YrnRGuQ1LHVuGK1WYn_DuuSbI0x-7YRNzWR5tY6n-jJFP5UKiUAHndQagNvnAojY,20164
eyJhbGciOiJIUzM4NCJ9.eyJzdWIiOiI1MDA2MDIiLCJ1c2VybmFtZSI6ImJlbmNoXzQyNzM3NzFfMzA1IiwiaWF0IjoxNzg5MDQ0Mjc0LCJleHAiOjE3ODk2NDkwNzR9.fSgXhAjLez6bJ9IcGNwxqAPnI2IZK5bMkdKzmMXPlSxwBalLfS7netiFTxXFjgCj,20165
eyJhbGciOiJIUzM4NCJ9.eyJzdWIiOiI1MDA2MTEiLCJ1c2VybmFtZSI6ImJlbmNoXzQyNzM5OTdfMzExIiwiaWF0IjoxNzg5MDQ0Mjc0LCJleHAiOjE3ODk2NDkwNzR9.vTKuwe_1L7zf5D3LDe_u69oGFwYvwEIHicxdiS56b7EKjj9gGX0RloRaql7G_qS4,20166
eyJhbGciOiJIUzM4NCJ9.eyJzdWIiOiI1MDA2MDkiLCJ1c2VybmFtZSI6ImJlbmNoXzQyNzQwMDNfMzEzIiwiaWF0IjoxNzg5MDQ0Mjc0LCJleHAiOjE3ODk2NDkwNzR9.TyJM74Q1NxeiJ9uD7Sk2jU0eZakGcqgIwlbSSosHlMux11IjFdV8061fKr2P0xCL,20169
eyJhbGciOiJIUzM4NCJ9.eyJzdWIiOiI1MDA2MTMiLCJ1c2VybmFtZSI6ImJlbmNoXzQyNzM5ODhfMzA4IiwiaWF0IjoxNzg5MDQ0Mjc0LCJleHAiOjE3ODk2NDkwNzR9.2zNk8bJQdzPXiRiqiNH62GJ3N9Aevv63MLcGzyzGzYybw4vBhImOjn8xbBCGOcW7,20167
eyJhbGciOiJIUzM4NCJ9.eyJzdWIiOiI1MDA2MTAiLCJ1c2VybmFtZSI6ImJlbmNoXzQyNzM5OTZfMzEwIiwiaWF0IjoxNzg5MDQ0Mjc0LCJleHAiOjE3ODk2NDkwNzR9.dzT2GtaNr93hXCOsiyQWBc26_jB_Smt6-dsCMTtg39_o8wf8KZOe5vrYHWxXlLFf,20168
eyJhbGciOiJIUzM4NCJ9.eyJzdWIiOiI1MDA2MTUiLCJ1c2VybmFtZSI6ImJlbmNoXzQyNzM5OTRfMzA5IiwiaWF0IjoxNzg5MDQ0Mjc0LCJleHAiOjE3ODk2NDkwNzR9.nC5wPQNg8wEj1KMKeL20ufswIg-6dGnIygFhyYMfriQfs4ek6rdOap8KCIOQJgfU,20170
eyJhbGciOiJIUzM4NCJ9.eyJzdWIiOiI1MDA2MTQiLCJ1c2VybmFtZSI6ImJlbmNoXzQyNzQwMDBfMzEyIiwiaWF0IjoxNzg5MDQ0Mjc0LCJleHAiOjE3ODk2NDkwNzR9.V0YrPJp1ioyum3DW-Hx6iZAnTrlNW8TIMrKituC6phCDgQdLJ8fXDBFR09EEqFPv,20171
eyJhbGciOiJIUzM4NCJ9.eyJzdWIiOiI1MDA2MTIiLCJ1c2VybmFtZSI6ImJlbmNoXzQyNzQwMDRfMzE0IiwiaWF0IjoxNzg5MDQ0Mjc0LCJleHAiOjE3ODk2NDkwNzR9.TZjogddwCCrRpktCuq7F_YNCAcL9NtT9TNu3EFeHVqHTeckX3TKN5pIiZYYiQRRQ,20172
eyJhbGciOiJIUzM4NCJ9.eyJzdWIiOiI1MDA2MTYiLCJ1c2VybmFtZSI6ImJlbmNoXzQyNzQxMTdfMzE1IiwiaWF0IjoxNzg5MDQ0Mjc0LCJleHAiOjE3ODk2NDkwNzR9.u-ja9K7nIDXVykKysDoUpXcB-Ce1im1jyGKAaJ41InXBqujK66ZzbdLrzszv8Inu,20173
eyJhbGciOiJIUzM4NCJ9.eyJzdWIiOiI1MDA2MTgiLCJ1c2VybmFtZSI6ImJlbmNoXzQyNzQxOTRfMzE4IiwiaWF0IjoxNzg5MDQ0Mjc0LCJleHAiOjE3ODk2NDkwNzR9.aGWId-CF8OrfkGC3lO5haiVTy5Xn1EwZjxJk1oYCpICpnp_msosCrDO9lw5dVPvC,20175
eyJhbGciOiJIUzM4NCJ9.eyJzdWIiOiI1MDA2MTciLCJ1c2VybmFtZSI6ImJlbmNoXzQyNzQxNjFfMzE3IiwiaWF0IjoxNzg5MDQ0Mjc0LCJleHAiOjE3ODk2NDkwNzR9.a8hoFjpzVstSpfi5RBa4HXUSehWfAOGdRFod8kimwQEdYqnVRPeMiMuapk6WP0VT,20174
eyJhbGciOiJIUzM4NCJ9.eyJzdWIiOiI1MDA2MjAiLCJ1c2VybmFtZSI6ImJlbmNoXzQyNzQyMDdfMzE5IiwiaWF0IjoxNzg5MDQ0Mjc0LCJleHAiOjE3ODk2NDkwNzR9.OnOaHF2Uw5L7WYDFqIl2OLT3439BdcVZZyHpRr_HRpsVLSzBEyBzg8PPouhW36p4,20176
eyJhbGciOiJIUzM4NCJ9.eyJzdWIiOiI1MDA2MjQiLCJ1c2VybmFtZSI6ImJlbmNoXzQyNzQyMTBfMzIzIiwiaWF0IjoxNzg5MDQ0Mjc0LCJleHAiOjE3ODk2NDkwNzR9.W0jBcYvz7wxQFRfXZmlwAOYbJRzblh2u6VVuXjAyQcm_xu3FrZuQbxxMDPuySl90,20177
eyJhbGciOiJIUzM4NCJ9.eyJzdWIiOiI1MDA2MjYiLCJ1c2VybmFtZSI6ImJlbmNoXzQyNzQyMDlfMzIyIiwiaWF0IjoxNzg5MDQ0Mjc0LCJleHAiOjE3ODk2NDkwNzR9.IpFUwY6CYMFtKLnMprKua0fMd-5RRGjYUpDFS8HF2eqGPCqdNr2Wv5wInmxNdezZ,20179
eyJhbGciOiJIUzM4NCJ9.eyJzdWIiOiI1MDA2MjIiLCJ1c2VybmFtZSI6ImJlbmNoXzQyNzQyMTBfMzI1IiwiaWF0IjoxNzg5MDQ0Mjc0LCJleHAiOjE3ODk2NDkwNzR9.kAx4BxDlJJHQe35sna30PXJrHowvMqxZxXaUGtOrkQQ3avpAxbKFLGIrS9pAM77i,20178
eyJhbGciOiJIUzM4NCJ9.eyJzdWIiOiI1MDA2MjUiLCJ1c2VybmFtZSI6ImJlbmNoXzQyNzQyMTBfMzI0IiwiaWF0IjoxNzg5MDQ0Mjc0LCJleHAiOjE3ODk2NDkwNzR9.sYDJDB3AbOX3XKJjKjt5r5DuIJOyqHWq_ErRusFg15OFMtyQz54EMtOybs_YR7FK,20184
eyJhbGciOiJIUzM4NCJ9.eyJzdWIiOiI1MDA2MjciLCJ1c2VybmFtZSI6ImJlbmNoXzQyNzQyMjFfMzI2IiwiaWF0IjoxNzg5MDQ0Mjc0LCJleHAiOjE3ODk2NDkwNzR9.80B5UwElyXl5TJ6yr6yweOmmUaiQeKi9yswuRoYdt5Uwm_KGb4f38YZVSbtnUYG3,20183
eyJhbGciOiJIUzM4NCJ9.eyJzdWIiOiI1MDA2MjMiLCJ1c2VybmFtZSI6ImJlbmNoXzQyNzQxNTJfMzE2IiwiaWF0IjoxNzg5MDQ0Mjc0LCJleHAiOjE3ODk2NDkwNzR9.ilbgc92u9UwVRLoZlUXSFzyUQqjHJyr2KFyMBHe5Vtsd8Esv1KNsxdX9wS3FD_aI,20180
eyJhbGciOiJIUzM4NCJ9.eyJzdWIiOiI1MDA2MTkiLCJ1c2VybmFtZSI6ImJlbmNoXzQyNzQyMDlfMzIxIiwiaWF0IjoxNzg5MDQ0Mjc0LCJleHAiOjE3ODk2NDkwNzR9.AozkotBFnxBsffzRIgTumCcQMOi0DTF8SmxraMrnEFXrAOi8jpyg4YaOxxC5g80T,20181
eyJhbGciOiJIUzM4NCJ9.eyJzdWIiOiI1MDA2MjEiLCJ1c2VybmFtZSI6ImJlbmNoXzQyNzQyMDhfMzIwIiwiaWF0IjoxNzg5MDQ0Mjc0LCJleHAiOjE3ODk2NDkwNzR9.Lj6ha0QoD_cXjQxUIVkNrAkVP9ZOpBEO4MdWZZIagbon1JZ3uu1MBsSTRIrLHOeR,20182
eyJhbGciOiJIUzM4NCJ9.eyJzdWIiOiI1MDA2MjkiLCJ1c2VybmFtZSI6ImJlbmNoXzQyNzQ0MDVfMzI4IiwiaWF0IjoxNzg5MDQ0Mjc0LCJleHAiOjE3ODk2NDkwNzR9.JRkGOYqTe7DI24zl0r8BXP1R_EtT_ubsEy50e4X6ddNS6G-xB9eplwtfKQGISVuN,20185
eyJhbGciOiJIUzM4NCJ9.eyJzdWIiOiI1MDA2MjgiLCJ1c2VybmFtZSI6ImJlbmNoXzQyNzQyODJfMzI3IiwiaWF0IjoxNzg5MDQ0Mjc0LCJleHAiOjE3ODk2NDkwNzR9.2EP7rYNEGuyr3J1yrStllzhK_8ScDPhvAf9wToP--QzD3x5f4oU-u4DEnp18x1Ux,20186
eyJhbGciOiJIUzM4NCJ9.eyJzdWIiOiI1MDA2MzIiLCJ1c2VybmFtZSI6ImJlbmNoXzQyNzQ1MTBfMzMzIiwiaWF0IjoxNzg5MDQ0Mjc0LCJleHAiOjE3ODk2NDkwNzR9.Xr1Pe7CcAYghlciDkfPLObmN6uqeQ1ZoZ49hMLvUWcEpjBi3_GSenaAeZYv5hTIs,20191
eyJhbGciOiJIUzM4NCJ9.eyJzdWIiOiI1MDA2MzEiLCJ1c2VybmFtZSI6ImJlbmNoXzQyNzQ0NTNfMzMxIiwiaWF0IjoxNzg5MDQ0Mjc0LCJleHAiOjE3ODk2NDkwNzR9.ShihvghBnbqCmzw7O-RzxjBJw3Bk7c51ujNFWZPm4nz63PUWvqioEskbcw8f-ymc,20189
eyJhbGciOiJIUzM4NCJ9.eyJzdWIiOiI1MDA2MzMiLCJ1c2VybmFtZSI6ImJlbmNoXzQyNzQ0NTlfMzMyIiwiaWF0IjoxNzg5MDQ0Mjc0LCJleHAiOjE3ODk2NDkwNzR9.pHkFRKPF-XMqtqKG3gY_KkmnRhTinux2jSNTkW2HI1b0U1wueCYzhpaUn_M0CO3E,20187
eyJhbGciOiJIUzM4NCJ9.eyJzdWIiOiI1MDA2MzAiLCJ1c2VybmFtZSI6ImJlbmNoXzQyNzQ0NTNfMzMwIiwiaWF0IjoxNzg5MDQ0Mjc0LCJleHAiOjE3ODk2NDkwNzR9.20JfeBnt0ARf41gBkGfAErHS_babtn1q3BaJnq2zumKgI0tPa6sgRFaPqfBPUa23,20190
eyJhbGciOiJIUzM4NCJ9.eyJzdWIiOiI1MDA2MzQiLCJ1c2VybmFtZSI6ImJlbmNoXzQyNzQ0NTFfMzI5IiwiaWF0IjoxNzg5MDQ0Mjc0LCJleHAiOjE3ODk2NDkwNzR9.IylspUCyVT0-GAeAeLb68s4xFTpCDVV6SmmswO_YF7dPNi1RHci1QRLB3RIoL1bN,20188
eyJhbGciOiJIUzM4NCJ9.eyJzdWIiOiI1MDA2MzgiLCJ1c2VybmFtZSI6ImJlbmNoXzQyNzQ2ODNfMzM4IiwiaWF0IjoxNzg5MDQ0Mjc1LCJleHAiOjE3ODk2NDkwNzV9.oJUBao8p3BL8Gk-YsAZW7gswEjvbaFDzUboybO_hKeOVP2H0MFOynzqHDPXSCDDH,20192
eyJhbGciOiJIUzM4NCJ9.eyJzdWIiOiI1MDA2NDUiLCJ1c2VybmFtZSI6ImJlbmNoXzQyNzQ3MjlfMzQ2IiwiaWF0IjoxNzg5MDQ0Mjc1LCJleHAiOjE3ODk2NDkwNzV9.LoOCHPZApEqRj7vDPir6rTTd5De504CNF_gnwNHH-gqLoAmVBdtiCGUOdhwYqyuH,20197
eyJhbGciOiJIUzM4NCJ9.eyJzdWIiOiI1MDA2MzciLCJ1c2VybmFtZSI6ImJlbmNoXzQyNzQ2NzZfMzM2IiwiaWF0IjoxNzg5MDQ0Mjc1LCJleHAiOjE3ODk2NDkwNzV9.1SjeGDOC7lBUKSXuH6xLvOqThy8yEWh-Y0J687RljZ2_8IGCmYIGRfQ3iRXWL3xG,20198
eyJhbGciOiJIUzM4NCJ9.eyJzdWIiOiI1MDA2MzYiLCJ1c2VybmFtZSI6ImJlbmNoXzQyNzQ2NTNfMzM0IiwiaWF0IjoxNzg5MDQ0Mjc1LCJleHAiOjE3ODk2NDkwNzV9.oysyq98IBT-DGWD9Kx8U5SXcLvKVb8lUpnVNvDssflaiyyxNc3Nmt1a4CnoaqvrH,20194
eyJhbGciOiJIUzM4NCJ9.eyJzdWIiOiI1MDA2MzkiLCJ1c2VybmFtZSI6ImJlbmNoXzQyNzQ2NzZfMzM3IiwiaWF0IjoxNzg5MDQ0Mjc1LCJleHAiOjE3ODk2NDkwNzV9.CmpvXyhdfPqYDQFMVYw1bce5HsuUESlW877nDjuwWCp6vx1J1_Bw00d3p_FcKAjp,20195
eyJhbGciOiJIUzM4NCJ9.eyJzdWIiOiI1MDA2NDAiLCJ1c2VybmFtZSI6ImJlbmNoXzQyNzQ2ODVfMzM5IiwiaWF0IjoxNzg5MDQ0Mjc1LCJleHAiOjE3ODk2NDkwNzV9.mhfcaoVaNlQzwuwq8yySypg324RDcAOficMsweIqVD0sx4qAu5GREBynkabez3wq,20196
eyJhbGciOiJIUzM4NCJ9.eyJzdWIiOiI1MDA2MzUiLCJ1c2VybmFtZSI6ImJlbmNoXzQyNzQ2NzVfMzM1IiwiaWF0IjoxNzg5MDQ0Mjc1LCJleHAiOjE3ODk2NDkwNzV9.9TIcsBiqCNGUzmS43YdgOwmPZD-HEvx4nUiqGhP4hdRYkulY1v9PmOd5mJ6ecf5v,20193
eyJhbGciOiJIUzM4NCJ9.eyJzdWIiOiI1MDA2NDEiLCJ1c2VybmFtZSI6ImJlbmNoXzQyNzQ3MjhfMzQ0IiwiaWF0IjoxNzg5MDQ0Mjc1LCJleHAiOjE3ODk2NDkwNzV9.OdhzfjlSV3ILrdFbrigAtR38DfdvW1IQ-374qI_1WkHYITzYnMbAH9daTo5-ZKFy,20200
eyJhbGciOiJIUzM4NCJ9.eyJzdWIiOiI1MDA2NDIiLCJ1c2VybmFtZSI6ImJlbmNoXzQyNzQ3MjNfMzQwIiwiaWF0IjoxNzg5MDQ0Mjc1LCJleHAiOjE3ODk2NDkwNzV9._vp5B3BiC1CCMqwYkGdtHBNhuK3-E40oGx_duXwmFxs1wdLQAHLJUOMcHP3AdIbh,20202
eyJhbGciOiJIUzM4NCJ9.eyJzdWIiOiI1MDA2NDYiLCJ1c2VybmFtZSI6ImJlbmNoXzQyNzQ3MjhfMzQzIiwiaWF0IjoxNzg5MDQ0Mjc1LCJleHAiOjE3ODk2NDkwNzV9.ZdyFf8oPoBn0mk4Zn0D9lNawC9PqEalRMKdOwOAgW7LKpSej8EHEkq_Wr4tllC0n,20203
eyJhbGciOiJIUzM4NCJ9.eyJzdWIiOiI1MDA2NDQiLCJ1c2VybmFtZSI6ImJlbmNoXzQyNzQ3MjlfMzQ1IiwiaWF0IjoxNzg5MDQ0Mjc1LCJleHAiOjE3ODk2NDkwNzV9.UdeoEaNuS6vfZ5KAGv_B-RS3jZIkDnEludMhHvUzK07ypbV_LKlJ3FWahkFzpxoC,20199
eyJhbGciOiJIUzM4NCJ9.eyJzdWIiOiI1MDA2NDMiLCJ1c2VybmFtZSI6ImJlbmNoXzQyNzQ3MjhfMzQyIiwiaWF0IjoxNzg5MDQ0Mjc1LCJleHAiOjE3ODk2NDkwNzV9.aO_GligW-H9fP_Y1WxncqkvKlOSCfVxsZS3Gz4ikShQuDYb3Rk_Tavf4ScDyMD8V,20201
eyJhbGciOiJIUzM4NCJ9.eyJzdWIiOiI1MDA2NDciLCJ1c2VybmFtZSI6ImJlbmNoXzQyNzQ3MjdfMzQxIiwiaWF0IjoxNzg5MDQ0Mjc1LCJleHAiOjE3ODk2NDkwNzV9.KCePdpsYrcU0vCXjU6MggBrT3PYD7rho-3ij0UX1EVsJdfBwdbXgh4jksVZd0m_P,20204
eyJhbGciOiJIUzM4NCJ9.eyJzdWIiOiI1MDA2NTIiLCJ1c2VybmFtZSI6ImJlbmNoXzQyNzQ5NjhfMzUxIiwiaWF0IjoxNzg5MDQ0Mjc1LCJleHAiOjE3ODk2NDkwNzV9.M3nWaNc5EKt0_E_SIl68zVpUIUrGqG5yU_VdbxxSc53q-5Bii9lSGJBE-gJyiXO8,20208
eyJhbGciOiJIUzM4NCJ9.eyJzdWIiOiI1MDA2NTMiLCJ1c2VybmFtZSI6ImJlbmNoXzQyNzQ5NjlfMzUzIiwiaWF0IjoxNzg5MDQ0Mjc1LCJleHAiOjE3ODk2NDkwNzV9.b_wMF0BZlJhqQ4nfzrxtVKObksZtIuLNVqbChcBxcrGz5ND0XstFXqlXyxM07BGm,20211
eyJhbGciOiJIUzM4NCJ9.eyJzdWIiOiI1MDA2NTAiLCJ1c2VybmFtZSI6ImJlbmNoXzQyNzQ5NTJfMzQ5IiwiaWF0IjoxNzg5MDQ0Mjc1LCJleHAiOjE3ODk2NDkwNzV9.E1l9dHLUvSt_QGBKdoNuvkOLntSPXwdfBohJbzBUqa1XpCmeZewzopM1C3Bmp7Xh,20207
eyJhbGciOiJIUzM4NCJ9.eyJzdWIiOiI1MDA2NTQiLCJ1c2VybmFtZSI6ImJlbmNoXzQyNzQ5NjlfMzUyIiwiaWF0IjoxNzg5MDQ0Mjc1LCJleHAiOjE3ODk2NDkwNzV9.cw98nzoeeQnP_2ZABvImS0dVDv-1bxExZRA_ew61xp6YnfKucnaoqLrJQu27DLdK,20210
eyJhbGciOiJIUzM4NCJ9.eyJzdWIiOiI1MDA2NDgiLCJ1c2VybmFtZSI6ImJlbmNoXzQyNzQ5MDNfMzQ3IiwiaWF0IjoxNzg5MDQ0Mjc1LCJleHAiOjE3ODk2NDkwNzV9.vKdAHLzEl_xcDG7L5cIq-nXjqwkbb8eaBTXb_TIPKqHm6ki5N4xipFYHihGVo2wb,20205
eyJhbGciOiJIUzM4NCJ9.eyJzdWIiOiI1MDA2NTEiLCJ1c2VybmFtZSI6ImJlbmNoXzQyNzQ5NTJfMzUwIiwiaWF0IjoxNzg5MDQ0Mjc1LCJleHAiOjE3ODk2NDkwNzV9.DPuGAXsXFBTjLm1PrTBkeH3eQ78tMLzCZEPJfMjQxrXI9FktHXzaUkp0RWm9MWqq,20206
eyJhbGciOiJIUzM4NCJ9.eyJzdWIiOiI1MDA2NDkiLCJ1c2VybmFtZSI6ImJlbmNoXzQyNzQ5MDRfMzQ4IiwiaWF0IjoxNzg5MDQ0Mjc1LCJleHAiOjE3ODk2NDkwNzV9.dZV6tzCXY95vsaiqSYd-NL-wpzqG7tnHoZMNxty9vdAB3LCSC_CNtKLkEtNGyMET,20209
eyJhbGciOiJIUzM4NCJ9.eyJzdWIiOiI1MDA2NTUiLCJ1c2VybmFtZSI6ImJlbmNoXzQyNzUxMTNfMzU0IiwiaWF0IjoxNzg5MDQ0Mjc1LCJleHAiOjE3ODk2NDkwNzV9.AIkl5bT3CGhPWrh_m1a0cbeGFju_VlerxzpF3kK0Cl93q6J6odRD2f9P-_Co2k2W,20213
eyJhbGciOiJIUzM4NCJ9.eyJzdWIiOiI1MDA2NjAiLCJ1c2VybmFtZSI6ImJlbmNoXzQyNzUxNTFfMzYxIiwiaWF0IjoxNzg5MDQ0Mjc1LCJleHAiOjE3ODk2NDkwNzV9.5m1ChqoYMqKd6W-FO1EIpYf1LyAvUOxMQafOFaJ-0lEEL9GXfKUxcMqV-o6L7pBX,20214
eyJhbGciOiJIUzM4NCJ9.eyJzdWIiOiI1MDA2NTYiLCJ1c2VybmFtZSI6ImJlbmNoXzQyNzUxNDRfMzU5IiwiaWF0IjoxNzg5MDQ0Mjc1LCJleHAiOjE3ODk2NDkwNzV9.i5mVGaVIz1MiQ0Jn48eVh96zkrLWYzY04BBQNPWF0PtVespMkr06eA05UnN_-M8X,20212
eyJhbGciOiJIUzM4NCJ9.eyJzdWIiOiI1MDA2NTciLCJ1c2VybmFtZSI6ImJlbmNoXzQyNzUxNDNfMzU4IiwiaWF0IjoxNzg5MDQ0Mjc1LCJleHAiOjE3ODk2NDkwNzV9.qZMljn_3t6PTFcz2yewVufu2Pi2ZG4IavmiMfr7wtt3TLTB8gZHWKCkIFaMz2072,20215
eyJhbGciOiJIUzM4NCJ9.eyJzdWIiOiI1MDA2NTkiLCJ1c2VybmFtZSI6ImJlbmNoXzQyNzUxNTdfMzY1IiwiaWF0IjoxNzg5MDQ0Mjc1LCJleHAiOjE3ODk2NDkwNzV9.1594kMteTJhCc2Rr7vvdeH7yjkF31HLbHgLEowG5ksZ-Lo6lGX-zCyV8u9CtHv9n,20219
eyJhbGciOiJIUzM4NCJ9.eyJzdWIiOiI1MDA2NTgiLCJ1c2VybmFtZSI6ImJlbmNoXzQyNzUxNDRfMzYwIiwiaWF0IjoxNzg5MDQ0Mjc1LCJleHAiOjE3ODk2NDkwNzV9.FieV4KQUjx2P5ddvmMCLeVtPBQO2pWg4DkDgIS1EOk7bCf3vGspMtC7bZOteWeu0,20220
eyJhbGciOiJIUzM4NCJ9.eyJzdWIiOiI1MDA2NjIiLCJ1c2VybmFtZSI6ImJlbmNoXzQyNzUxNTVfMzYzIiwiaWF0IjoxNzg5MDQ0Mjc1LCJleHAiOjE3ODk2NDkwNzV9.v7OCth6UJYPSwB6ekGsFpXYP6NAb0cjZq3VXgaImElw3T1wPX_UURg54qi8DyiaI,20217
eyJhbGciOiJIUzM4NCJ9.eyJzdWIiOiI1MDA2NjQiLCJ1c2VybmFtZSI6ImJlbmNoXzQyNzUxNDFfMzU1IiwiaWF0IjoxNzg5MDQ0Mjc1LCJleHAiOjE3ODk2NDkwNzV9.UZ2NdmjQKc4ROJkuWY2rS6GNWPs8DICexAaHojF-GlGjaOy1RnCD8jmz8qLaNWzA,20218
eyJhbGciOiJIUzM4NCJ9.eyJzdWIiOiI1MDA2NjMiLCJ1c2VybmFtZSI6ImJlbmNoXzQyNzUxNDJfMzU2IiwiaWF0IjoxNzg5MDQ0Mjc1LCJleHAiOjE3ODk2NDkwNzV9.1mbCWHGQ5JNU16oP6wjtJ3jlATuayuUFfT7WybEzQxuhXaex-LvBm6EgnPFAfDS0,20221
eyJhbGciOiJIUzM4NCJ9.eyJzdWIiOiI1MDA2NjYiLCJ1c2VybmFtZSI6ImJlbmNoXzQyNzUxNDJfMzU3IiwiaWF0IjoxNzg5MDQ0Mjc1LCJleHAiOjE3ODk2NDkwNzV9.Azsg5MiEguxjfc0lAXCeRvXtRKCcm0Qyf9Sl7KRN6zmqyNI81RCSkMjzC44dJ8yT,20222
eyJhbGciOiJIUzM4NCJ9.eyJzdWIiOiI1MDA2NjUiLCJ1c2VybmFtZSI6ImJlbmNoXzQyNzUxNTZfMzY0IiwiaWF0IjoxNzg5MDQ0Mjc1LCJleHAiOjE3ODk2NDkwNzV9.AcwA-FxexCSUyGFqE4XxdM0ye_FsuxG3f3bjyOIh1PAodyNUXc-L_XDLY04OE1ne,20216
eyJhbGciOiJIUzM4NCJ9.eyJzdWIiOiI1MDA2NjEiLCJ1c2VybmFtZSI6ImJlbmNoXzQyNzUxNTRfMzYyIiwiaWF0IjoxNzg5MDQ0Mjc1LCJleHAiOjE3ODk2NDkwNzV9.A3ZT5vRFXK-p-wEpyE1LwBuxBD0ih9M43aXc6i9rTEO696gPrSQZOL7Dw4IDCaS4,20223
eyJhbGciOiJIUzM4NCJ9.eyJzdWIiOiI1MDA2NjgiLCJ1c2VybmFtZSI6ImJlbmNoXzQyNzUzNzZfMzczIiwiaWF0IjoxNzg5MDQ0Mjc1LCJleHAiOjE3ODk2NDkwNzV9.T7adA_7VVZGtUnKw3jx-mPxa8p0PINzc0Cr3eQmJieaQ7ImqFYJ1TemVkNcTwK1Z,20224
eyJhbGciOiJIUzM4NCJ9.eyJzdWIiOiI1MDA2NzEiLCJ1c2VybmFtZSI6ImJlbmNoXzQyNzUzNjNfMzY3IiwiaWF0IjoxNzg5MDQ0Mjc1LCJleHAiOjE3ODk2NDkwNzV9.mkY1bUmrBG6LDxG1dWP6VXJTp9uVlEX80manitbLDgtQN_GUE8MSG5EUz07xdoiQ,20227
eyJhbGciOiJIUzM4NCJ9.eyJzdWIiOiI1MDA2NjkiLCJ1c2VybmFtZSI6ImJlbmNoXzQyNzUzNjZfMzY4IiwiaWF0IjoxNzg5MDQ0Mjc1LCJleHAiOjE3ODk2NDkwNzV9.irRxQQAsqpcB_YhxmtfHly5QdZQm3wSrsyQijUqMwMQBVhOPzFOoypaiPghYNPY1,20225
eyJhbGciOiJIUzM4NCJ9.eyJzdWIiOiI1MDA2NjciLCJ1c2VybmFtZSI6ImJlbmNoXzQyNzUyNDJfMzY2IiwiaWF0IjoxNzg5MDQ0Mjc1LCJleHAiOjE3ODk2NDkwNzV9.aMfkwT4YJHRtTMac6gh5u6t7FAv4G7FmMKP3y7wYkhvHbsEUmjcyifhGAqUTn65p,20226
eyJhbGciOiJIUzM4NCJ9.eyJzdWIiOiI1MDA2NzAiLCJ1c2VybmFtZSI6ImJlbmNoXzQyNzUzNzBfMzY5IiwiaWF0IjoxNzg5MDQ0Mjc1LCJleHAiOjE3ODk2NDkwNzV9.U7EgZatMpc8kI_hERPoPHcTmo_D_NuByw4YNgkTqEd9c5G7Ix4_Mo9kG_INvgd_Y,20228
eyJhbGciOiJIUzM4NCJ9.eyJzdWIiOiI1MDA2NzMiLCJ1c2VybmFtZSI6ImJlbmNoXzQyNzUzNzNfMzcyIiwiaWF0IjoxNzg5MDQ0Mjc1LCJleHAiOjE3ODk2NDkwNzV9.oYCjvxLCSL-CVqaSIOfTH_YbZ20iSWBbmnnbdkk7yG0W9Fs2k5myzzsnaWPIcAvu,20230
eyJhbGciOiJIUzM4NCJ9.eyJzdWIiOiI1MDA2NzIiLCJ1c2VybmFtZSI6ImJlbmNoXzQyNzUzNzFfMzcxIiwiaWF0IjoxNzg5MDQ0Mjc1LCJleHAiOjE3ODk2NDkwNzV9.GZjOEBenkJf9zvo-o98OMaR-m9CaUR7KC-oMoCqpN2XfcjQsTX8GF77yqm7vU60R,20229
eyJhbGciOiJIUzM4NCJ9.eyJzdWIiOiI1MDA2NzQiLCJ1c2VybmFtZSI6ImJlbmNoXzQyNzUzNzFfMzcwIiwiaWF0IjoxNzg5MDQ0Mjc1LCJleHAiOjE3ODk2NDkwNzV9.juENWBfuSCDGRMa21QfLI1jKW0jFMlx_KditE2rytHPuBWSoR3cCN0pBfeNeEfgr,20231
eyJhbGciOiJIUzM4NCJ9.eyJzdWIiOiI1MDA2NzciLCJ1c2VybmFtZSI6ImJlbmNoXzQyNzU1NzRfMzc3IiwiaWF0IjoxNzg5MDQ0Mjc1LCJleHAiOjE3ODk2NDkwNzV9.kUHyW-bcd66fM8gPSW_i9Fm7M9MGD3bl6PQVDTJt94pOilmQKr7r8FPpd2FsoPH5,20234
eyJhbGciOiJIUzM4NCJ9.eyJzdWIiOiI1MDA2NzYiLCJ1c2VybmFtZSI6ImJlbmNoXzQyNzU1NjRfMzc2IiwiaWF0IjoxNzg5MDQ0Mjc1LCJleHAiOjE3ODk2NDkwNzV9.PfIaLM47a0octOCFbURQhHWBjX3dTwW1bwGCHslH0eHnqjhDJ5d8B9-VA09aBrzq,20232
eyJhbGciOiJIUzM4NCJ9.eyJzdWIiOiI1MDA2NzkiLCJ1c2VybmFtZSI6ImJlbmNoXzQyNzU2NjdfMzc5IiwiaWF0IjoxNzg5MDQ0Mjc2LCJleHAiOjE3ODk2NDkwNzZ9.7hkoXojr5Sg1-8gbnfu_LUbwXbLCJ5Gk-O76D5Ha45k_-HJjf9sNwcNg9lS1ZBKI,20238
eyJhbGciOiJIUzM4NCJ9.eyJzdWIiOiI1MDA2NzUiLCJ1c2VybmFtZSI6ImJlbmNoXzQyNzU1NjRfMzc1IiwiaWF0IjoxNzg5MDQ0Mjc1LCJleHAiOjE3ODk2NDkwNzV9.xBedOBjc_3xbvdRDPt4jbWN8HMeNuJx8JJtSzenWfc6rhJggh_QnIFBvxlFiS6du,20235
eyJhbGciOiJIUzM4NCJ9.eyJzdWIiOiI1MDA2NzgiLCJ1c2VybmFtZSI6ImJlbmNoXzQyNzU1NjNfMzc0IiwiaWF0IjoxNzg5MDQ0Mjc1LCJleHAiOjE3ODk2NDkwNzV9.SsRiahXMHTGntEkFyQFZUb_yRl4PB4mnqyERMWNMU1tiPDN8WzCbMI-hbBIiBo2X,20233
eyJhbGciOiJIUzM4NCJ9.eyJzdWIiOiI1MDA2ODAiLCJ1c2VybmFtZSI6ImJlbmNoXzQyNzU2NjdfMzc4IiwiaWF0IjoxNzg5MDQ0Mjc2LCJleHAiOjE3ODk2NDkwNzZ9.-v5NpVqFF7NG-uu36LyIPkVixPc9iTtlxk9NitTJVxMM2GiAt0fXAE8FUBVkKgaD,20236
eyJhbGciOiJIUzM4NCJ9.eyJzdWIiOiI1MDA2ODEiLCJ1c2VybmFtZSI6ImJlbmNoXzQyNzU2NzlfMzgyIiwiaWF0IjoxNzg5MDQ0Mjc2LCJleHAiOjE3ODk2NDkwNzZ9.Wk-l2f3HP1eogZvIWyAKcdk-bSwgxELcxDyP54ecg-yw2bmy4QY4t2gzwMRHoXUE,20239
eyJhbGciOiJIUzM4NCJ9.eyJzdWIiOiI1MDA2ODIiLCJ1c2VybmFtZSI6ImJlbmNoXzQyNzU2NzNfMzgxIiwiaWF0IjoxNzg5MDQ0Mjc2LCJleHAiOjE3ODk2NDkwNzZ9.48sqt-KNHenIknyYWlwbVqbPVpHy2e1skYNMKeOHOas0bBj3Fivo-m9elPLYyskQ,20237
eyJhbGciOiJIUzM4NCJ9.eyJzdWIiOiI1MDA2ODMiLCJ1c2VybmFtZSI6ImJlbmNoXzQyNzU2NjlfMzgwIiwiaWF0IjoxNzg5MDQ0Mjc2LCJleHAiOjE3ODk2NDkwNzZ9.z2M2A7jpuMFrYFo1rtjhKTZd9tUKtQHl_Z08tJECKfvJ81I8Ec7_P_eZ4tb3WTvE,20240
eyJhbGciOiJIUzM4NCJ9.eyJzdWIiOiI1MDA2ODUiLCJ1c2VybmFtZSI6ImJlbmNoXzQyNzU3MTNfMzgzIiwiaWF0IjoxNzg5MDQ0Mjc2LCJleHAiOjE3ODk2NDkwNzZ9.ooMQ-E3y_TdSl45iTNBz5dbt2NIGkWmCkGVhU7bVa4Qfwql3BvAvrPBxIIl8YyVd,20241
eyJhbGciOiJIUzM4NCJ9.eyJzdWIiOiI1MDA2OTQiLCJ1c2VybmFtZSI6ImJlbmNoXzQyNzU4NjRfMzkyIiwiaWF0IjoxNzg5MDQ0Mjc2LCJleHAiOjE3ODk2NDkwNzZ9.-GB5-SX31adhVKjlA5RTnL37frWleLDX1A_vw0hrAhc14Lqu1NL8p_y2SYOWPn5K,20242
eyJhbGciOiJIUzM4NCJ9.eyJzdWIiOiI1MDA2ODciLCJ1c2VybmFtZSI6ImJlbmNoXzQyNzU4MDFfMzg2IiwiaWF0IjoxNzg5MDQ0Mjc2LCJleHAiOjE3ODk2NDkwNzZ9.-nFmFCHjDnc19tnjqayfK0xETT2l8SSUlKoO1ScdMBaIuDgYUGotSHrOqYsPsTkl,20251
eyJhbGciOiJIUzM4NCJ9.eyJzdWIiOiI1MDA2ODgiLCJ1c2VybmFtZSI6ImJlbmNoXzQyNzU4MjNfMzg3IiwiaWF0IjoxNzg5MDQ0Mjc2LCJleHAiOjE3ODk2NDkwNzZ9.U9G36dD7iFsLBPrQCsfKLoWD3arRGQPipSlr7WyDMQlZWEjgxeYACc8wAD26kT-_,20243
eyJhbGciOiJIUzM4NCJ9.eyJzdWIiOiI1MDA2OTEiLCJ1c2VybmFtZSI6ImJlbmNoXzQyNzU4MjNfMzg5IiwiaWF0IjoxNzg5MDQ0Mjc2LCJleHAiOjE3ODk2NDkwNzZ9.s-7BDmcunK_GPYXyFZOeYKxoyuw2rWEYvU-kumrK8N7ZHNXkgmz0XjEJhSK9L3TJ,20247
eyJhbGciOiJIUzM4NCJ9.eyJzdWIiOiI1MDA2ODYiLCJ1c2VybmFtZSI6ImJlbmNoXzQyNzU3MTVfMzg1IiwiaWF0IjoxNzg5MDQ0Mjc2LCJleHAiOjE3ODk2NDkwNzZ9.3elV0WNXJ4VmW6YLUwlTHkdMRzs3BOFLnYh91iE1gXPccUQWgTUDm7WsE9qcQcKX,20245
eyJhbGciOiJIUzM4NCJ9.eyJzdWIiOiI1MDA2ODQiLCJ1c2VybmFtZSI6ImJlbmNoXzQyNzU3MTVfMzg0IiwiaWF0IjoxNzg5MDQ0Mjc2LCJleHAiOjE3ODk2NDkwNzZ9.P0ebOOwfoRzXQwT7TNHNxQ0KvrbAMj7QVwj7M-6s2evMFFf5MQk8LxKG6z89Frmx,20249
eyJhbGciOiJIUzM4NCJ9.eyJzdWIiOiI1MDA2OTMiLCJ1c2VybmFtZSI6ImJlbmNoXzQyNzU4NzdfMzkzIiwiaWF0IjoxNzg5MDQ0Mjc2LCJleHAiOjE3ODk2NDkwNzZ9.VJVIRwSndPYzb3DgCmWp6lZBIrDzMAsIxjTc_gaqmuopzDar-G1o6vGop8eTIM6P,20244
eyJhbGciOiJIUzM4NCJ9.eyJzdWIiOiI1MDA2OTIiLCJ1c2VybmFtZSI6ImJlbmNoXzQyNzU4NjNfMzkxIiwiaWF0IjoxNzg5MDQ0Mjc2LCJleHAiOjE3ODk2NDkwNzZ9.z08f6FhpfIitUX7OwVWsp57wuwDG-NzLzknRRCyLVm5Nqyhtx5tA34DnYbYuBTXJ,20250
eyJhbGciOiJIUzM4NCJ9.eyJzdWIiOiI1MDA2ODkiLCJ1c2VybmFtZSI6ImJlbmNoXzQyNzU4MjNfMzg4IiwiaWF0IjoxNzg5MDQ0Mjc2LCJleHAiOjE3ODk2NDkwNzZ9._uXVOohuctl-84jOTUTXAHcotiLklX9xCPbA0p1SNWvyJo4Wa4y9RKONamLFQQyI,20246
eyJhbGciOiJIUzM4NCJ9.eyJzdWIiOiI1MDA2OTAiLCJ1c2VybmFtZSI6ImJlbmNoXzQyNzU4NjNfMzkwIiwiaWF0IjoxNzg5MDQ0Mjc2LCJleHAiOjE3ODk2NDkwNzZ9.h4Uu6VpDelqs0PjSMJjttn05CnY2W6ceADsJCL8vu7Vujry6D1K1SaQE0H9kH53j,20248
eyJhbGciOiJIUzM4NCJ9.eyJzdWIiOiI1MDA2OTUiLCJ1c2VybmFtZSI6ImJlbmNoXzQyNzYxNzdfMzk0IiwiaWF0IjoxNzg5MDQ0Mjc2LCJleHAiOjE3ODk2NDkwNzZ9.5xK1wwx7fFBZZWz5g5gB5sMJ-AfxU4RwbFecUgoW5vFvgq0F_I7rvu4oTJyeIgCE,20252
eyJhbGciOiJIUzM4NCJ9.eyJzdWIiOiI1MDA2OTgiLCJ1c2VybmFtZSI6ImJlbmNoXzQyNzYyMjZfMzk5IiwiaWF0IjoxNzg5MDQ0MjgwLCJleHAiOjE3ODk2NDkwODB9.aCzjmTIWaJBfhPfzpTM7iVSYFFnZuILr7YCBRd_iBQ4F3-XEQTUR7tWviqAtmJt6,20253
eyJhbGciOiJIUzM4NCJ9.eyJzdWIiOiI1MDA3MDIiLCJ1c2VybmFtZSI6ImJlbmNoXzQyNzYyMDNfMzk4IiwiaWF0IjoxNzg5MDQ0MjgwLCJleHAiOjE3ODk2NDkwODB9.FT5Wk0UuNGtz3rKGp-viLD4t42l8Yk8yydxlYXX0Ji0ZqCxOumyKnLgilJGnz0qP,20256
eyJhbGciOiJIUzM4NCJ9.eyJzdWIiOiI1MDA3MDMiLCJ1c2VybmFtZSI6ImJlbmNoXzQyNzYxOTNfMzk1IiwiaWF0IjoxNzg5MDQ0MjgwLCJleHAiOjE3ODk2NDkwODB9.6xsQsRT4Ti0UDooXvf6eSP8dL2e6WIAVPj5rwFq_7Woshs68Ig0YsvNw-0Fudqay,20254
eyJhbGciOiJIUzM4NCJ9.eyJzdWIiOiI1MDA3MDQiLCJ1c2VybmFtZSI6ImJlbmNoXzQyNzYyMjdfNDAwIiwiaWF0IjoxNzg5MDQ0MjgwLCJleHAiOjE3ODk2NDkwODB9.DxP7AoNwVHroA-CuXskMM2evTcIea61MibVGk38kFCNlprl8xfXsZDQJMzY1I_tC,20259
eyJhbGciOiJIUzM4NCJ9.eyJzdWIiOiI1MDA3MDEiLCJ1c2VybmFtZSI6ImJlbmNoXzQyNzYxOTlfMzk2IiwiaWF0IjoxNzg5MDQ0MjgwLCJleHAiOjE3ODk2NDkwODB9.d6SLmY_T8U8_Ue_Zi8nZ06RY6PD2MkXzrjlnn6Z8pyOMofxRTAQO3xCKIOwP3yUv,20260
eyJhbGciOiJIUzM4NCJ9.eyJzdWIiOiI1MDA2OTciLCJ1c2VybmFtZSI6ImJlbmNoXzQyNzYxOTlfMzk3IiwiaWF0IjoxNzg5MDQ0MjgwLCJleHAiOjE3ODk2NDkwODB9.zymtmYBEHQgnyby27rriQ4sX1G4VoZehDA0f3afPDIpEYawzipIriYHzRT7TC-FZ,20255
eyJhbGciOiJIUzM4NCJ9.eyJzdWIiOiI1MDA2OTkiLCJ1c2VybmFtZSI6ImJlbmNoXzQyNzY1NjlfNDAzIiwiaWF0IjoxNzg5MDQ0MjgwLCJleHAiOjE3ODk2NDkwODB9.p2kujbRQKlhBj0pApc5w51qZfSFEkZo9PinDcgPfg6-UaceQCi8u16N2uSCtXvTd,20258
eyJhbGciOiJIUzM4NCJ9.eyJzdWIiOiI1MDA3MDAiLCJ1c2VybmFtZSI6ImJlbmNoXzQyNzY0OTlfNDAxIiwiaWF0IjoxNzg5MDQ0MjgwLCJleHAiOjE3ODk2NDkwODB9.Fk3cD7DX-dP7HY5QW5eDY1LWe-GMPqi7M9zaTrz-mw8mceBKtj4H2LFUwe7a8qs-,20257
eyJhbGciOiJIUzM4NCJ9.eyJzdWIiOiI1MDA2OTYiLCJ1c2VybmFtZSI6ImJlbmNoXzQyNzY1NjFfNDAyIiwiaWF0IjoxNzg5MDQ0MjgwLCJleHAiOjE3ODk2NDkwODB9.EJ6LvY58iyJQugMzd943-Clis8yZxxi3UhjlMyCVb3RH0_onpy2qLu5HBb2FMN2F,20264
eyJhbGciOiJIUzM4NCJ9.eyJzdWIiOiI1MDA3MDUiLCJ1c2VybmFtZSI6ImJlbmNoXzQyODAxOThfNDA0IiwiaWF0IjoxNzg5MDQ0MjgwLCJleHAiOjE3ODk2NDkwODB9.BGQW77lN4pIZHiO3vRbuqRa1x72SqtaSVD_dmzrviWhsBi2Uc7s_iQYG1muHBi9t,20261
eyJhbGciOiJIUzM4NCJ9.eyJzdWIiOiI1MDA3MDYiLCJ1c2VybmFtZSI6ImJlbmNoXzQyODAyMzZfNDA2IiwiaWF0IjoxNzg5MDQ0MjgwLCJleHAiOjE3ODk2NDkwODB9.MKohfr7h3Ar5acGkB8Y2OdWLv3SDDztXnXqfG5DVjLQeBTkZimcPIrKY7Svl_dXk,20263
eyJhbGciOiJIUzM4NCJ9.eyJzdWIiOiI1MDA3MDciLCJ1c2VybmFtZSI6ImJlbmNoXzQyODAyMzZfNDA1IiwiaWF0IjoxNzg5MDQ0MjgwLCJleHAiOjE3ODk2NDkwODB9.tGWa_wjMAgh5QOMZ0vRSApCU6b8xCLfUZttz5VNNLEMZaq4NtsX6GfI9y624ZBCE,20262
eyJhbGciOiJIUzM4NCJ9.eyJzdWIiOiI1MDA3MTIiLCJ1c2VybmFtZSI6ImJlbmNoXzQyODAyNjVfNDA3IiwiaWF0IjoxNzg5MDQ0MjgwLCJleHAiOjE3ODk2NDkwODB9.GB_gmR4JNEXGMDnZspx_SIw5sckmhnQUKJ1HBhfh6auLjYjHgdI_jwlcfWNZcmUZ,20265
eyJhbGciOiJIUzM4NCJ9.eyJzdWIiOiI1MDA3MDgiLCJ1c2VybmFtZSI6ImJlbmNoXzQyODAyNzFfNDExIiwiaWF0IjoxNzg5MDQ0MjgwLCJleHAiOjE3ODk2NDkwODB9.CvMmbLExKtkvEdTIgqQWe0-RSeTvmsxTVKnbD-N-kUJ9IiJKrJhlZk99WfBNMpkv,20270
eyJhbGciOiJIUzM4NCJ9.eyJzdWIiOiI1MDA3MTMiLCJ1c2VybmFtZSI6ImJlbmNoXzQyODAyNzBfNDEwIiwiaWF0IjoxNzg5MDQ0MjgwLCJleHAiOjE3ODk2NDkwODB9.ObOCQ2ZKIXFLARalW6YRNT_I-ORVeDlCrbaClPIUAXs-J-ef21yy5eELa_nvI1yE,20268
eyJhbGciOiJIUzM4NCJ9.eyJzdWIiOiI1MDA3MDkiLCJ1c2VybmFtZSI6ImJlbmNoXzQyODAyNjZfNDA5IiwiaWF0IjoxNzg5MDQ0MjgwLCJleHAiOjE3ODk2NDkwODB9.xpS0WPlc2fuerLt6Jmp62SANMqvwrgt5cqHL-OO76JcfZxPbFjdBU1zum4pq-BFq,20266
eyJhbGciOiJIUzM4NCJ9.eyJzdWIiOiI1MDA3MTEiLCJ1c2VybmFtZSI6ImJlbmNoXzQyODAyNjZfNDA4IiwiaWF0IjoxNzg5MDQ0MjgwLCJleHAiOjE3ODk2NDkwODB9.RfzUs1OXI4_EtuW0bsUoeSr_sy_ciudkL539HWFXw19S7mwoTbpHIBroijrDBBJ4,20267
eyJhbGciOiJIUzM4NCJ9.eyJzdWIiOiI1MDA3MTAiLCJ1c2VybmFtZSI6ImJlbmNoXzQyODAyODBfNDEyIiwiaWF0IjoxNzg5MDQ0MjgwLCJleHAiOjE3ODk2NDkwODB9.faX5jwHwOgDV0hZy0a0svTCBaqankRSPMj3021esM1xl1SUmRp3RPF95cjIvdA37,20269
eyJhbGciOiJIUzM4NCJ9.eyJzdWIiOiI1MDA3MTQiLCJ1c2VybmFtZSI6ImJlbmNoXzQyODAzOTlfNDE0IiwiaWF0IjoxNzg5MDQ0MjgwLCJleHAiOjE3ODk2NDkwODB9.WhN98JYjjsDCZxI1KP1nGxehU1i_XYNzV9LaiZ2TJSLamSFv3kPVEVrM-7U9_-Z0,20271
eyJhbGciOiJIUzM4NCJ9.eyJzdWIiOiI1MDA3MTUiLCJ1c2VybmFtZSI6ImJlbmNoXzQyODAzMDVfNDEzIiwiaWF0IjoxNzg5MDQ0MjgwLCJleHAiOjE3ODk2NDkwODB9.rqiNzj6Rl_2hhLdDKleYiV4AYH55wa8lnvkf4W2dmYitfgyoub6mXsKPUp_UWVzK,20272
eyJhbGciOiJIUzM4NCJ9.eyJzdWIiOiI1MDA3MTYiLCJ1c2VybmFtZSI6ImJlbmNoXzQyODA3NjNfNDE1IiwiaWF0IjoxNzg5MDQ0MjgxLCJleHAiOjE3ODk2NDkwODF9.0mIOy5GNFgrNXsumvNKVr28GY55sjjdzSKEC2RITSW_RwJvtqG_gs4UNOsWUZJ4K,20274
eyJhbGciOiJIUzM4NCJ9.eyJzdWIiOiI1MDA3MTgiLCJ1c2VybmFtZSI6ImJlbmNoXzQyODA4MDZfNDE2IiwiaWF0IjoxNzg5MDQ0MjgxLCJleHAiOjE3ODk2NDkwODF9.ULdKgap3LbVw_-rruHQhojcKRB6O9O75RntkbfG15MGG2mUin6WtMPZ-1Kiy8XiV,20273
eyJhbGciOiJIUzM4NCJ9.eyJzdWIiOiI1MDA3MjIiLCJ1c2VybmFtZSI6ImJlbmNoXzQyODA4NDNfNDIxIiwiaWF0IjoxNzg5MDQ0MjgxLCJleHAiOjE3ODk2NDkwODF9.sYszF014CmZf5Gl1z4-4WDhi2NhbjAR2dfmSA7JT-Ch6m1BxDEWWtvyX7eu4QBES,20277
eyJhbGciOiJIUzM4NCJ9.eyJzdWIiOiI1MDA3MjAiLCJ1c2VybmFtZSI6ImJlbmNoXzQyODA4NDFfNDE5IiwiaWF0IjoxNzg5MDQ0MjgxLCJleHAiOjE3ODk2NDkwODF9.sL-9PVyoD5J7QaaiK9x8jqrGhNtaHt7mb6dfCizZ-fxVbuFyNhWJa2bHNmzuuxK3,20276
eyJhbGciOiJIUzM4NCJ9.eyJzdWIiOiI1MDA3MTciLCJ1c2VybmFtZSI6ImJlbmNoXzQyODA4MDlfNDE3IiwiaWF0IjoxNzg5MDQ0MjgxLCJleHAiOjE3ODk2NDkwODF9.cGwsTk9e5RfLj-DdzViZ5dtqcvCiJXMoq02TYTyYZiLzff37sL4Em3FSX02vIQLw,20275
eyJhbGciOiJIUzM4NCJ9.eyJzdWIiOiI1MDA3MjMiLCJ1c2VybmFtZSI6ImJlbmNoXzQyODA4NDBfNDE4IiwiaWF0IjoxNzg5MDQ0MjgxLCJleHAiOjE3ODk2NDkwODF9.qty1MmkDZXDecohC5EHVO7HiDZ3iiLqm5iblH78bX2e8cVdWQvePW12ajNhJm4yJ,20278
eyJhbGciOiJIUzM4NCJ9.eyJzdWIiOiI1MDA3MTkiLCJ1c2VybmFtZSI6ImJlbmNoXzQyODA4NDJfNDIwIiwiaWF0IjoxNzg5MDQ0MjgxLCJleHAiOjE3ODk2NDkwODF9.LBhgWfj0GbZOv248wKNMtArZJu7YuGLsiP-cphGOE4bEo__Rs_PrcW7gRJZ7jvJI,20279
eyJhbGciOiJIUzM4NCJ9.eyJzdWIiOiI1MDA3MjQiLCJ1c2VybmFtZSI6ImJlbmNoXzQyODA4ODVfNDIzIiwiaWF0IjoxNzg5MDQ0MjgxLCJleHAiOjE3ODk2NDkwODF9._RmrBcbUeahoBSLdCN6D8MhSc_brFzkXH6CTgYkKdGmMc1ssgU7kynyRH2Gj7AxC,20280
eyJhbGciOiJIUzM4NCJ9.eyJzdWIiOiI1MDA3MjEiLCJ1c2VybmFtZSI6ImJlbmNoXzQyODA4NDVfNDIyIiwiaWF0IjoxNzg5MDQ0MjgxLCJleHAiOjE3ODk2NDkwODF9.JU-oeETmm-gSPikVQy5iPH1k6BvSxAKz_NOKYPyrq92b2yC3RZtwGs12uhd-mufy,20281
eyJhbGciOiJIUzM4NCJ9.eyJzdWIiOiI1MDA3MjciLCJ1c2VybmFtZSI6ImJlbmNoXzQyODA5MTRfNDI1IiwiaWF0IjoxNzg5MDQ0MjgxLCJleHAiOjE3ODk2NDkwODF9.Q5xMTDKOoIOnlJs_RCz6sIL7fj3Xn9qUiIvuKWWqCZqr9yOfIGAWSEqiAKWF58uD,20284
eyJhbGciOiJIUzM4NCJ9.eyJzdWIiOiI1MDA3MjYiLCJ1c2VybmFtZSI6ImJlbmNoXzQyODA5MjFfNDI2IiwiaWF0IjoxNzg5MDQ0MjgxLCJleHAiOjE3ODk2NDkwODF9.oAoJ8q3GxTvgcVSG48dogDg9_AycU0sborKZHWzHJPcH5xVhAJGHeZm7yd1JvDN6,20283
eyJhbGciOiJIUzM4NCJ9.eyJzdWIiOiI1MDA3MjUiLCJ1c2VybmFtZSI6ImJlbmNoXzQyODA5MTNfNDI0IiwiaWF0IjoxNzg5MDQ0MjgxLCJleHAiOjE3ODk2NDkwODF9.ais3z98oJ7uToUjO_FK_ipis1hjSfcMUoyA-91ta4VgMuXKGufI_BY06IGrfKCGJ,20282
eyJhbGciOiJIUzM4NCJ9.eyJzdWIiOiI1MDA3MjkiLCJ1c2VybmFtZSI6ImJlbmNoXzQyODEwNDBfNDI3IiwiaWF0IjoxNzg5MDQ0MjgxLCJleHAiOjE3ODk2NDkwODF9.Ea658wP9twL13_k5UY8yUqPHFnNHsmDxe8iiDQERP5P3i6AzHg4wbZkCGPAJTPQT,20286
eyJhbGciOiJIUzM4NCJ9.eyJzdWIiOiI1MDA3MjgiLCJ1c2VybmFtZSI6ImJlbmNoXzQyODEwNDFfNDI4IiwiaWF0IjoxNzg5MDQ0MjgxLCJleHAiOjE3ODk2NDkwODF9.RN5ZSI4tMCjZlDaYpNR0rIWPkI-_WMYmsyp1eGe73eHQOXlGkcX6vVyW0ZgFwwV2,20285
eyJhbGciOiJIUzM4NCJ9.eyJzdWIiOiI1MDA3MzIiLCJ1c2VybmFtZSI6ImJlbmNoXzQyODEwNTFfNDMyIiwiaWF0IjoxNzg5MDQ0MjgxLCJleHAiOjE3ODk2NDkwODF9.TVozPMN856U5TZ57WMsglH6y2OHGDPqGpDXofAi2ae3ZbaGF3hKp9osDUCS7wgih,20287
eyJhbGciOiJIUzM4NCJ9.eyJzdWIiOiI1MDA3MzMiLCJ1c2VybmFtZSI6ImJlbmNoXzQyODEwNDJfNDMxIiwiaWF0IjoxNzg5MDQ0MjgxLCJleHAiOjE3ODk2NDkwODF9.pergk-l3C7X7CyNd2l2FrjC7DCk9LcMKetAi39hw1o8NFA6y-zmkMw9YJ1UMOJuN,20288
eyJhbGciOiJIUzM4NCJ9.eyJzdWIiOiI1MDA3MzEiLCJ1c2VybmFtZSI6ImJlbmNoXzQyODEwNDFfNDI5IiwiaWF0IjoxNzg5MDQ0MjgxLCJleHAiOjE3ODk2NDkwODF9.WNg7LtGq0tkZ-nW82dkKYy7jrS5dPb1cT4nSfVstTh6MpUOsjsASJT-dofK6T-lF,20290
eyJhbGciOiJIUzM4NCJ9.eyJzdWIiOiI1MDA3MzAiLCJ1c2VybmFtZSI6ImJlbmNoXzQyODEwNDFfNDMwIiwiaWF0IjoxNzg5MDQ0MjgxLCJleHAiOjE3ODk2NDkwODF9.artZYUzvXTaT7o_tjSZR4kveztXRto96rb4UUP5MRcnPLYC7PpEatPeiCLTuXxiI,20289
eyJhbGciOiJIUzM4NCJ9.eyJzdWIiOiI1MDA3MzUiLCJ1c2VybmFtZSI6ImJlbmNoXzQyODEwNzdfNDMzIiwiaWF0IjoxNzg5MDQ0MjgxLCJleHAiOjE3ODk2NDkwODF9.wo4LZrn7-WHXRk8PKeXiLImllTiYDV6SCz_4YL3WshDyikjZZEauknFN0q-ntht5,20292
eyJhbGciOiJIUzM4NCJ9.eyJzdWIiOiI1MDA3MzQiLCJ1c2VybmFtZSI6ImJlbmNoXzQyODExMzBfNDM0IiwiaWF0IjoxNzg5MDQ0MjgxLCJleHAiOjE3ODk2NDkwODF9.vV2EfC3DnVqZZeGTwNHzU8_snUp2bcrEzCodR3GqejxU2uHzM4t3r35zChvVqfVo,20291
eyJhbGciOiJIUzM4NCJ9.eyJzdWIiOiI1MDA3MzYiLCJ1c2VybmFtZSI6ImJlbmNoXzQyODEzODJfNDM2IiwiaWF0IjoxNzg5MDQ0MjgxLCJleHAiOjE3ODk2NDkwODF9.hXgp5imDemvkcnF09WKaIxpz1BZjcQ-YstFUE1YjZuC3ib_skzaKS-_HLWT2Xy44,20294
eyJhbGciOiJIUzM4NCJ9.eyJzdWIiOiI1MDA3MzciLCJ1c2VybmFtZSI6ImJlbmNoXzQyODEzMTFfNDM1IiwiaWF0IjoxNzg5MDQ0MjgxLCJleHAiOjE3ODk2NDkwODF9.4nr0PkdGUIdVHjSa6akBeRbBXmK3a0VrHrvQEut8RSn_cAncdqpY3U-_MDGSLcxk,20293
eyJhbGciOiJIUzM4NCJ9.eyJzdWIiOiI1MDA3NDMiLCJ1c2VybmFtZSI6ImJlbmNoXzQyODE0OTdfNDQ1IiwiaWF0IjoxNzg5MDQ0MjgxLCJleHAiOjE3ODk2NDkwODF9.kFZnFRWn3OshV8AOz5qIltcRXDu7CYU2gDMl-6y4Po5v6HbPkLjppswnklfXlutk,20298
eyJhbGciOiJIUzM4NCJ9.eyJzdWIiOiI1MDA3NDEiLCJ1c2VybmFtZSI6ImJlbmNoXzQyODE0NDhfNDQxIiwiaWF0IjoxNzg5MDQ0MjgxLCJleHAiOjE3ODk2NDkwODF9.DAI8AQpJrOa4qfTxVlsNOgrx6nWuGSIrLZt_gvZnI7nguto_v88zxZvePdHoBN7c,20296
eyJhbGciOiJIUzM4NCJ9.eyJzdWIiOiI1MDA3NDUiLCJ1c2VybmFtZSI6ImJlbmNoXzQyODE0NzRfNDQyIiwiaWF0IjoxNzg5MDQ0MjgxLCJleHAiOjE3ODk2NDkwODF9.heHdDFGSWM02dn0q2lQ5VZqFuU8KqQxN34ldb0F3OQIl3IvCCm0r1AWnKDbgsjgH,20300
eyJhbGciOiJIUzM4NCJ9.eyJzdWIiOiI1MDA3NDIiLCJ1c2VybmFtZSI6ImJlbmNoXzQyODE0MzRfNDQwIiwiaWF0IjoxNzg5MDQ0MjgxLCJleHAiOjE3ODk2NDkwODF9.EzX06qnsskxN4yrt99Q0okOKSTZrRypL65dVHHF3XyoPtn87QG9WXL01J0xvxTb-,20301
eyJhbGciOiJIUzM4NCJ9.eyJzdWIiOiI1MDA3NDciLCJ1c2VybmFtZSI6ImJlbmNoXzQyODE1MDFfNDQ2IiwiaWF0IjoxNzg5MDQ0MjgxLCJleHAiOjE3ODk2NDkwODF9.Pe_Nt_p_8SUSrg988ID5mZ66JaLl1HqL3__D7jXjrhre9lUNLbioHI0JdalaqGc7,20303
eyJhbGciOiJIUzM4NCJ9.eyJzdWIiOiI1MDA3NDQiLCJ1c2VybmFtZSI6ImJlbmNoXzQyODE0OTZfNDQ0IiwiaWF0IjoxNzg5MDQ0MjgxLCJleHAiOjE3ODk2NDkwODF9.fTbuKN7OxWZKMn3fPcakYg4A4IwHAWoGqnioawV7g2JuyymBCUV9ajGH3yjWkvVm,20299
eyJhbGciOiJIUzM4NCJ9.eyJzdWIiOiI1MDA3NDYiLCJ1c2VybmFtZSI6ImJlbmNoXzQyODE0OTJfNDQzIiwiaWF0IjoxNzg5MDQ0MjgxLCJleHAiOjE3ODk2NDkwODF9.swdcjrwf7SkrVpMaTxh-TgZizoJs123lJlX5kGDNdKLj_lUjyxM0lQKBBSIIgI-K,20304
eyJhbGciOiJIUzM4NCJ9.eyJzdWIiOiI1MDA3MzkiLCJ1c2VybmFtZSI6ImJlbmNoXzQyODEzOTJfNDM4IiwiaWF0IjoxNzg5MDQ0MjgxLCJleHAiOjE3ODk2NDkwODF9.TyjYJ1qYZT3elUsZPVKWHb38gTE_Hw8EtIZEhV89jExaa1QMVttCbfPt4Y8-PAG2,20295
eyJhbGciOiJIUzM4NCJ9.eyJzdWIiOiI1MDA3NDAiLCJ1c2VybmFtZSI6ImJlbmNoXzQyODE0MDVfNDM5IiwiaWF0IjoxNzg5MDQ0MjgxLCJleHAiOjE3ODk2NDkwODF9.99mvzOfAYOQyj6eheWk_Tpxo9mxEdPbudvSedxob2zDaptyLsFWGx2ukQWDu1hx5,20302
eyJhbGciOiJIUzM4NCJ9.eyJzdWIiOiI1MDA3MzgiLCJ1c2VybmFtZSI6ImJlbmNoXzQyODEzODVfNDM3IiwiaWF0IjoxNzg5MDQ0MjgxLCJleHAiOjE3ODk2NDkwODF9.T9_zcP95_-jJj5FzRQu4KVBAh1bn9f0Lh_SJg21vEKbOVSNeib4UsJrICJeNjQOm,20297
eyJhbGciOiJIUzM4NCJ9.eyJzdWIiOiI1MDA3NDgiLCJ1c2VybmFtZSI6ImJlbmNoXzQyODE1ODhfNDQ3IiwiaWF0IjoxNzg5MDQ0MjgxLCJleHAiOjE3ODk2NDkwODF9.6H283IPFRpzo1aeTmhDb_cOc5yzdmH3dzrcrW5B3QefLGzFfoy9YaZQPr_hqdLRc,20305
eyJhbGciOiJIUzM4NCJ9.eyJzdWIiOiI1MDA3NTMiLCJ1c2VybmFtZSI6ImJlbmNoXzQyODE2MjFfNDQ5IiwiaWF0IjoxNzg5MDQ0MjgyLCJleHAiOjE3ODk2NDkwODJ9._FH2HjlqapSgapTL6goVmRtx_gKs89vNob7_4UdS0yfugmPElcGrwFGhsMLupJz1,20306
eyJhbGciOiJIUzM4NCJ9.eyJzdWIiOiI1MDA3NTEiLCJ1c2VybmFtZSI6ImJlbmNoXzQyODE2NDNfNDUyIiwiaWF0IjoxNzg5MDQ0MjgyLCJleHAiOjE3ODk2NDkwODJ9.3TgJifUqWCKsd5psjLC7QFoxJV2r8zMQJsCBJxHOOtHQW-Rlz_b4zzElLMsMN6aj,20310
eyJhbGciOiJIUzM4NCJ9.eyJzdWIiOiI1MDA3NTQiLCJ1c2VybmFtZSI6ImJlbmNoXzQyODE3MzlfNDU0IiwiaWF0IjoxNzg5MDQ0MjgyLCJleHAiOjE3ODk2NDkwODJ9.CBIPQCqWg0HE7T2O71oMWPrmka-N_eFzVuhUyEQrpkrfuOqzz_rNbrES9-QHLz78,20307
eyJhbGciOiJIUzM4NCJ9.eyJzdWIiOiI1MDA3NTAiLCJ1c2VybmFtZSI6ImJlbmNoXzQyODE2MjVfNDUwIiwiaWF0IjoxNzg5MDQ0MjgyLCJleHAiOjE3ODk2NDkwODJ9.UQWoGI5ov68hrFHK646NjTt3eN30uUR-sMiRoXQexj3DgeB_2ZebWIow4zpo0G-x,20311
eyJhbGciOiJIUzM4NCJ9.eyJzdWIiOiI1MDA3NDkiLCJ1c2VybmFtZSI6ImJlbmNoXzQyODE1ODhfNDQ4IiwiaWF0IjoxNzg5MDQ0MjgyLCJleHAiOjE3ODk2NDkwODJ9.Z2il1bqdhDO5GD9fSxt1U4b8pwMixUSV0ZtR8B6H8mXcf2DneXsgqGy1O9miY2gn,20309
eyJhbGciOiJIUzM4NCJ9.eyJzdWIiOiI1MDA3NTIiLCJ1c2VybmFtZSI6ImJlbmNoXzQyODE2NDJfNDUxIiwiaWF0IjoxNzg5MDQ0MjgyLCJleHAiOjE3ODk2NDkwODJ9.zMLvh22doa2f94fbp6TrMjypxQK-cPQEQuSgG-Y4AseqUXaUyHeoeClDOJWYd_NH,20308
eyJhbGciOiJIUzM4NCJ9.eyJzdWIiOiI1MDA3NTUiLCJ1c2VybmFtZSI6ImJlbmNoXzQyODE3MzhfNDUzIiwiaWF0IjoxNzg5MDQ0MjgyLCJleHAiOjE3ODk2NDkwODJ9.E0DLXviUqbNaEOVcSupst0KFDinn3_he2-Y2LJcwg6oSuiACSPpIlMDrvVWCGV_H,20312
eyJhbGciOiJIUzM4NCJ9.eyJzdWIiOiI1MDA3NTYiLCJ1c2VybmFtZSI6ImJlbmNoXzQyODE5OTRfNDU1IiwiaWF0IjoxNzg5MDQ0MjgyLCJleHAiOjE3ODk2NDkwODJ9.mCBA1AfIU5Ud19w1nIKfVU_6BzzJz052n_MD-IvpnY55_vsDco24s3T3cDvyqCYq,20313
eyJhbGciOiJIUzM4NCJ9.eyJzdWIiOiI1MDA3NTciLCJ1c2VybmFtZSI6ImJlbmNoXzQyODE5OTRfNDU2IiwiaWF0IjoxNzg5MDQ0MjgyLCJleHAiOjE3ODk2NDkwODJ9.Az3zNO8jqt3B2709xRKH3VdWGbgaCggdfXxF35usHjX0Y63carhRrbRPZe1voxDp,20314
eyJhbGciOiJIUzM4NCJ9.eyJzdWIiOiI1MDA3NTkiLCJ1c2VybmFtZSI6ImJlbmNoXzQyODIxMThfNDY0IiwiaWF0IjoxNzg5MDQ0MjgyLCJleHAiOjE3ODk2NDkwODJ9.9JfuFaZfgPSK_95FsjThuoqsxeHSgERcK2qv_EJiys5jidc8ob4LYblcnM6lslT9,20317
eyJhbGciOiJIUzM4NCJ9.eyJzdWIiOiI1MDA3NjEiLCJ1c2VybmFtZSI6ImJlbmNoXzQyODIxMTBfNDYwIiwiaWF0IjoxNzg5MDQ0MjgyLCJleHAiOjE3ODk2NDkwODJ9.Ib-7By0plyzdRW3z-YiybrG85smjZs4Dmgd5TrAVr7750MYAyZmvJFYbCcmgSnZ3,20318
eyJhbGciOiJIUzM4NCJ9.eyJzdWIiOiI1MDA3NTgiLCJ1c2VybmFtZSI6ImJlbmNoXzQyODIxMTBfNDYxIiwiaWF0IjoxNzg5MDQ0MjgyLCJleHAiOjE3ODk2NDkwODJ9.7kED3nja-uVS5cxu8YIYXlzR7uigY35vSf_AvzD0z-wFDQ_nuFuO_NqUeemL1Mx1,20315
eyJhbGciOiJIUzM4NCJ9.eyJzdWIiOiI1MDA3NjQiLCJ1c2VybmFtZSI6ImJlbmNoXzQyODIxMDlfNDU3IiwiaWF0IjoxNzg5MDQ0MjgyLCJleHAiOjE3ODk2NDkwODJ9.xFao6AAG5P3uvPXELt6B9k571KFtiQ9uhwgNBRITvq7RSwXGR0QeaF5_-QVYGgAg,20323
eyJhbGciOiJIUzM4NCJ9.eyJzdWIiOiI1MDA3NjAiLCJ1c2VybmFtZSI6ImJlbmNoXzQyODIxMDlfNDU5IiwiaWF0IjoxNzg5MDQ0MjgyLCJleHAiOjE3ODk2NDkwODJ9._NjO0GASnc5tJVi3WHQNxTojwtge1yEc22vwxC4464tlgm2a2UOt_CDQ2wFr3nKm,20320
eyJhbGciOiJIUzM4NCJ9.eyJzdWIiOiI1MDA3NjIiLCJ1c2VybmFtZSI6ImJlbmNoXzQyODIxMThfNDYzIiwiaWF0IjoxNzg5MDQ0MjgyLCJleHAiOjE3ODk2NDkwODJ9.jZaY45anqOT0M89e4gIkOrvxH5N3XYB7EUTN_W6mBL1mOJx9JDnrkYr3XF7D0_Zq,20319
eyJhbGciOiJIUzM4NCJ9.eyJzdWIiOiI1MDA3NjMiLCJ1c2VybmFtZSI6ImJlbmNoXzQyODIxMjBfNDY2IiwiaWF0IjoxNzg5MDQ0MjgyLCJleHAiOjE3ODk2NDkwODJ9.KkJDGdw71fPfmnQgKMBkjjFA17G7mS1C8OwG2dblcMzlZDBwEXbIj9PtIRY0jE8Q,20316
eyJhbGciOiJIUzM4NCJ9.eyJzdWIiOiI1MDA3NjUiLCJ1c2VybmFtZSI6ImJlbmNoXzQyODIxMTdfNDYyIiwiaWF0IjoxNzg5MDQ0MjgyLCJleHAiOjE3ODk2NDkwODJ9.GSaJWP3LkY5m8luZapTTS0XOvNg_GQTvjq2xtnYAkdchIAyUlg6wxymaXC2PslmD,20322
eyJhbGciOiJIUzM4NCJ9.eyJzdWIiOiI1MDA3NjYiLCJ1c2VybmFtZSI6ImJlbmNoXzQyODIxMDlfNDU4IiwiaWF0IjoxNzg5MDQ0MjgyLCJleHAiOjE3ODk2NDkwODJ9.qVZqUpDVmhi2l-mtSvewMLICYyp2ps8GkHch62IAhCkg-3oQQrw2mjjOlkTRtJJm,20321
eyJhbGciOiJIUzM4NCJ9.eyJzdWIiOiI1MDA3NjciLCJ1c2VybmFtZSI6ImJlbmNoXzQyODIxMThfNDY1IiwiaWF0IjoxNzg5MDQ0MjgyLCJleHAiOjE3ODk2NDkwODJ9.FjcUoLH0cCEWJEkNGhP8HCFEbcQaH1xFv6EYHBzd0LbomSQuVR68Bbfw9MQOofBc,20324
eyJhbGciOiJIUzM4NCJ9.eyJzdWIiOiI1MDA3NzEiLCJ1c2VybmFtZSI6ImJlbmNoXzQyODIyMTNfNDY3IiwiaWF0IjoxNzg5MDQ0MjgyLCJleHAiOjE3ODk2NDkwODJ9.V47swogNYeBgaYk641nqmGnKA-xoWAuIFWNtHhsshTA9ZxNdlm1K-sVsXD01zp-k,20325
eyJhbGciOiJIUzM4NCJ9.eyJzdWIiOiI1MDA3NzMiLCJ1c2VybmFtZSI6ImJlbmNoXzQyODIyNDZfNDcwIiwiaWF0IjoxNzg5MDQ0MjgyLCJleHAiOjE3ODk2NDkwODJ9.xzxdn42i4FJiPBPvtQCI3BmJITylTJau4BpEOA3Y-w2uWlBqAICHMP7rUBcb7Mn4,20331
eyJhbGciOiJIUzM4NCJ9.eyJzdWIiOiI1MDA3NzIiLCJ1c2VybmFtZSI6ImJlbmNoXzQyODIyNTFfNDcxIiwiaWF0IjoxNzg5MDQ0MjgyLCJleHAiOjE3ODk2NDkwODJ9.-7WOIPiz05RkTeANpYLXSzBTS9d0AL6k_DHp2_mONqjPEDR4NwyoZDkS0DktSOhp,20330
eyJhbGciOiJIUzM4NCJ9.eyJzdWIiOiI1MDA3NjkiLCJ1c2VybmFtZSI6ImJlbmNoXzQyODIyNDVfNDY5IiwiaWF0IjoxNzg5MDQ0MjgyLCJleHAiOjE3ODk2NDkwODJ9.U9arNkSV-n2ILep9oZEgjnXw5aCOb3UFnq4QaN_YERtZD33p-6eaRGG6Ez0ne71v,20329
eyJhbGciOiJIUzM4NCJ9.eyJzdWIiOiI1MDA3NzAiLCJ1c2VybmFtZSI6ImJlbmNoXzQyODIyNTRfNDczIiwiaWF0IjoxNzg5MDQ0MjgyLCJleHAiOjE3ODk2NDkwODJ9.nyisW5UvqD4m5irxodtTwftXFwaZISm1rpNJe0Bb562J_ZGNO4nMpUaGvSq_53Jh,20328
eyJhbGciOiJIUzM4NCJ9.eyJzdWIiOiI1MDA3NzQiLCJ1c2VybmFtZSI6ImJlbmNoXzQyODIyNTJfNDcyIiwiaWF0IjoxNzg5MDQ0MjgyLCJleHAiOjE3ODk2NDkwODJ9.AgdrYzpIYWE2x3bkJD0dvqHTrqFER4_6QFvj7Rm06zIdtj6R1R_9tCp_xwWzZ9Y8,20332
eyJhbGciOiJIUzM4NCJ9.eyJzdWIiOiI1MDA3NjgiLCJ1c2VybmFtZSI6ImJlbmNoXzQyODIyMTNfNDY4IiwiaWF0IjoxNzg5MDQ0MjgyLCJleHAiOjE3ODk2NDkwODJ9.eRtOK73Z9BAyRH7zs7w63p7cEyLZTiOi8LGBH3wKm5ACK_HWfKXy3pxWAB6ECLpR,20326
eyJhbGciOiJIUzM4NCJ9.eyJzdWIiOiI1MDA3NzUiLCJ1c2VybmFtZSI6ImJlbmNoXzQyODIzMDlfNDc0IiwiaWF0IjoxNzg5MDQ0MjgyLCJleHAiOjE3ODk2NDkwODJ9.gmmARydetHe7spr1ngbV2yXrTyBt1NXo9TMxdUCMVHqqRHvIR1aFkZWuXYj_hrGi,20327
eyJhbGciOiJIUzM4NCJ9.eyJzdWIiOiI1MDA3NzYiLCJ1c2VybmFtZSI6ImJlbmNoXzQyODI1MzRfNDc1IiwiaWF0IjoxNzg5MDQ0MjgyLCJleHAiOjE3ODk2NDkwODJ9.pvFhNqxGkuEwc2V1O9wlTjZ54WS950lbKvVXGWJF-KDeLwAdLfwr9aBCHz2cR7k0,20333
eyJhbGciOiJIUzM4NCJ9.eyJzdWIiOiI1MDA3NzciLCJ1c2VybmFtZSI6ImJlbmNoXzQyODI1ODRfNDc3IiwiaWF0IjoxNzg5MDQ0MjgyLCJleHAiOjE3ODk2NDkwODJ9.9OC9xfdZ5uhQ1XCI0j-AqLHrLgTn_-s3kI-7NSlM3WPJe3f_G5d5JFtnqS6Lxk60,20334
eyJhbGciOiJIUzM4NCJ9.eyJzdWIiOiI1MDA3ODAiLCJ1c2VybmFtZSI6ImJlbmNoXzQyODI2MTFfNDgwIiwiaWF0IjoxNzg5MDQ0MjgyLCJleHAiOjE3ODk2NDkwODJ9.UZqTVc6vX9o60jBjTM0n6jiWhvrC1aHtlcXcJ4CEDhjpUQu7_rHlJ18Iuk3xG5KE,20335
eyJhbGciOiJIUzM4NCJ9.eyJzdWIiOiI1MDA3NzkiLCJ1c2VybmFtZSI6ImJlbmNoXzQyODI2MTVfNDgyIiwiaWF0IjoxNzg5MDQ0MjgyLCJleHAiOjE3ODk2NDkwODJ9.Tom65W0g2ZouCeTIggSNCUh3qVKB941gXdjioQM9akl1UbkEsdtqyCCDauqu8J43,20338
eyJhbGciOiJIUzM4NCJ9.eyJzdWIiOiI1MDA3ODEiLCJ1c2VybmFtZSI6ImJlbmNoXzQyODI2MTZfNDg0IiwiaWF0IjoxNzg5MDQ0MjgyLCJleHAiOjE3ODk2NDkwODJ9.VNn98_-QAebw9OZvyZYK0W5pWTTb_NyOtPFyyM8n3aTW4iKw7J9NQCSVET3Vy3YE,20337
eyJhbGciOiJIUzM4NCJ9.eyJzdWIiOiI1MDA3ODYiLCJ1c2VybmFtZSI6ImJlbmNoXzQyODI2MjlfNDg1IiwiaWF0IjoxNzg5MDQ0MjgyLCJleHAiOjE3ODk2NDkwODJ9.U_hZl4AKFl8reUm5zNRHNktbgVi_-x-U3jEe0rQ8ObuwMCBYKpQpRAIF8pE8kNU5,20336
eyJhbGciOiJIUzM4NCJ9.eyJzdWIiOiI1MDA3NzgiLCJ1c2VybmFtZSI6ImJlbmNoXzQyODI1NjhfNDc2IiwiaWF0IjoxNzg5MDQ0MjgyLCJleHAiOjE3ODk2NDkwODJ9.Mhbyl2L1iqEi89x8ZQRFk_8rLoj9lLwBWe4kcyWLvqagcq-69gMT-wV-TghRhlil,20341
eyJhbGciOiJIUzM4NCJ9.eyJzdWIiOiI1MDA3ODciLCJ1c2VybmFtZSI6ImJlbmNoXzQyODI2NzFfNDg2IiwiaWF0IjoxNzg5MDQ0MjgyLCJleHAiOjE3ODk2NDkwODJ9.-zlbazQ0aS9-_7CfmMabuUFqaeQgIXfESQBaHxjXKH66FeT3Qjz35mIGd4PurDX2,20340
eyJhbGciOiJIUzM4NCJ9.eyJzdWIiOiI1MDA3ODQiLCJ1c2VybmFtZSI6ImJlbmNoXzQyODI1OTZfNDc4IiwiaWF0IjoxNzg5MDQ0MjgyLCJleHAiOjE3ODk2NDkwODJ9.k5YKYOZw5GebBpSUkeVDmyoqD09jiervVQi8WQmaZM7ioZYk7ewSfvVnLqwg12Jf,20343
eyJhbGciOiJIUzM4NCJ9.eyJzdWIiOiI1MDA3ODUiLCJ1c2VybmFtZSI6ImJlbmNoXzQyODI2MTFfNDgxIiwiaWF0IjoxNzg5MDQ0MjgyLCJleHAiOjE3ODk2NDkwODJ9.thVu0uPIoZuoiwAF1rSfzbJP--f_M6K46M76f3JHU9a2PZ-dHy_J7Lp-26Q8KxaP,20339
eyJhbGciOiJIUzM4NCJ9.eyJzdWIiOiI1MDA3ODMiLCJ1c2VybmFtZSI6ImJlbmNoXzQyODI1OTdfNDc5IiwiaWF0IjoxNzg5MDQ0MjgyLCJleHAiOjE3ODk2NDkwODJ9.dKp849S2a-85adaSpViqIUypbSPiEhE8kB-tUbi1Ezk1wsEtjr0KWXUiMPzN4Zsy,20342
eyJhbGciOiJIUzM4NCJ9.eyJzdWIiOiI1MDA3ODIiLCJ1c2VybmFtZSI6ImJlbmNoXzQyODI2MTZfNDgzIiwiaWF0IjoxNzg5MDQ0MjgzLCJleHAiOjE3ODk2NDkwODN9.Z9nPtccf9yWo_THy442-GwxBu29Up7hXKeiMvs9GXkfK4KsAuYrkZjAQdbBBuvGV,20344
eyJhbGciOiJIUzM4NCJ9.eyJzdWIiOiI1MDA3ODgiLCJ1c2VybmFtZSI6ImJlbmNoXzQyODI3MDVfNDg3IiwiaWF0IjoxNzg5MDQ0MjgzLCJleHAiOjE3ODk2NDkwODN9.rjEEr-30T2As_wE3RAsDa-GRKu6CyKm6x3P1m3DajsxIe6H1qUGLO9DQHTEzHW91,20345
eyJhbGciOiJIUzM4NCJ9.eyJzdWIiOiI1MDA3OTAiLCJ1c2VybmFtZSI6ImJlbmNoXzQyODI3NTFfNDkzIiwiaWF0IjoxNzg5MDQ0MjgzLCJleHAiOjE3ODk2NDkwODN9.SVTwjVBEmb0Qg9WT4S1i8TD4D9RfjTzDfDpATHX733gHYrMSZeugcWU7VP082gQg,20346
eyJhbGciOiJIUzM4NCJ9.eyJzdWIiOiI1MDA3ODkiLCJ1c2VybmFtZSI6ImJlbmNoXzQyODI3MzlfNDg5IiwiaWF0IjoxNzg5MDQ0MjgzLCJleHAiOjE3ODk2NDkwODN9.K68TN2vDB9m_FVKlUF7qGyDeKnyQTljP6J8lH6qE4YpXH-kaFiSvsmMfzhJdh1UM,20347
eyJhbGciOiJIUzM4NCJ9.eyJzdWIiOiI1MDA3OTIiLCJ1c2VybmFtZSI6ImJlbmNoXzQyODI3NTBfNDkyIiwiaWF0IjoxNzg5MDQ0MjgzLCJleHAiOjE3ODk2NDkwODN9.HCSz5At4ZojaMc2D1k-swrwK_BrH3_9tt-kvMKvo5_F8nlduaMfGUhZ27Vg9vodK,20351
eyJhbGciOiJIUzM4NCJ9.eyJzdWIiOiI1MDA3OTEiLCJ1c2VybmFtZSI6ImJlbmNoXzQyODI3MzlfNDg4IiwiaWF0IjoxNzg5MDQ0MjgzLCJleHAiOjE3ODk2NDkwODN9.DgOYnDKH8U0TOuw_39ulsbAmg38ExkO5pFI7EpfIZLFiUQFaAZvoQQ5mmAPvNwGj,20348
eyJhbGciOiJIUzM4NCJ9.eyJzdWIiOiI1MDA3OTUiLCJ1c2VybmFtZSI6ImJlbmNoXzQyODI3NThfNDk0IiwiaWF0IjoxNzg5MDQ0MjgzLCJleHAiOjE3ODk2NDkwODN9.CSaz4wr8QMf16GJOuoaTE4KFhNrH4XwUP21OqUNnUio89qL-XkZzSTReaCM1lqv8,20349
eyJhbGciOiJIUzM4NCJ9.eyJzdWIiOiI1MDA3OTMiLCJ1c2VybmFtZSI6ImJlbmNoXzQyODI3NDZfNDkwIiwiaWF0IjoxNzg5MDQ0MjgzLCJleHAiOjE3ODk2NDkwODN9.RbdLQlbZ3sYEYo-PYygyKlk62bMYjgDxixRkcFond-8HVsH4n_Duum9Sj-uHqEiG,20350
eyJhbGciOiJIUzM4NCJ9.eyJzdWIiOiI1MDA3OTQiLCJ1c2VybmFtZSI6ImJlbmNoXzQyODI3NTBfNDkxIiwiaWF0IjoxNzg5MDQ0MjgzLCJleHAiOjE3ODk2NDkwODN9.sQQSw6Gmjd0MuidbVA7QQTWBtE9gBGaMUZq3HGPATvlpZmhvJKTP4ye3ey_SyM-5,20352
eyJhbGciOiJIUzM4NCJ9.eyJzdWIiOiI1MDA3OTYiLCJ1c2VybmFtZSI6ImJlbmNoXzQyODI5OTBfNDk1IiwiaWF0IjoxNzg5MDQ0MjgzLCJleHAiOjE3ODk2NDkwODN9.BMLi7ChuhNEgrLYT0xU7kZ73OplrOFP-TCSvEyyurO3nltp92tsWexVoji3s6Ql7,20353
eyJhbGciOiJIUzM4NCJ9.eyJzdWIiOiI1MDA3OTciLCJ1c2VybmFtZSI6ImJlbmNoXzQyODMwMjBfNDk2IiwiaWF0IjoxNzg5MDQ0MjgzLCJleHAiOjE3ODk2NDkwODN9.nCofTEgwI05iCzuKlUyjIlLvAwBJ2SVguX9_PTv9kGzsk8NxJIqiG94-xkoU7-yk,20355
eyJhbGciOiJIUzM4NCJ9.eyJzdWIiOiI1MDA3OTkiLCJ1c2VybmFtZSI6ImJlbmNoXzQyODMwNDdfNDk4IiwiaWF0IjoxNzg5MDQ0MjgzLCJleHAiOjE3ODk2NDkwODN9.1OPLNo8jSrlr_5Nq32AtbsJPMOn-nrNUo8Rc45UkGllY_GHOlEXH4J8po2-mIvh7,20356
eyJhbGciOiJIUzM4NCJ9.eyJzdWIiOiI1MDA3OTgiLCJ1c2VybmFtZSI6ImJlbmNoXzQyODMwMzBfNDk3IiwiaWF0IjoxNzg5MDQ0MjgzLCJleHAiOjE3ODk2NDkwODN9.2-v5uj6ZSZBoIe8cndyM-Az62RDajeYoaF6Al7B_uiLwQhPpC2EpUvrmoqcqniyq,20354
eyJhbGciOiJIUzM4NCJ9.eyJzdWIiOiI1MDA4MDEiLCJ1c2VybmFtZSI6ImJlbmNoXzQyODMwNDdfNDk5IiwiaWF0IjoxNzg5MDQ0MjgzLCJleHAiOjE3ODk2NDkwODN9.tf37X5WUqJvWvaVibsm1l1EEqoQ38Lm9qqnFO3Xf5552GN3KLeSM_tvDd2WZswpq,20357
eyJhbGciOiJIUzM4NCJ9.eyJzdWIiOiI1MDA4MDAiLCJ1c2VybmFtZSI6ImJlbmNoXzQyODMwNDhfNTAwIiwiaWF0IjoxNzg5MDQ0MjgzLCJleHAiOjE3ODk2NDkwODN9.nOUt1Vc05_o4FS45hhkynW4XrvDYU08pDwryFfVvHwfdlcseAbvtppDepf3fPnv0,20358
eyJhbGciOiJIUzM4NCJ9.eyJzdWIiOiI1MDA4MDIiLCJ1c2VybmFtZSI6ImJlbmNoXzQyODMwNzBfNTA0IiwiaWF0IjoxNzg5MDQ0MjgzLCJleHAiOjE3ODk2NDkwODN9.3X37geL2ZEXK1a0cIEdg6Ix3ceV8rQScU1YYyceCKyKLidIDzkb_JJCr-1Z9kPc3,20359
eyJhbGciOiJIUzM4NCJ9.eyJzdWIiOiI1MDA4MDYiLCJ1c2VybmFtZSI6ImJlbmNoXzQyODMwNjlfNTAzIiwiaWF0IjoxNzg5MDQ0MjgzLCJleHAiOjE3ODk2NDkwODN9.2Z9T7ObNhGFrrQMJpFgy-Um_WaesxE1SAd7uqDdtpIJ9tTUqhf3W-EQvDI8IzD8z,20360
eyJhbGciOiJIUzM4NCJ9.eyJzdWIiOiI1MDA4MDQiLCJ1c2VybmFtZSI6ImJlbmNoXzQyODMwNzhfNTA2IiwiaWF0IjoxNzg5MDQ0MjgzLCJleHAiOjE3ODk2NDkwODN9.hfJbJ2qRLsKZau_CneRcVkxGifWDuiBzivIjCVsfchR075AfYoGrHiILWFDGuxft,20362
eyJhbGciOiJIUzM4NCJ9.eyJzdWIiOiI1MDA4MDUiLCJ1c2VybmFtZSI6ImJlbmNoXzQyODMwNjlfNTAxIiwiaWF0IjoxNzg5MDQ0MjgzLCJleHAiOjE3ODk2NDkwODN9.dpvmpeCQlM2SXZN_m2jXQznD9bx8GNYY-tVay86_dCGk588A6aWnhtQL3BSRwMwP,20361
eyJhbGciOiJIUzM4NCJ9.eyJzdWIiOiI1MDA4MDMiLCJ1c2VybmFtZSI6ImJlbmNoXzQyODMwNzFfNTA1IiwiaWF0IjoxNzg5MDQ0MjgzLCJleHAiOjE3ODk2NDkwODN9.i9ROBmI8EvYiQwdpf1M5l5-CZMeje-iE1HsWz1GqOFQ1_LAehT_aFVJl36d9Z-3B,20363
eyJhbGciOiJIUzM4NCJ9.eyJzdWIiOiI1MDA4MDciLCJ1c2VybmFtZSI6ImJlbmNoXzQyODMwNjlfNTAyIiwiaWF0IjoxNzg5MDQ0MjgzLCJleHAiOjE3ODk2NDkwODN9.diDlo5rmHFwF9EMMI8DR1DDygkfAOmRxR3b9Z_Zx7GNIVWDwLZxuLnCdci0d5uoX,20365
eyJhbGciOiJIUzM4NCJ9.eyJzdWIiOiI1MDA4MTEiLCJ1c2VybmFtZSI6ImJlbmNoXzQyODMxOTJfNTEwIiwiaWF0IjoxNzg5MDQ0MjgzLCJleHAiOjE3ODk2NDkwODN9.wxNsYKdFryiBx5ryIpKBSB0ym2TOCWxh6Lw-jUBuE0f40lmpwoAE5wtXpWOx1Ejx,20364
eyJhbGciOiJIUzM4NCJ9.eyJzdWIiOiI1MDA4MTAiLCJ1c2VybmFtZSI6ImJlbmNoXzQyODMxNjlfNTA5IiwiaWF0IjoxNzg5MDQ0MjgzLCJleHAiOjE3ODk2NDkwODN9.4RTO4hnwIy4uvoKReBJb0hRNOR9kfjToEGppPILnnZj4MFa088Sov1i0lL9-x8_h,20366
eyJhbGciOiJIUzM4NCJ9.eyJzdWIiOiI1MDA4MTIiLCJ1c2VybmFtZSI6ImJlbmNoXzQyODMxOTNfNTEyIiwiaWF0IjoxNzg5MDQ0MjgzLCJleHAiOjE3ODk2NDkwODN9.BpOu4etnN-n6BOHCTK_ZIt9J8AI5PdiZ7YurbCp_WYGPOssHAq8TO93ytegRz_2G,20368
eyJhbGciOiJIUzM4NCJ9.eyJzdWIiOiI1MDA4MDgiLCJ1c2VybmFtZSI6ImJlbmNoXzQyODMxMzZfNTA3IiwiaWF0IjoxNzg5MDQ0MjgzLCJleHAiOjE3ODk2NDkwODN9.hCNvGvFkLg3UGWc0R-kL9k_wOhulpr3RNXM43usWi6l3SA3cFuSX0vDmtxhd0W18,20367
eyJhbGciOiJIUzM4NCJ9.eyJzdWIiOiI1MDA4MTQiLCJ1c2VybmFtZSI6ImJlbmNoXzQyODMyMDBfNTEzIiwiaWF0IjoxNzg5MDQ0MjgzLCJleHAiOjE3ODk2NDkwODN9.NgpHsZx2A_UGI5ffNIgJYcnxki5VLhXMV_zfA-1KVm-A4xIgSBOv4ykTyFbRYFFV,20369
eyJhbGciOiJIUzM4NCJ9.eyJzdWIiOiI1MDA4MDkiLCJ1c2VybmFtZSI6ImJlbmNoXzQyODMxNTJfNTA4IiwiaWF0IjoxNzg5MDQ0MjgzLCJleHAiOjE3ODk2NDkwODN9.UaHLFGIpL9S8xTr0qbl8J77lIbutYUuDUnxxXgn5PxbJ8M68hVHQudgMCPTNkZ1H,20371
eyJhbGciOiJIUzM4NCJ9.eyJzdWIiOiI1MDA4MTUiLCJ1c2VybmFtZSI6ImJlbmNoXzQyODMyMTNfNTE0IiwiaWF0IjoxNzg5MDQ0MjgzLCJleHAiOjE3ODk2NDkwODN9.OiA2exF4kprKRyqv3lOTeG_7BH_6LsfNXntDMGzMou2DEFeJl3Z0bTOc0rLKijmv,20372
eyJhbGciOiJIUzM4NCJ9.eyJzdWIiOiI1MDA4MTMiLCJ1c2VybmFtZSI6ImJlbmNoXzQyODMxOTJfNTExIiwiaWF0IjoxNzg5MDQ0MjgzLCJleHAiOjE3ODk2NDkwODN9.K2lesOAOB8uhCIBLEnMZGQ23iMSl9MdbgV5nKPdTzcf9FQqM3CV0QyxXHi_pIPCo,20370
eyJhbGciOiJIUzM4NCJ9.eyJzdWIiOiI1MDA4MTgiLCJ1c2VybmFtZSI6ImJlbmNoXzQyODM0MDlfNTE4IiwiaWF0IjoxNzg5MDQ0MjgzLCJleHAiOjE3ODk2NDkwODN9.NSmOfa2R1Wlq4SvuRyoVOxHmkLPaqoKFzf-vrzv3joiLeZ2qKgINIbWiABXlKnR0,20375
eyJhbGciOiJIUzM4NCJ9.eyJzdWIiOiI1MDA4MTYiLCJ1c2VybmFtZSI6ImJlbmNoXzQyODM0MDhfNTE1IiwiaWF0IjoxNzg5MDQ0MjgzLCJleHAiOjE3ODk2NDkwODN9.EZ1RuvCxMVC73wUdAmYAxlAZfS6dNbAz1UVoh0BgUr032E29i2owUm7XzMg7gTpi,20373
eyJhbGciOiJIUzM4NCJ9.eyJzdWIiOiI1MDA4MTciLCJ1c2VybmFtZSI6ImJlbmNoXzQyODM0MDlfNTE3IiwiaWF0IjoxNzg5MDQ0MjgzLCJleHAiOjE3ODk2NDkwODN9.pJWtg2AdhQYQ_Mr-zDjGKEc9YMfo5dIJfGuTMTniakAhKiYi6OoVKOTo4WXe93Hh,20374
eyJhbGciOiJIUzM4NCJ9.eyJzdWIiOiI1MDA4MTkiLCJ1c2VybmFtZSI6ImJlbmNoXzQyODM0MDlfNTE2IiwiaWF0IjoxNzg5MDQ0MjgzLCJleHAiOjE3ODk2NDkwODN9.uJXloqRYSKTVShtwm2Ror6Fq49VydeCqtxl4CNdk1gf84S6gcOcx6mbFc2B_wBMv,20376
eyJhbGciOiJIUzM4NCJ9.eyJzdWIiOiI1MDA4MjAiLCJ1c2VybmFtZSI6ImJlbmNoXzQyODM0MTdfNTE5IiwiaWF0IjoxNzg5MDQ0MjgzLCJleHAiOjE3ODk2NDkwODN9.X97XL-iktWfksd0EcQJveADcEUvUH66wR_DbGLR28o4N6TaHuEduhhvzrzn5zN_Q,20377
eyJhbGciOiJIUzM4NCJ9.eyJzdWIiOiI1MDA4MjUiLCJ1c2VybmFtZSI6ImJlbmNoXzQyODM1NzRfNTI3IiwiaWF0IjoxNzg5MDQ0MjgzLCJleHAiOjE3ODk2NDkwODN9.usE7I7OcLi78bfPUUl6DjFybPFvUqSHID1hElGfp5jamxrCwNkgzzTATKiyYlj6J,20378
eyJhbGciOiJIUzM4NCJ9.eyJzdWIiOiI1MDA4MzEiLCJ1c2VybmFtZSI6ImJlbmNoXzQyODM1ODFfNTI5IiwiaWF0IjoxNzg5MDQ0MjgzLCJleHAiOjE3ODk2NDkwODN9.p2zXmpg7U72QjQqq0L0AtkOtzOgDMNo9kkV4ddRdaGvsENvhoSBbrPYX-q3XDA1W,20389
eyJhbGciOiJIUzM4NCJ9.eyJzdWIiOiI1MDA4MjQiLCJ1c2VybmFtZSI6ImJlbmNoXzQyODM1NDNfNTIxIiwiaWF0IjoxNzg5MDQ0MjgzLCJleHAiOjE3ODk2NDkwODN9.qPh0l0t66BiFeZxSJuo2mYT3kvYbhhBqcKs0yAkrLkscP-ZsyxX8gaOuc4Ehm2kH,20388
eyJhbGciOiJIUzM4NCJ9.eyJzdWIiOiI1MDA4MjgiLCJ1c2VybmFtZSI6ImJlbmNoXzQyODM1NDlfNTI0IiwiaWF0IjoxNzg5MDQ0MjgzLCJleHAiOjE3ODk2NDkwODN9.i0RgZ0s7bXlkrLsVHv6D6_irCyY1YoiLhMjafaAvMhYPb3DtVOIclw_OMe_q07nM,20385
eyJhbGciOiJIUzM4NCJ9.eyJzdWIiOiI1MDA4MzAiLCJ1c2VybmFtZSI6ImJlbmNoXzQyODM1NThfNTI1IiwiaWF0IjoxNzg5MDQ0MjgzLCJleHAiOjE3ODk2NDkwODN9.quCYRfEfy92WKblcQzWNBamxz7x3vTrpYJQcSUBXLb9K3ChmFG3mbaQrsf8Mh4ke,20382
eyJhbGciOiJIUzM4NCJ9.eyJzdWIiOiI1MDA4MjMiLCJ1c2VybmFtZSI6ImJlbmNoXzQyODM1NzFfNTI2IiwiaWF0IjoxNzg5MDQ0MjgzLCJleHAiOjE3ODk2NDkwODN9.u14ZbMWyvon6UCmFsgMDwYCcMjjmJ_icr_cpDaTnBG0iWRbosOaR8eSfRtxwMbZV,20386
eyJhbGciOiJIUzM4NCJ9.eyJzdWIiOiI1MDA4MjYiLCJ1c2VybmFtZSI6ImJlbmNoXzQyODM1ODNfNTMwIiwiaWF0IjoxNzg5MDQ0MjgzLCJleHAiOjE3ODk2NDkwODN9.0CsvunzW7nFctn790YvRMd1RQwk6R9fIxzvdz66OTE47cI5RqbS9C7Hr9FZsDVEb,20379
eyJhbGciOiJIUzM4NCJ9.eyJzdWIiOiI1MDA4MjciLCJ1c2VybmFtZSI6ImJlbmNoXzQyODM1NDlfNTIzIiwiaWF0IjoxNzg5MDQ0MjgzLCJleHAiOjE3ODk2NDkwODN9.Qh3ax1QwaXOu-wYiUiUrv_oyMKEqHoHVNk6lYWtjCkHHniaf_HI3gMOzsCpy9-Tr,20381
eyJhbGciOiJIUzM4NCJ9.eyJzdWIiOiI1MDA4MjEiLCJ1c2VybmFtZSI6ImJlbmNoXzQyODM1MTNfNTIwIiwiaWF0IjoxNzg5MDQ0MjgzLCJleHAiOjE3ODk2NDkwODN9.B6fMZoSvqtR2XJhTv8uAqPnHKt_HwNYr0t8RoB1lqejL9xt0v5BYw53FA16W5_7g,20384
eyJhbGciOiJIUzM4NCJ9.eyJzdWIiOiI1MDA4MjIiLCJ1c2VybmFtZSI6ImJlbmNoXzQyODM1NDhfNTIyIiwiaWF0IjoxNzg5MDQ0MjgzLCJleHAiOjE3ODk2NDkwODN9.A4hJAyoZf58Su-rvGCDMySYUmcVtk3GmmVm-2-M1hOdWsLYPxsVF7Sn6SlLdwVff,20380
eyJhbGciOiJIUzM4NCJ9.eyJzdWIiOiI1MDA4MjkiLCJ1c2VybmFtZSI6ImJlbmNoXzQyODM1NzRfNTI4IiwiaWF0IjoxNzg5MDQ0MjgzLCJleHAiOjE3ODk2NDkwODN9.IOtDrKysmEqCoLRSVJvSfNu8qbDJxFhCUx8BXaHk_5uFdfOEoVZOKJqyWa1FaiKd,20383
eyJhbGciOiJIUzM4NCJ9.eyJzdWIiOiI1MDA4MzIiLCJ1c2VybmFtZSI6ImJlbmNoXzQyODM2MjJfNTMxIiwiaWF0IjoxNzg5MDQ0MjgzLCJleHAiOjE3ODk2NDkwODN9.QdcB-xZ13N0F2wFFEA1Q1ifPlBJvgHjmSKJvplrToADRxdfjfouLV5rDdFSHdY7q,20387
eyJhbGciOiJIUzM4NCJ9.eyJzdWIiOiI1MDA4MzMiLCJ1c2VybmFtZSI6ImJlbmNoXzQyODM2MjNfNTMzIiwiaWF0IjoxNzg5MDQ0MjgzLCJleHAiOjE3ODk2NDkwODN9.H0zCdovXup_GZKBDyMb2P-AJ2I-_OHs_fu69zVkVtBLzLn5y7qW8i8N-T9A1G7VV,20390
eyJhbGciOiJIUzM4NCJ9.eyJzdWIiOiI1MDA4MzQiLCJ1c2VybmFtZSI6ImJlbmNoXzQyODM2MjNfNTMyIiwiaWF0IjoxNzg5MDQ0MjgzLCJleHAiOjE3ODk2NDkwODN9.b3zE48kRGoOf9VW6NoG2tyyiEQneKARwKU8SyrUJ-d_EPIwqBZjdF6DsMfvGmqlu,20391
eyJhbGciOiJIUzM4NCJ9.eyJzdWIiOiI1MDA4MzUiLCJ1c2VybmFtZSI6ImJlbmNoXzQyODM2MjNfNTM0IiwiaWF0IjoxNzg5MDQ0Mjg0LCJleHAiOjE3ODk2NDkwODR9._BmHbsPGQSLo6lSaxQLH3Vl_dlgEOr0I3fJ17NCXo_0wEORkjIAt5bw-RlJPJw-F,20392
eyJhbGciOiJIUzM4NCJ9.eyJzdWIiOiI1MDA4MzgiLCJ1c2VybmFtZSI6ImJlbmNoXzQyODM4MDFfNTM2IiwiaWF0IjoxNzg5MDQ0Mjg0LCJleHAiOjE3ODk2NDkwODR9.WHKvRD5OKvcXRTZefQdkF4idSC6LXBj0rKU9wK4YPX08Go35WgaHNrBHY5wY4MLV,20395
eyJhbGciOiJIUzM4NCJ9.eyJzdWIiOiI1MDA4MzYiLCJ1c2VybmFtZSI6ImJlbmNoXzQyODM4MDFfNTM1IiwiaWF0IjoxNzg5MDQ0Mjg0LCJleHAiOjE3ODk2NDkwODR9.04yaFnsdc7VqUd7DM8IeLsVkSmbga99JMcL8UH4X6AueJwIw0yiZzYoqgnoZuL5S,20393
eyJhbGciOiJIUzM4NCJ9.eyJzdWIiOiI1MDA4MzciLCJ1c2VybmFtZSI6ImJlbmNoXzQyODM4MDRfNTM3IiwiaWF0IjoxNzg5MDQ0Mjg0LCJleHAiOjE3ODk2NDkwODR9.y-Y2MdnKP-fyMnWoKq1JODWt_WdSw7UQEdFFAa3WCNT9N0H7tIoaDSKaoDSIBpOE,20394
eyJhbGciOiJIUzM4NCJ9.eyJzdWIiOiI1MDA4MzkiLCJ1c2VybmFtZSI6ImJlbmNoXzQyODM5NTlfNTM4IiwiaWF0IjoxNzg5MDQ0Mjg0LCJleHAiOjE3ODk2NDkwODR9._CGJGobE2wuWnfzIX8BirJG9sYNmTaVDI1YqvjBmDQzhB7GpWGzBXbcNK8IzknHC,20396
eyJhbGciOiJIUzM4NCJ9.eyJzdWIiOiI1MDA4NDEiLCJ1c2VybmFtZSI6ImJlbmNoXzQyODQwMzhfNTQwIiwiaWF0IjoxNzg5MDQ0Mjg0LCJleHAiOjE3ODk2NDkwODR9.E82VphmFjQGHoKGc7dwxlUq2zCky1QtVCOHQYo5hf9PCTCbdBSDO0SO4_CKGUk-N,20399
eyJhbGciOiJIUzM4NCJ9.eyJzdWIiOiI1MDA4NDAiLCJ1c2VybmFtZSI6ImJlbmNoXzQyODM5NzZfNTM5IiwiaWF0IjoxNzg5MDQ0Mjg0LCJleHAiOjE3ODk2NDkwODR9.Ut8gqSGWtLCUbcUbl0B2Paw_DanJ7G1F4vVaruT8yspI_YJKlNJ9iSU73jaQDxbB,20397
eyJhbGciOiJIUzM4NCJ9.eyJzdWIiOiI1MDA4NDIiLCJ1c2VybmFtZSI6ImJlbmNoXzQyODQwNTlfNTUxIiwiaWF0IjoxNzg5MDQ0Mjg0LCJleHAiOjE3ODk2NDkwODR9.ei7nYsVrIojdHRtj3qcyPQ0ROkejT89HyqGkiqASCSsZkEHsODV4d25G-IbjT5P_,20398
eyJhbGciOiJIUzM4NCJ9.eyJzdWIiOiI1MDA4NTAiLCJ1c2VybmFtZSI6ImJlbmNoXzQyODQwNTZfNTQ3IiwiaWF0IjoxNzg5MDQ0Mjg0LCJleHAiOjE3ODk2NDkwODR9.QVqbYNxsqMTqoble9Cv8UAbDKC-g19g3MSdzKB1SpE5-OBxCr-XINsxwqmCmuxL9,20400
eyJhbGciOiJIUzM4NCJ9.eyJzdWIiOiI1MDA4NTIiLCJ1c2VybmFtZSI6ImJlbmNoXzQyODQwNzBfNTUyIiwiaWF0IjoxNzg5MDQ0Mjg0LCJleHAiOjE3ODk2NDkwODR9.nSXMdDspBXFpzQhBZLh_H-XxPqHKbawyOsRi524dfuE-8aZoIs43rgXfZIs6KHjH,20403
eyJhbGciOiJIUzM4NCJ9.eyJzdWIiOiI1MDA4NDUiLCJ1c2VybmFtZSI6ImJlbmNoXzQyODQwNTdfNTUwIiwiaWF0IjoxNzg5MDQ0Mjg0LCJleHAiOjE3ODk2NDkwODR9.L3lHS9hg6hOmnlblKuiltgMhqbo1OdCgQuQVGuNzH6HtZlFSpWVJbpbzIJzP-Vc-,20405
eyJhbGciOiJIUzM4NCJ9.eyJzdWIiOiI1MDA4NDQiLCJ1c2VybmFtZSI6ImJlbmNoXzQyODQwNTRfNTQyIiwiaWF0IjoxNzg5MDQ0Mjg0LCJleHAiOjE3ODk2NDkwODR9.PqbV6iEGItknUEKQR3q4rZtW4pCz3azYVJ2JJk5kt05flK7hmjiU-H2WKBX2Z0fE,20404
eyJhbGciOiJIUzM4NCJ9.eyJzdWIiOiI1MDA4NTMiLCJ1c2VybmFtZSI6ImJlbmNoXzQyODQwNTVfNTQ0IiwiaWF0IjoxNzg5MDQ0Mjg0LCJleHAiOjE3ODk2NDkwODR9.4gADFdh_G4UeKgDv0JUjjXf6FFi5tJrLSWYeeTWg6aFYKnkQ1xLcxTer8C3F055t,20406
eyJhbGciOiJIUzM4NCJ9.eyJzdWIiOiI1MDA4NDkiLCJ1c2VybmFtZSI6ImJlbmNoXzQyODQwNTVfNTQzIiwiaWF0IjoxNzg5MDQ0Mjg0LCJleHAiOjE3ODk2NDkwODR9.l_97jovxq1SGxIqhXegOsE7hy-NCejUX2c2Vd4nY8Rly4cgZm4UF_jOiZD_9-3HJ,20402
eyJhbGciOiJIUzM4NCJ9.eyJzdWIiOiI1MDA4NDMiLCJ1c2VybmFtZSI6ImJlbmNoXzQyODQwNTdfNTQ5IiwiaWF0IjoxNzg5MDQ0Mjg0LCJleHAiOjE3ODk2NDkwODR9.R2sWPVfzuA7VAUaDGMETtL84imGGbMYV2jM6s38_SBgBNVMN795mjgDP6-B12bGl,20401
eyJhbGciOiJIUzM4NCJ9.eyJzdWIiOiI1MDA4NDciLCJ1c2VybmFtZSI6ImJlbmNoXzQyODQwNTZfNTQ4IiwiaWF0IjoxNzg5MDQ0Mjg0LCJleHAiOjE3ODk2NDkwODR9.TluxKAidKHQthjta7eYWSRr6ZX_1pCHPZgXdRVB5_37yDl0MCGOP_Fi6wR8r5D3Y,20407
eyJhbGciOiJIUzM4NCJ9.eyJzdWIiOiI1MDA4NTEiLCJ1c2VybmFtZSI6ImJlbmNoXzQyODQwNDhfNTQxIiwiaWF0IjoxNzg5MDQ0Mjg0LCJleHAiOjE3ODk2NDkwODR9.beo0LKLegfcgA6ctE8YpyFyuIWOtTc8uEqTDBet6qOLPTMgmu0ZDtoJxC7le5WKg,20408
eyJhbGciOiJIUzM4NCJ9.eyJzdWIiOiI1MDA4NDgiLCJ1c2VybmFtZSI6ImJlbmNoXzQyODQwNTZfNTQ2IiwiaWF0IjoxNzg5MDQ0Mjg0LCJleHAiOjE3ODk2NDkwODR9.w1tvRR-4UvdBpgw-wpFNaaUOJWwWnJHQsICX_4yYG5g7WaZLhqIjP7rUzkUYI0Sb,20409
eyJhbGciOiJIUzM4NCJ9.eyJzdWIiOiI1MDA4NDYiLCJ1c2VybmFtZSI6ImJlbmNoXzQyODQwNTZfNTQ1IiwiaWF0IjoxNzg5MDQ0Mjg0LCJleHAiOjE3ODk2NDkwODR9.dVPfe0Vh9MNB8KUnBl7TkmNeX0aFHc1xY-YNlfYu1Y2pLGOTRcRPGgzREKfvmVL0,20410
eyJhbGciOiJIUzM4NCJ9.eyJzdWIiOiI1MDA4NTQiLCJ1c2VybmFtZSI6ImJlbmNoXzQyODQxNTNfNTUzIiwiaWF0IjoxNzg5MDQ0Mjg0LCJleHAiOjE3ODk2NDkwODR9.MZcQrsaiKa9GKwn6eEM_En8bYKbM2gE5Dr5Df_HBhNxBTz99coS9Dryn8QOM8h84,20411
eyJhbGciOiJIUzM4NCJ9.eyJzdWIiOiI1MDA4NTUiLCJ1c2VybmFtZSI6ImJlbmNoXzQyODQxNzlfNTU0IiwiaWF0IjoxNzg5MDQ0Mjg0LCJleHAiOjE3ODk2NDkwODR9.8Jk4R-rhnHocmW_xP-QbQqmrCr9iUnxs6Yoqqaqfr9ICRgZXgiteP40INDiRurG9,20412
eyJhbGciOiJIUzM4NCJ9.eyJzdWIiOiI1MDA4NTYiLCJ1c2VybmFtZSI6ImJlbmNoXzQyODQyNTBfNTU3IiwiaWF0IjoxNzg5MDQ0Mjg0LCJleHAiOjE3ODk2NDkwODR9.JzVVX14864AsNzwU852aMnSBnUNIJH-HEcX0bf8z6JdHPDCMXXYSMa9XJpNPfsqn,20413
eyJhbGciOiJIUzM4NCJ9.eyJzdWIiOiI1MDA4NTciLCJ1c2VybmFtZSI6ImJlbmNoXzQyODQyNDlfNTU1IiwiaWF0IjoxNzg5MDQ0Mjg0LCJleHAiOjE3ODk2NDkwODR9.Baq97SgTsSKDZrfFMJ224Wl7QRDmguau0P-Q8E37Oe0Wti4xF469MYgSH9VgHpcj,20415
eyJhbGciOiJIUzM4NCJ9.eyJzdWIiOiI1MDA4NTgiLCJ1c2VybmFtZSI6ImJlbmNoXzQyODQyNTBfNTU2IiwiaWF0IjoxNzg5MDQ0Mjg0LCJleHAiOjE3ODk2NDkwODR9.0aoYSGDTx3Qbe4dG95nsRYVxAc2yWs8E8ySzlV97FcEXKTVpHsrPBgyXIE_iALbk,20414
eyJhbGciOiJIUzM4NCJ9.eyJzdWIiOiI1MDA4NjgiLCJ1c2VybmFtZSI6ImJlbmNoXzQyODQ0ODlfNTY3IiwiaWF0IjoxNzg5MDQ0Mjg0LCJleHAiOjE3ODk2NDkwODR9.dyzfOGPFnwz95-R3kC6o9TH36ZzJ4-xqDFV4RqRW65x8vO_C-EDEGRBisp354jJx,20416
eyJhbGciOiJIUzM4NCJ9.eyJzdWIiOiI1MDA4NjIiLCJ1c2VybmFtZSI6ImJlbmNoXzQyODQ0ODJfNTU5IiwiaWF0IjoxNzg5MDQ0Mjg0LCJleHAiOjE3ODk2NDkwODR9.muGLRbCne9SZlrx34xWf2d9uXCtM3OVNiZ4z_v6hzHLLwKx80J3k_m4rGsR1D9ZR,20422
eyJhbGciOiJIUzM4NCJ9.eyJzdWIiOiI1MDA4NjAiLCJ1c2VybmFtZSI6ImJlbmNoXzQyODQ0ODZfNTYyIiwiaWF0IjoxNzg5MDQ0Mjg0LCJleHAiOjE3ODk2NDkwODR9.2bCGzd-VEcafMsN11pHhCqP2U7UOl7OEd29ei1Qezwww96pZgA8xy1RTxanrFafk,20419
eyJhbGciOiJIUzM4NCJ9.eyJzdWIiOiI1MDA4NjciLCJ1c2VybmFtZSI6ImJlbmNoXzQyODQ0ODVfNTYxIiwiaWF0IjoxNzg5MDQ0Mjg0LCJleHAiOjE3ODk2NDkwODR9.hdMPAqe4hjBpcLXcwEGu-tYxGRWGbxLz8tRQ_glDw3txZnlvI8DFf7F4vB0TAy7m,20421
eyJhbGciOiJIUzM4NCJ9.eyJzdWIiOiI1MDA4NTkiLCJ1c2VybmFtZSI6ImJlbmNoXzQyODQ0NDBfNTU4IiwiaWF0IjoxNzg5MDQ0Mjg0LCJleHAiOjE3ODk2NDkwODR9.0ZX4idiOUw7p3Ersk5QXu2dPCbifYA6h-Wf8rc9QnoDwr8_PAOs5wMByGXP11bbC,20418
eyJhbGciOiJIUzM4NCJ9.eyJzdWIiOiI1MDA4NzAiLCJ1c2VybmFtZSI6ImJlbmNoXzQyODQ1MDFfNTY5IiwiaWF0IjoxNzg5MDQ0Mjg0LCJleHAiOjE3ODk2NDkwODR9.fRT9LgXKpXrY0Fz24NWuYhtXrvKT5X8bd61cWbv2gVySFSSE1eawC_Hqw-PmaS3j,20420
eyJhbGciOiJIUzM4NCJ9.eyJzdWIiOiI1MDA4NzEiLCJ1c2VybmFtZSI6ImJlbmNoXzQyODQ0ODdfNTYzIiwiaWF0IjoxNzg5MDQ0Mjg0LCJleHAiOjE3ODk2NDkwODR9.0Yb5LuLVHSLHxC3Y3nGQIWS8EprEuAgBCNcN9_rABRQC1pM9oWMazbOguiM-WzvH,20417
eyJhbGciOiJIUzM4NCJ9.eyJzdWIiOiI1MDA4NjUiLCJ1c2VybmFtZSI6ImJlbmNoXzQyODQ0ODlfNTY2IiwiaWF0IjoxNzg5MDQ0Mjg0LCJleHAiOjE3ODk2NDkwODR9.lKtNJCKSTnT66uvNDz7GyG1Et04XCdAPbSuYqXZGDK9kE0GDOkyquR5KLSt8Vaq7,20423
eyJhbGciOiJIUzM4NCJ9.eyJzdWIiOiI1MDA4NzIiLCJ1c2VybmFtZSI6ImJlbmNoXzQyODQ1MTNfNTcwIiwiaWF0IjoxNzg5MDQ0Mjg0LCJleHAiOjE3ODk2NDkwODR9.BsMUWG1ip1zWycKs6BA8PXbbPky9iwHrzUWdspMnnz4ZYzTYSQdRtLjKgWxdmdNb,20424
eyJhbGciOiJIUzM4NCJ9.eyJzdWIiOiI1MDA4NjYiLCJ1c2VybmFtZSI6ImJlbmNoXzQyODQ0OTFfNTY4IiwiaWF0IjoxNzg5MDQ0Mjg0LCJleHAiOjE3ODk2NDkwODR9.9iFENtOUT1CkyAwP3OlYEuJr_fNdxCavQdRxrdYSaSzeCK_fCbGgprkcG1SysUgJ,20425
eyJhbGciOiJIUzM4NCJ9.eyJzdWIiOiI1MDA4NjQiLCJ1c2VybmFtZSI6ImJlbmNoXzQyODQ0ODhfNTY1IiwiaWF0IjoxNzg5MDQ0Mjg0LCJleHAiOjE3ODk2NDkwODR9.fHYsfV29-5x-okJA671mRK3xBJDzMbgF5IgF5XPz9LWaDZ9vaDy7pmKO5Bq4HUBG,20428
eyJhbGciOiJIUzM4NCJ9.eyJzdWIiOiI1MDA4NjkiLCJ1c2VybmFtZSI6ImJlbmNoXzQyODQ1MTZfNTcxIiwiaWF0IjoxNzg5MDQ0Mjg0LCJleHAiOjE3ODk2NDkwODR9.5a6gzPbEx_CJy3KZustDEavTJQIjvgfiVjryvh3__65x6DVsI46C7uvgt-uvEffy,20426
eyJhbGciOiJIUzM4NCJ9.eyJzdWIiOiI1MDA4NjMiLCJ1c2VybmFtZSI6ImJlbmNoXzQyODQ0ODhfNTY0IiwiaWF0IjoxNzg5MDQ0Mjg0LCJleHAiOjE3ODk2NDkwODR9.5OWbhdyF5MET33uXgovFgW-9RhJsqSO_PCaGUFMSNh8qzb8aJVMcY2Z3od2keCCm,20429
eyJhbGciOiJIUzM4NCJ9.eyJzdWIiOiI1MDA4NjEiLCJ1c2VybmFtZSI6ImJlbmNoXzQyODQ0ODNfNTYwIiwiaWF0IjoxNzg5MDQ0Mjg0LCJleHAiOjE3ODk2NDkwODR9.R4YFR9FqJhYJtgaCuMODbVqgitHEpkNld43QTjryWvolTsHElssRZPF5TClIyZq4,20427
eyJhbGciOiJIUzM4NCJ9.eyJzdWIiOiI1MDA4NzMiLCJ1c2VybmFtZSI6ImJlbmNoXzQyODQ1ODFfNTcyIiwiaWF0IjoxNzg5MDQ0Mjg0LCJleHAiOjE3ODk2NDkwODR9.DNHyk2e2XXrGJhJOznY8RhxvI7ZfhG4rSS0NcTaF8SJot8FxPV7NDvbZ-F_K-bIo,20430
eyJhbGciOiJIUzM4NCJ9.eyJzdWIiOiI1MDA4NzQiLCJ1c2VybmFtZSI6ImJlbmNoXzQyODQ2MDVfNTczIiwiaWF0IjoxNzg5MDQ0Mjg0LCJleHAiOjE3ODk2NDkwODR9.Ofora35eJpULaq7JOowDC2xnfkmv9wMIqlDrYNPTyJr6VcS4GPTF-kV91ZwMBE49,20431
eyJhbGciOiJIUzM4NCJ9.eyJzdWIiOiI1MDA4NzUiLCJ1c2VybmFtZSI6ImJlbmNoXzQyODQ2NjFfNTc1IiwiaWF0IjoxNzg5MDQ0Mjg1LCJleHAiOjE3ODk2NDkwODV9.nAAHxb7_WMT-_K4mWAi8YSUghaVWHfUuGOprNZWHwNFmT2iVR-Oj91oSnahIfqNg,20433
eyJhbGciOiJIUzM4NCJ9.eyJzdWIiOiI1MDA4NzciLCJ1c2VybmFtZSI6ImJlbmNoXzQyODQ2NjBfNTc0IiwiaWF0IjoxNzg5MDQ0Mjg1LCJleHAiOjE3ODk2NDkwODV9.5yqE3_o-NfIpbumjaESVcuN2eTL1_w_A26nvkfd2dMNSQzL9ZofPImeObIMocZGj,20432
eyJhbGciOiJIUzM4NCJ9.eyJzdWIiOiI1MDA4NzgiLCJ1c2VybmFtZSI6ImJlbmNoXzQyODQ3MThfNTc3IiwiaWF0IjoxNzg5MDQ0Mjg1LCJleHAiOjE3ODk2NDkwODV9.M2ZB8ZixHd5vG0U_Nxdc2T0nzRusM3_hceQRd-aWL1RAehI-LM6N3KfNP8CT5sjx,20434
eyJhbGciOiJIUzM4NCJ9.eyJzdWIiOiI1MDA4NzYiLCJ1c2VybmFtZSI6ImJlbmNoXzQyODQ2OThfNTc2IiwiaWF0IjoxNzg5MDQ0Mjg1LCJleHAiOjE3ODk2NDkwODV9.hyfXG08Tbxw2x2xCtU-ZKRoHUHDcoS9pk4RZJbD8YjYHs-4XdLBNEAOg4X_sbyhG,20435
eyJhbGciOiJIUzM4NCJ9.eyJzdWIiOiI1MDA4NzkiLCJ1c2VybmFtZSI6ImJlbmNoXzQyODQ4ODJfNTgwIiwiaWF0IjoxNzg5MDQ0Mjg1LCJleHAiOjE3ODk2NDkwODV9.lGFJVJni8gp5CpW5HBkCRu4Vuyn144vUEO6mwef0Fsw0zjYbRVojURjlNe-EzArG,20436
eyJhbGciOiJIUzM4NCJ9.eyJzdWIiOiI1MDA4ODEiLCJ1c2VybmFtZSI6ImJlbmNoXzQyODQ4ODlfNTgzIiwiaWF0IjoxNzg5MDQ0Mjg1LCJleHAiOjE3ODk2NDkwODV9.llbMQmN7mru0lZ5-kh1THtAe0gWsjo7fg2LEmP4g67Jd_dBIEvaiPePYsBomxGEU,20438
eyJhbGciOiJIUzM4NCJ9.eyJzdWIiOiI1MDA4ODIiLCJ1c2VybmFtZSI6ImJlbmNoXzQyODQ4NjVfNTc4IiwiaWF0IjoxNzg5MDQ0Mjg1LCJleHAiOjE3ODk2NDkwODV9.Vuurcdx08qlitzhN8bPEUVSHGi-ZfV976g3L2QjUJEnEVQ-J-9dczS1oJmcvgF2-,20437
eyJhbGciOiJIUzM4NCJ9.eyJzdWIiOiI1MDA4ODYiLCJ1c2VybmFtZSI6ImJlbmNoXzQyODQ5MTZfNTg3IiwiaWF0IjoxNzg5MDQ0Mjg1LCJleHAiOjE3ODk2NDkwODV9.i_fNGuY-7cbnHdjWyYQSA6jX_I_T17CN7u9LQbs6tZfpewtRaFOh8TPehZ4FlaGh,20439
eyJhbGciOiJIUzM4NCJ9.eyJzdWIiOiI1MDA4ODUiLCJ1c2VybmFtZSI6ImJlbmNoXzQyODQ4ODNfNTgxIiwiaWF0IjoxNzg5MDQ0Mjg1LCJleHAiOjE3ODk2NDkwODV9.cfHestKOjQaOhwcLOvKzhf2VTcSDkupNa71N7EvT6sE1loXyej3ZrVKdbvWGLFc5,20440
eyJhbGciOiJIUzM4NCJ9.eyJzdWIiOiI1MDA4ODQiLCJ1c2VybmFtZSI6ImJlbmNoXzQyODQ5MjBfNTkwIiwiaWF0IjoxNzg5MDQ0Mjg1LCJleHAiOjE3ODk2NDkwODV9.hrjgIsIF_Fp51PnvqQ_k234vU1lXJPcOSwOp8IrYRd15aU5C8jO9Bhc1EGqzF-Rw,20441
eyJhbGciOiJIUzM4NCJ9.eyJzdWIiOiI1MDA4ODciLCJ1c2VybmFtZSI6ImJlbmNoXzQyODQ5MDFfNTg2IiwiaWF0IjoxNzg5MDQ0Mjg1LCJleHAiOjE3ODk2NDkwODV9.VfdsIypqc-Mfp7VWeOpjchZ3ZkEH8DfoVPlZhzT5i2ycQvU9TJPHS4fcu1ybqVDy,20442
eyJhbGciOiJIUzM4NCJ9.eyJzdWIiOiI1MDA4ODMiLCJ1c2VybmFtZSI6ImJlbmNoXzQyODQ5MDBfNTg1IiwiaWF0IjoxNzg5MDQ0Mjg1LCJleHAiOjE3ODk2NDkwODV9.B9282C-UHDZ8XMabqFG9lpi_3AvvisFJaBRtw7CN1A1dgEMGKXHFAVymfkKo4sBr,20443
eyJhbGciOiJIUzM4NCJ9.eyJzdWIiOiI1MDA4ODgiLCJ1c2VybmFtZSI6ImJlbmNoXzQyODQ4ODJfNTc5IiwiaWF0IjoxNzg5MDQ0Mjg1LCJleHAiOjE3ODk2NDkwODV9.Qvi9oJEIce0aWJvU3G7DYbxfim4H6XkeNSwz2NySxzh4ByLWqsy8K95A9Le1b63k,20446
eyJhbGciOiJIUzM4NCJ9.eyJzdWIiOiI1MDA4ODkiLCJ1c2VybmFtZSI6ImJlbmNoXzQyODQ4ODdfNTgyIiwiaWF0IjoxNzg5MDQ0Mjg1LCJleHAiOjE3ODk2NDkwODV9.I_htFvjkZ6X6lI-xwIJTO7JkHNiUZd-RHWhbJ2i7cGxSk02P_OuHlspAOAYNrP_k,20444
eyJhbGciOiJIUzM4NCJ9.eyJzdWIiOiI1MDA4ODAiLCJ1c2VybmFtZSI6ImJlbmNoXzQyODQ4ODlfNTg0IiwiaWF0IjoxNzg5MDQ0Mjg1LCJleHAiOjE3ODk2NDkwODV9.jGlgdHPkgdI5IXtV7rVyGpRq2eokjXRXZpNtd2DVW0XG72uhUz8UNdVzZO30K5Zn,20445
eyJhbGciOiJIUzM4NCJ9.eyJzdWIiOiI1MDA4OTAiLCJ1c2VybmFtZSI6ImJlbmNoXzQyODQ5MTlfNTg4IiwiaWF0IjoxNzg5MDQ0Mjg1LCJleHAiOjE3ODk2NDkwODV9.rnE8EJDs-JcO-bkWx1WjBcbJuJjxq1l2HuVEMx7iiolS9auc3sYGjYtkk7iC_5vq,20447
eyJhbGciOiJIUzM4NCJ9.eyJzdWIiOiI1MDA4OTIiLCJ1c2VybmFtZSI6ImJlbmNoXzQyODQ5MjFfNTkxIiwiaWF0IjoxNzg5MDQ0Mjg1LCJleHAiOjE3ODk2NDkwODV9.NCFdaR-644Lz5eHIdFQTxSpxxLDE_ZqBNfV7O3wgoStH9QSFjzrRSEdd9rU5w88S,20449
eyJhbGciOiJIUzM4NCJ9.eyJzdWIiOiI1MDA4OTEiLCJ1c2VybmFtZSI6ImJlbmNoXzQyODQ5MjBfNTg5IiwiaWF0IjoxNzg5MDQ0Mjg1LCJleHAiOjE3ODk2NDkwODV9.HgcFY-ffNYGEmML1PpUPWiOfvsti-kQm5_SUs-jkMrGGrXV2Z7U-cR8P01Jkt8Ah,20448
eyJhbGciOiJIUzM4NCJ9.eyJzdWIiOiI1MDA4OTQiLCJ1c2VybmFtZSI6ImJlbmNoXzQyODUwNTNfNTkzIiwiaWF0IjoxNzg5MDQ0Mjg1LCJleHAiOjE3ODk2NDkwODV9.EkhyGtLyfa58N6RYXinbfmomTBKdVZDp7R8C4oqo5de3nt3yUdWcLjA9YKR8rA-a,20451
eyJhbGciOiJIUzM4NCJ9.eyJzdWIiOiI1MDA4OTMiLCJ1c2VybmFtZSI6ImJlbmNoXzQyODUwMzhfNTkyIiwiaWF0IjoxNzg5MDQ0Mjg1LCJleHAiOjE3ODk2NDkwODV9.mal8l-MgltS1-mbzSZx7kB5fjj_8t1OUKea-qfpyKgVjd_uoS82mqC4ZGLsTdGZc,20450
eyJhbGciOiJIUzM4NCJ9.eyJzdWIiOiI1MDA4OTUiLCJ1c2VybmFtZSI6ImJlbmNoXzQyODUwOTdfNTk0IiwiaWF0IjoxNzg5MDQ0Mjg1LCJleHAiOjE3ODk2NDkwODV9.3ItsDO5m2dGdHZHrGXV9cDNIpi0MPaQU-8EuHWpRhHaFpvMnNsteO0HBlbdfzaj7,20452
eyJhbGciOiJIUzM4NCJ9.eyJzdWIiOiI1MDA4OTYiLCJ1c2VybmFtZSI6ImJlbmNoXzQyODUxMjlfNTk2IiwiaWF0IjoxNzg5MDQ0Mjg1LCJleHAiOjE3ODk2NDkwODV9.EDcZRIiwLMLbk1kL0Gy7XbDtZVXkZWkMZ--LGmzwcq3BL2N7z3iMpZmH7PVxPHw6,20453
eyJhbGciOiJIUzM4NCJ9.eyJzdWIiOiI1MDA4OTciLCJ1c2VybmFtZSI6ImJlbmNoXzQyODUxMjVfNTk1IiwiaWF0IjoxNzg5MDQ0Mjg1LCJleHAiOjE3ODk2NDkwODV9.dYM2fj6eNVMB9LFKkzsNeW2oxjchyD3882zFz6WR7LkTkTXg7ADiVFyB57i8Skqp,20454
eyJhbGciOiJIUzM4NCJ9.eyJzdWIiOiI1MDA5MDAiLCJ1c2VybmFtZSI6ImJlbmNoXzQyODUyNzlfNTk5IiwiaWF0IjoxNzg5MDQ0Mjg1LCJleHAiOjE3ODk2NDkwODV9.UKqcxH_ohmxJEQl1orONfPlJ3R0tc19qlDjY3EN76IettuOubDAgzK-IwO7xUrDY,20459
eyJhbGciOiJIUzM4NCJ9.eyJzdWIiOiI1MDA5MDgiLCJ1c2VybmFtZSI6ImJlbmNoXzQyODUzMDdfNjA1IiwiaWF0IjoxNzg5MDQ0Mjg1LCJleHAiOjE3ODk2NDkwODV9.NU7GVb58lc_q2JAqQqfPWx0VtWv8dxHoyrxKKEix34yMIR29iw_YXTmId7zf4mSs,20460
eyJhbGciOiJIUzM4NCJ9.eyJzdWIiOiI1MDA5MDMiLCJ1c2VybmFtZSI6ImJlbmNoXzQyODUyODFfNjAwIiwiaWF0IjoxNzg5MDQ0Mjg1LCJleHAiOjE3ODk2NDkwODV9.Eg78U6OJnVSORc8i82amoUJKqF0Bq1qmA8taz-XKRJukPbmzivSqCWIIn6-Aj53P,20455
eyJhbGciOiJIUzM4NCJ9.eyJzdWIiOiI1MDA5MDEiLCJ1c2VybmFtZSI6ImJlbmNoXzQyODUyODlfNjAyIiwiaWF0IjoxNzg5MDQ0Mjg1LCJleHAiOjE3ODk2NDkwODV9.SZvONjffDQflFlYtC-UEyHBy7ZbokpN8ObO86HhVeZ7mHM0hc52YID3Hp9Q3oHEo,20457
eyJhbGciOiJIUzM4NCJ9.eyJzdWIiOiI1MDA5MDIiLCJ1c2VybmFtZSI6ImJlbmNoXzQyODUyODNfNjAxIiwiaWF0IjoxNzg5MDQ0Mjg1LCJleHAiOjE3ODk2NDkwODV9.xjg3bH3XMSLO55BfQ31ZN4VV2NzOh2aYmCnz49SWJnC4o0Gzqu7-Fe5YC3bUPLEn,20463
eyJhbGciOiJIUzM4NCJ9.eyJzdWIiOiI1MDA5MDUiLCJ1c2VybmFtZSI6ImJlbmNoXzQyODUzMDhfNjA3IiwiaWF0IjoxNzg5MDQ0Mjg1LCJleHAiOjE3ODk2NDkwODV9.XI0AuvfX1l5XyHoaKp9tERLQQHT98i0WSc_cOBCLxZ82IDvl6w8vuudJ3wRvnTeP,20458
eyJhbGciOiJIUzM4NCJ9.eyJzdWIiOiI1MDA5MDciLCJ1c2VybmFtZSI6ImJlbmNoXzQyODUzMDhfNjA2IiwiaWF0IjoxNzg5MDQ0Mjg1LCJleHAiOjE3ODk2NDkwODV9.s3Q6Ts51HOUzkoHiHx-TacLXvrY7oFC2tLV-2cN6UQZ7sC8PRpoUdUxl1W7OlaNK,20461
eyJhbGciOiJIUzM4NCJ9.eyJzdWIiOiI1MDA5MDYiLCJ1c2VybmFtZSI6ImJlbmNoXzQyODUyOTFfNjA0IiwiaWF0IjoxNzg5MDQ0Mjg1LCJleHAiOjE3ODk2NDkwODV9.CVUNcv4eeTh0j8gviD2hVt1ZofB_ZRP993-s2a9UzdFz4IYFhVH05wsaF-lEFbhH,20464
eyJhbGciOiJIUzM4NCJ9.eyJzdWIiOiI1MDA4OTkiLCJ1c2VybmFtZSI6ImJlbmNoXzQyODUyNjhfNTk4IiwiaWF0IjoxNzg5MDQ0Mjg1LCJleHAiOjE3ODk2NDkwODV9.SPH9RK114V00eWQQC6gjeEp7SM4CKZ4pPSSrDf0yyaZ0nEy3lvu7HwKTwPmaYIbg,20456
eyJhbGciOiJIUzM4NCJ9.eyJzdWIiOiI1MDA5MDkiLCJ1c2VybmFtZSI6ImJlbmNoXzQyODUzMDlfNjA4IiwiaWF0IjoxNzg5MDQ0Mjg1LCJleHAiOjE3ODk2NDkwODV9.Mp10MfbUKsnp8oO11zQjyZaC35A8CR9npUa_Mb6MfQQz-Ee45sMAb-9iOCKIMjmo,20465
eyJhbGciOiJIUzM4NCJ9.eyJzdWIiOiI1MDA5MDQiLCJ1c2VybmFtZSI6ImJlbmNoXzQyODUyOTBfNjAzIiwiaWF0IjoxNzg5MDQ0Mjg1LCJleHAiOjE3ODk2NDkwODV9.Lpzu4uLV4AjN77ciGPmtkskZmHLcHOqsi2dxvLSs7Ra_bzmkPSJLWfMd5_7qDOXW,20462
eyJhbGciOiJIUzM4NCJ9.eyJzdWIiOiI1MDA4OTgiLCJ1c2VybmFtZSI6ImJlbmNoXzQyODUyMzdfNTk3IiwiaWF0IjoxNzg5MDQ0Mjg1LCJleHAiOjE3ODk2NDkwODV9.2jVkFtJUWZldMd_v0s3ITE-tQ5n1tjxnfUhSD6s_V3cHuxopi0H3Iee3S2e5q0F9,20467
eyJhbGciOiJIUzM4NCJ9.eyJzdWIiOiI1MDA5MTAiLCJ1c2VybmFtZSI6ImJlbmNoXzQyODUzNDFfNjA5IiwiaWF0IjoxNzg5MDQ0Mjg1LCJleHAiOjE3ODk2NDkwODV9.TL0a41LgiZs1tSicSahzKNHnI4hwE6FYFFWQbMEsX87QODDw1Gewg2Uycu_RAYgT,20466
eyJhbGciOiJIUzM4NCJ9.eyJzdWIiOiI1MDA5MTEiLCJ1c2VybmFtZSI6ImJlbmNoXzQyODUzNzFfNjExIiwiaWF0IjoxNzg5MDQ0Mjg1LCJleHAiOjE3ODk2NDkwODV9.TFfMppaS5NIc4r3UWLH_lLXNEtvWvwuV3qZ3ofrFuCCDhs0xjphR13J2IGzltE2i,20468
eyJhbGciOiJIUzM4NCJ9.eyJzdWIiOiI1MDA5MTIiLCJ1c2VybmFtZSI6ImJlbmNoXzQyODUzNjdfNjEwIiwiaWF0IjoxNzg5MDQ0Mjg1LCJleHAiOjE3ODk2NDkwODV9.snCmLfvomMtIV4niZgknnzhMG7uVMSFBTyiDTBRsmLEY-o9IrqUgNUOk8bxbxQdo,20469
eyJhbGciOiJIUzM4NCJ9.eyJzdWIiOiI1MDA5MTciLCJ1c2VybmFtZSI6ImJlbmNoXzQyODU1MjFfNjE2IiwiaWF0IjoxNzg5MDQ0Mjg1LCJleHAiOjE3ODk2NDkwODV9.2G_Z-37GDnmV649Ewf5HIG25KzDKBXEls-57ToBCh_1uWvD4QvU6XnvYTRMqVYbs,20471
eyJhbGciOiJIUzM4NCJ9.eyJzdWIiOiI1MDA5MTMiLCJ1c2VybmFtZSI6ImJlbmNoXzQyODU0ODBfNjEzIiwiaWF0IjoxNzg5MDQ0Mjg1LCJleHAiOjE3ODk2NDkwODV9.gyKgy3BN1JcBEVmzLv13rXcSwHKaztXqoUspgUVzZSHrazhJYDNAwyu5YnTnh6me,20473
eyJhbGciOiJIUzM4NCJ9.eyJzdWIiOiI1MDA5MTQiLCJ1c2VybmFtZSI6ImJlbmNoXzQyODU0ODdfNjE0IiwiaWF0IjoxNzg5MDQ0Mjg1LCJleHAiOjE3ODk2NDkwODV9.JuyYaymX-lT4R2wsUW7y9b_Fj0JWtvtIRMB2av5O5IjfafpSf3aSDf1Z819LYFQL,20472
eyJhbGciOiJIUzM4NCJ9.eyJzdWIiOiI1MDA5MTYiLCJ1c2VybmFtZSI6ImJlbmNoXzQyODU1MjFfNjE1IiwiaWF0IjoxNzg5MDQ0Mjg1LCJleHAiOjE3ODk2NDkwODV9.FUF9iSRe-LPU2hytVgI20T4ShL4o5AMlTDe11JuRqFd5LJ5_ARzRe8QQutkp7jcp,20474
eyJhbGciOiJIUzM4NCJ9.eyJzdWIiOiI1MDA5MTUiLCJ1c2VybmFtZSI6ImJlbmNoXzQyODU0ODBfNjEyIiwiaWF0IjoxNzg5MDQ0Mjg1LCJleHAiOjE3ODk2NDkwODV9.IROywTFnqbMgKmtze2BLULsIOfsQmJxehrODydCxBR39AhjkA4BTq0yttG-CET2l,20470
eyJhbGciOiJIUzM4NCJ9.eyJzdWIiOiI1MDA5MTgiLCJ1c2VybmFtZSI6ImJlbmNoXzQyODU3MDVfNjE3IiwiaWF0IjoxNzg5MDQ0Mjg2LCJleHAiOjE3ODk2NDkwODZ9.6unrOg5COInZk2aWyxXEUZ9ditKyh42H2PueNgQ03vtH30RN7fHLpazZ-blbbNvU,20475
eyJhbGciOiJIUzM4NCJ9.eyJzdWIiOiI1MDA5MjIiLCJ1c2VybmFtZSI6ImJlbmNoXzQyODU3MjVfNjI5IiwiaWF0IjoxNzg5MDQ0Mjg2LCJleHAiOjE3ODk2NDkwODZ9.mnvR8xMxAiH9UtDYb_FZamwqNP6T5peRhAlj2ofrzeM657tHsCspp_IDxqrpXc8q,20480
eyJhbGciOiJIUzM4NCJ9.eyJzdWIiOiI1MDA5MTkiLCJ1c2VybmFtZSI6ImJlbmNoXzQyODU3MDdfNjIxIiwiaWF0IjoxNzg5MDQ0Mjg2LCJleHAiOjE3ODk2NDkwODZ9.NLGlSY0KZ6J6McRNsiYyCNW-JCWeK347PQARC7OMtVnuvbMYzDdbwkkiaxZ-P98u,20476
eyJhbGciOiJIUzM4NCJ9.eyJzdWIiOiI1MDA5MjQiLCJ1c2VybmFtZSI6ImJlbmNoXzQyODU3MDhfNjIyIiwiaWF0IjoxNzg5MDQ0Mjg2LCJleHAiOjE3ODk2NDkwODZ9.9g0_ltZNM1yH81JHJgu54z7S534xqV-B4dMcd8TgmPcjNKYu5ZrpKM4DgRXhyYr3,20478
eyJhbGciOiJIUzM4NCJ9.eyJzdWIiOiI1MDA5MjMiLCJ1c2VybmFtZSI6ImJlbmNoXzQyODU3MTVfNjI0IiwiaWF0IjoxNzg5MDQ0Mjg2LCJleHAiOjE3ODk2NDkwODZ9.dQe_CVrG-aIJ22S69NZGPCJGj_jC9MV1S_Qw8NPWY8ckYweB4jeXOyCeZR0Dphh3,20481
eyJhbGciOiJIUzM4NCJ9.eyJzdWIiOiI1MDA5MjAiLCJ1c2VybmFtZSI6ImJlbmNoXzQyODU3MDZfNjE5IiwiaWF0IjoxNzg5MDQ0Mjg2LCJleHAiOjE3ODk2NDkwODZ9.eYB-1vjW--KrtRjoxxZCk-Jdq2TleJTHNSXb4xxgtoteN-N7W2WiB-OYTBMzlkdR,20477
eyJhbGciOiJIUzM4NCJ9.eyJzdWIiOiI1MDA5MjYiLCJ1c2VybmFtZSI6ImJlbmNoXzQyODU3MTVfNjIzIiwiaWF0IjoxNzg5MDQ0Mjg2LCJleHAiOjE3ODk2NDkwODZ9.r-4Q_wzJ1mXLgZ3LSYJpCDlewy9qQx2xuFDJyBTeMMqjw6m2APoW4AUc45Ktu6XV,20483
eyJhbGciOiJIUzM4NCJ9.eyJzdWIiOiI1MDA5MjEiLCJ1c2VybmFtZSI6ImJlbmNoXzQyODU3MDZfNjE4IiwiaWF0IjoxNzg5MDQ0Mjg2LCJleHAiOjE3ODk2NDkwODZ9.Z-1A3sKpNZGqrXKGmM0-Ocret_0oEcvGoClea-7YBmjih_RZKfUT9uhGtKHPn267,20479
eyJhbGciOiJIUzM4NCJ9.eyJzdWIiOiI1MDA5MjgiLCJ1c2VybmFtZSI6ImJlbmNoXzQyODU3MTVfNjI1IiwiaWF0IjoxNzg5MDQ0Mjg2LCJleHAiOjE3ODk2NDkwODZ9.Ca0XvE4_bcgicDO9aqI3r_48H60zNOHhCQFbMRx_xIDuiG2357H2xFhzHPMSGrz1,20482
eyJhbGciOiJIUzM4NCJ9.eyJzdWIiOiI1MDA5MjciLCJ1c2VybmFtZSI6ImJlbmNoXzQyODU3MjRfNjI4IiwiaWF0IjoxNzg5MDQ0Mjg2LCJleHAiOjE3ODk2NDkwODZ9.oAZ7AifPu494sDNIp1aw6RFld_vwwiSiNZAE5FLasGxvpEqzNAfnheKEn5LNYLMB,20484
eyJhbGciOiJIUzM4NCJ9.eyJzdWIiOiI1MDA5MzAiLCJ1c2VybmFtZSI6ImJlbmNoXzQyODU3MDdfNjIwIiwiaWF0IjoxNzg5MDQ0Mjg2LCJleHAiOjE3ODk2NDkwODZ9.LI0yTI_r8oDZKPyxBPcAY5_KQo4yAQ8YRxyYxHANhJoHR-2qXPrz5eFAem4g3j_b,20485
eyJhbGciOiJIUzM4NCJ9.eyJzdWIiOiI1MDA5MjUiLCJ1c2VybmFtZSI6ImJlbmNoXzQyODU3MTZfNjI2IiwiaWF0IjoxNzg5MDQ0Mjg2LCJleHAiOjE3ODk2NDkwODZ9.aLL6pbUTlNDhrwpVae93k88mE_EA4AlI2iyOe5Qn7rFPU682SvxaRVtGzvH5RBoN,20486
eyJhbGciOiJIUzM4NCJ9.eyJzdWIiOiI1MDA5MjkiLCJ1c2VybmFtZSI6ImJlbmNoXzQyODU3MThfNjI3IiwiaWF0IjoxNzg5MDQ0Mjg2LCJleHAiOjE3ODk2NDkwODZ9.TknJmkOmEbfMdppN0vgGZ4-nGLzZT6ZFvWw0Qjj0QFtnBtO33iOouwhh4YymmqHe,20487
eyJhbGciOiJIUzM4NCJ9.eyJzdWIiOiI1MDA5MzEiLCJ1c2VybmFtZSI6ImJlbmNoXzQyODU5MDNfNjMwIiwiaWF0IjoxNzg5MDQ0Mjg2LCJleHAiOjE3ODk2NDkwODZ9.E4_XchmHmuzQd7EgsGSqbdB0rXmQGraYxNLFGxIoUVx4Ci7c0C52uNdG8FwsS_MU,20488
eyJhbGciOiJIUzM4NCJ9.eyJzdWIiOiI1MDA5MzMiLCJ1c2VybmFtZSI6ImJlbmNoXzQyODU5NTBfNjM0IiwiaWF0IjoxNzg5MDQ0Mjg2LCJleHAiOjE3ODk2NDkwODZ9.mgOSCxZAV31qWQZA_GbQtxSPCXcs7YGOo4ZEtRJ5Gkl5Qm3eBtIfoz_By3YAl1n3,20489
eyJhbGciOiJIUzM4NCJ9.eyJzdWIiOiI1MDA5MzQiLCJ1c2VybmFtZSI6ImJlbmNoXzQyODU5NTBfNjM1IiwiaWF0IjoxNzg5MDQ0Mjg2LCJleHAiOjE3ODk2NDkwODZ9.PGGn-XAQgPpXFslnZLQTz7MTnA0u9y3arg8gwe7CVVm0Eq3hZ7J58UVqoJ_gNkJl,20491
eyJhbGciOiJIUzM4NCJ9.eyJzdWIiOiI1MDA5MzIiLCJ1c2VybmFtZSI6ImJlbmNoXzQyODU5MTNfNjMxIiwiaWF0IjoxNzg5MDQ0Mjg2LCJleHAiOjE3ODk2NDkwODZ9.oLdLr0PTVYDbiWxORRJBBDICsBje5IQjm83cBYmUuCPySwTtuwmaF7PpclfuktVH,20490
eyJhbGciOiJIUzM4NCJ9.eyJzdWIiOiI1MDA5MzciLCJ1c2VybmFtZSI6ImJlbmNoXzQyODU5NjFfNjM2IiwiaWF0IjoxNzg5MDQ0Mjg2LCJleHAiOjE3ODk2NDkwODZ9.x3fd4FIWAe8mLBTcakshruzberIe6LK8F1tseqq0A3dcJ11kPiq0DYCk9dv_dgLZ,20492
eyJhbGciOiJIUzM4NCJ9.eyJzdWIiOiI1MDA5MzYiLCJ1c2VybmFtZSI6ImJlbmNoXzQyODU5NDNfNjMyIiwiaWF0IjoxNzg5MDQ0Mjg2LCJleHAiOjE3ODk2NDkwODZ9.rjNUJfU9fLCKlp2KCifXPOggmJTnJ-4yuxLYV3IblqgBaiJ_2dGMq1nR-MFfmhbz,20493
eyJhbGciOiJIUzM4NCJ9.eyJzdWIiOiI1MDA5MzUiLCJ1c2VybmFtZSI6ImJlbmNoXzQyODU5NDZfNjMzIiwiaWF0IjoxNzg5MDQ0Mjg2LCJleHAiOjE3ODk2NDkwODZ9.glkZuYECctDjK1XW3uQewQnISc0lUUSe8Mu1fNFIVliH6BguOgboacjoyd7Vkssd,20494
eyJhbGciOiJIUzM4NCJ9.eyJzdWIiOiI1MDA5NDQiLCJ1c2VybmFtZSI6ImJlbmNoXzQyODYxNTJfNjQ1IiwiaWF0IjoxNzg5MDQ0Mjg2LCJleHAiOjE3ODk2NDkwODZ9._TSLJWyeiCeAA1In8yHA9kE5L7PTdQIiu-bwiQ1fMFOpC6-DnXsQZgojZ8FT2MFo,20495
eyJhbGciOiJIUzM4NCJ9.eyJzdWIiOiI1MDA5MzkiLCJ1c2VybmFtZSI6ImJlbmNoXzQyODYxNDNfNjM3IiwiaWF0IjoxNzg5MDQ0Mjg2LCJleHAiOjE3ODk2NDkwODZ9._mg27gRrz1yTur3iKRZuWOY3jUEHY3stSl8Qun0xoVkZ21tiepVtADj_9GbgYFIN,20498
eyJhbGciOiJIUzM4NCJ9.eyJzdWIiOiI1MDA5NDMiLCJ1c2VybmFtZSI6ImJlbmNoXzQyODYxNDRfNjM5IiwiaWF0IjoxNzg5MDQ0Mjg2LCJleHAiOjE3ODk2NDkwODZ9.AiWD-umZm-rL6dnAilhSga9diu4-jvq_j2Lm-4GSRNLdg_JoH4dqQHNDXAG4RI4N,20496
eyJhbGciOiJIUzM4NCJ9.eyJzdWIiOiI1MDA5NDciLCJ1c2VybmFtZSI6ImJlbmNoXzQyODYxNTBfNjQyIiwiaWF0IjoxNzg5MDQ0Mjg2LCJleHAiOjE3ODk2NDkwODZ9.SgbVL4baxpX6wHrRIsz2FBQo_nWs6OL4HYZ0sNYTfYKEvnFazNW32SKf5SyPHGle,20500
eyJhbGciOiJIUzM4NCJ9.eyJzdWIiOiI1MDA5NDAiLCJ1c2VybmFtZSI6ImJlbmNoXzQyODYxNDRfNjQwIiwiaWF0IjoxNzg5MDQ0Mjg2LCJleHAiOjE3ODk2NDkwODZ9.XVJ_q7qLVW74vfXkv93h1cfuzgLwioroUIH0SEnD0t7whbUSUI4LB0Sct4D9O03b,20499
eyJhbGciOiJIUzM4NCJ9.eyJzdWIiOiI1MDA5NDEiLCJ1c2VybmFtZSI6ImJlbmNoXzQyODYxNTJfNjQ0IiwiaWF0IjoxNzg5MDQ0Mjg2LCJleHAiOjE3ODk2NDkwODZ9.ZK5Tyt0UiVawYDR8KjdFH_p7s-E2OV2Fst9xG_l092QmTahHnvJm4AXJZhlmMCJy,20503
eyJhbGciOiJIUzM4NCJ9.eyJzdWIiOiI1MDA5NDUiLCJ1c2VybmFtZSI6ImJlbmNoXzQyODYxNjFfNjQ2IiwiaWF0IjoxNzg5MDQ0Mjg2LCJleHAiOjE3ODk2NDkwODZ9.0M-o8vyXpEui_dWI2aksdPXn13c-dWGpzYY2guYeW_VhoNv19oEKfzTyPesZq4FG,20501
eyJhbGciOiJIUzM4NCJ9.eyJzdWIiOiI1MDA5NDIiLCJ1c2VybmFtZSI6ImJlbmNoXzQyODYxNTBfNjQzIiwiaWF0IjoxNzg5MDQ0Mjg2LCJleHAiOjE3ODk2NDkwODZ9.q5s7lHjtXKwPSm4Mnln0x3NEiMcjS1FplVTgRduqVsvSSB2JisWhxtVVfKuib45L,20502
eyJhbGciOiJIUzM4NCJ9.eyJzdWIiOiI1MDA5MzgiLCJ1c2VybmFtZSI6ImJlbmNoXzQyODYxNDVfNjQxIiwiaWF0IjoxNzg5MDQ0Mjg2LCJleHAiOjE3ODk2NDkwODZ9.RDK30UTQQDE-hCwWOHrwo5nVQ06y2_scUhsRGpFxu9BwtUCFlmp0JMusgIekyHDd,20497
eyJhbGciOiJIUzM4NCJ9.eyJzdWIiOiI1MDA5NDYiLCJ1c2VybmFtZSI6ImJlbmNoXzQyODYxNDNfNjM4IiwiaWF0IjoxNzg5MDQ0Mjg2LCJleHAiOjE3ODk2NDkwODZ9.Ieo3p2xzCDkYy0LXr1psGGhiV3haQ2EzpesUMzIycJZzu6jn6dCko4GBPbmuxSKf,20504
eyJhbGciOiJIUzM4NCJ9.eyJzdWIiOiI1MDA5NDkiLCJ1c2VybmFtZSI6ImJlbmNoXzQyODYyNTdfNjQ3IiwiaWF0IjoxNzg5MDQ0Mjg2LCJleHAiOjE3ODk2NDkwODZ9.7-26r2ym74c4SZuhT3PdBwxkiMblpMiBlEozsULIZHWgIgLFmpq2ITqy-adL0q6e,20505
eyJhbGciOiJIUzM4NCJ9.eyJzdWIiOiI1MDA5NTEiLCJ1c2VybmFtZSI6ImJlbmNoXzQyODYzNDdfNjUwIiwiaWF0IjoxNzg5MDQ0Mjg2LCJleHAiOjE3ODk2NDkwODZ9.O2WijPyp3PXfI9QNdL92AjgE8o84MXHFR1wClNHuewQofuTVhV8--9QFYugqn9ow,20507
eyJhbGciOiJIUzM4NCJ9.eyJzdWIiOiI1MDA5NDgiLCJ1c2VybmFtZSI6ImJlbmNoXzQyODYyNjRfNjQ4IiwiaWF0IjoxNzg5MDQ0Mjg2LCJleHAiOjE3ODk2NDkwODZ9.jba1a3diiHs14LW4Un0rAWcxjEtvgMxEu4UdL7eZgwRu9NrnWSU06LN7b7i1K0wU,20508
eyJhbGciOiJIUzM4NCJ9.eyJzdWIiOiI1MDA5NTIiLCJ1c2VybmFtZSI6ImJlbmNoXzQyODYzNjZfNjUxIiwiaWF0IjoxNzg5MDQ0Mjg2LCJleHAiOjE3ODk2NDkwODZ9.UPWg-JdF4_WrT9mVeHBMqEUqiPvY13sGd3xf_BHoExLeuzkY3f1Z2HHmyxTzy7Sb,20509
eyJhbGciOiJIUzM4NCJ9.eyJzdWIiOiI1MDA5NTAiLCJ1c2VybmFtZSI6ImJlbmNoXzQyODYzMDVfNjQ5IiwiaWF0IjoxNzg5MDQ0Mjg2LCJleHAiOjE3ODk2NDkwODZ9.kYrkTn3adrXVSxqO1lnM9AfXKAtmBxJ8QfM76jIND1CvCSN5BnqEYbczteT9pa0H,20506
eyJhbGciOiJIUzM4NCJ9.eyJzdWIiOiI1MDA5NTMiLCJ1c2VybmFtZSI6ImJlbmNoXzQyODYzNzZfNjUzIiwiaWF0IjoxNzg5MDQ0Mjg2LCJleHAiOjE3ODk2NDkwODZ9.jpw8W61vR-JgGdQUvVG7hjp0zEDlNRrhr-42D12TYI2YbhMQjasyEP2RHA07Cctl,20511
eyJhbGciOiJIUzM4NCJ9.eyJzdWIiOiI1MDA5NTQiLCJ1c2VybmFtZSI6ImJlbmNoXzQyODYzNzZfNjUyIiwiaWF0IjoxNzg5MDQ0Mjg2LCJleHAiOjE3ODk2NDkwODZ9.g9-WisA9NS5hco7j13sQAKAB73SsEyoZDGL2P_foJCc6MddksgYk6aXWSoNREsit,20510
eyJhbGciOiJIUzM4NCJ9.eyJzdWIiOiI1MDA5NTUiLCJ1c2VybmFtZSI6ImJlbmNoXzQyODY0NDlfNjU0IiwiaWF0IjoxNzg5MDQ0Mjg2LCJleHAiOjE3ODk2NDkwODZ9.MUFzJREDhfNt8yu3wntlZ9Igx8R74A8BIXp__JSiAPPMts0uZBGstJcu-ENXx81T,20512
eyJhbGciOiJIUzM4NCJ9.eyJzdWIiOiI1MDA5NTciLCJ1c2VybmFtZSI6ImJlbmNoXzQyODY0NzhfNjU1IiwiaWF0IjoxNzg5MDQ0Mjg2LCJleHAiOjE3ODk2NDkwODZ9.em6Nqf5aO9ncAQybyPlJQrhxcjU63PzlCJH8k_Ltthd1v7ZaT8B59AGeft3_r36Y,20513
eyJhbGciOiJIUzM4NCJ9.eyJzdWIiOiI1MDA5NTYiLCJ1c2VybmFtZSI6ImJlbmNoXzQyODY0NzhfNjU2IiwiaWF0IjoxNzg5MDQ0Mjg2LCJleHAiOjE3ODk2NDkwODZ9.XGoJmEsgJXaesfXRuTr62595NXiYf7LS2l1KOucmgIafxMmrsjcANIQ2Y61ywaO9,20514
eyJhbGciOiJIUzM4NCJ9.eyJzdWIiOiI1MDA5NjEiLCJ1c2VybmFtZSI6ImJlbmNoXzQyODY1NTlfNjU5IiwiaWF0IjoxNzg5MDQ0Mjg2LCJleHAiOjE3ODk2NDkwODZ9.mOSieEezJv35w_IMSg1S91DLYsGcpNS0tK9K9wt84M8ZqMAs297iLLS9KDTCtGgJ,20515
eyJhbGciOiJIUzM4NCJ9.eyJzdWIiOiI1MDA5NTkiLCJ1c2VybmFtZSI6ImJlbmNoXzQyODY1NDZfNjU4IiwiaWF0IjoxNzg5MDQ0Mjg2LCJleHAiOjE3ODk2NDkwODZ9.6mhqZGGzyW9Eo7wZUa8fdccWS_1uto3atJwTJW-vTyHGWckDi-Vr94s9WhOHqDFC,20516
eyJhbGciOiJIUzM4NCJ9.eyJzdWIiOiI1MDA5NjAiLCJ1c2VybmFtZSI6ImJlbmNoXzQyODY1NzVfNjYwIiwiaWF0IjoxNzg5MDQ0Mjg2LCJleHAiOjE3ODk2NDkwODZ9.9FiTtPpU9q3-I0oQNq2TTYS-23_NWH03tvGYRAU30yB4oVkOC-2pIXr8KAYaWlP3,20517
eyJhbGciOiJIUzM4NCJ9.eyJzdWIiOiI1MDA5NTgiLCJ1c2VybmFtZSI6ImJlbmNoXzQyODY1MzdfNjU3IiwiaWF0IjoxNzg5MDQ0Mjg2LCJleHAiOjE3ODk2NDkwODZ9.pIubH7VqfNIljsrkw2vcFCR2wRffQKoEL4_kZXnz1vUvx-0w-_PEdP7XgSgzeIOe,20518
eyJhbGciOiJIUzM4NCJ9.eyJzdWIiOiI1MDA5NjYiLCJ1c2VybmFtZSI6ImJlbmNoXzQyODY1NzhfNjYxIiwiaWF0IjoxNzg5MDQ0Mjg2LCJleHAiOjE3ODk2NDkwODZ9.W24PqVSR97KdrOdvuMeH5A3_p6K1PBXn3PH5YVfuUQj3W_-sqVSb-FoV-e1pr5hG,20519
eyJhbGciOiJIUzM4NCJ9.eyJzdWIiOiI1MDA5NjIiLCJ1c2VybmFtZSI6ImJlbmNoXzQyODY1ODJfNjYzIiwiaWF0IjoxNzg5MDQ0Mjg2LCJleHAiOjE3ODk2NDkwODZ9.8a07rXFW3BX51T4nEmby8FH80rM9HPgCvt-yjFhLZKIuiPwx8OSQZO5EguoJS8Pa,20524
eyJhbGciOiJIUzM4NCJ9.eyJzdWIiOiI1MDA5NjQiLCJ1c2VybmFtZSI6ImJlbmNoXzQyODY1ODNfNjY0IiwiaWF0IjoxNzg5MDQ0Mjg2LCJleHAiOjE3ODk2NDkwODZ9.DHNbeB19oVWVI0M3U4R1RsQu3fKKq1hiLOpKHPZlhKtfydpX9vlL_kT8O4JRc58b,20523
eyJhbGciOiJIUzM4NCJ9.eyJzdWIiOiI1MDA5NjciLCJ1c2VybmFtZSI6ImJlbmNoXzQyODY1NzlfNjYyIiwiaWF0IjoxNzg5MDQ0Mjg2LCJleHAiOjE3ODk2NDkwODZ9.ReeetG7S_GBBVUqqM_1xWcYrozcUjDsrqPyAy6ttBYywLhfIYXd3bBFLDCwBvppG,20520
eyJhbGciOiJIUzM4NCJ9.eyJzdWIiOiI1MDA5NjMiLCJ1c2VybmFtZSI6ImJlbmNoXzQyODY1ODNfNjY1IiwiaWF0IjoxNzg5MDQ0Mjg2LCJleHAiOjE3ODk2NDkwODZ9.Ulg_ZaM1MY2NNabaHCrUl44esOfqNiOk_dkO8VGa4uNxpIkVTjErHWrMUIN0qui_,20522
eyJhbGciOiJIUzM4NCJ9.eyJzdWIiOiI1MDA5NjUiLCJ1c2VybmFtZSI6ImJlbmNoXzQyODY1ODZfNjY2IiwiaWF0IjoxNzg5MDQ0Mjg2LCJleHAiOjE3ODk2NDkwODZ9._PjTpvxudLdoV5kbrE-_f7bVbCuyvypzyfEyt5eD5ZU4EJLlYtu24bpJPlZ4vqx1,20521
eyJhbGciOiJIUzM4NCJ9.eyJzdWIiOiI1MDA5NjgiLCJ1c2VybmFtZSI6ImJlbmNoXzQyODY3MDRfNjY3IiwiaWF0IjoxNzg5MDQ0Mjg3LCJleHAiOjE3ODk2NDkwODd9.9pEw_zuSp2aEuKNLAhQd6Aelj6qEEgbXvavzk9ynP64kl1BgaylqsWqlCGXUOGKA,20525
eyJhbGciOiJIUzM4NCJ9.eyJzdWIiOiI1MDA5NjkiLCJ1c2VybmFtZSI6ImJlbmNoXzQyODY3MThfNjY5IiwiaWF0IjoxNzg5MDQ0Mjg3LCJleHAiOjE3ODk2NDkwODd9.kVmAghEfdkDIENESd7w3zyeS0Q-qk0CFQjR7w4Dp3RbsAGG87L7eDYYJVPenbW53,20526
eyJhbGciOiJIUzM4NCJ9.eyJzdWIiOiI1MDA5NzIiLCJ1c2VybmFtZSI6ImJlbmNoXzQyODY3NDBfNjcxIiwiaWF0IjoxNzg5MDQ0Mjg3LCJleHAiOjE3ODk2NDkwODd9.So2zYjoIi5GcPYg4P_WSjjVkdpM0Swowb4ilV8LvZvNaZ5-vuO6wvWTNv5Cq2ESp,20529
eyJhbGciOiJIUzM4NCJ9.eyJzdWIiOiI1MDA5NzMiLCJ1c2VybmFtZSI6ImJlbmNoXzQyODY3NjNfNjczIiwiaWF0IjoxNzg5MDQ0Mjg3LCJleHAiOjE3ODk2NDkwODd9.q0RZJrqgYB8be-dY7mUEbBI6a-Vlovm3-WP7EXg3TOKrJqKuo21TZYW8eME92SGf,20527
eyJhbGciOiJIUzM4NCJ9.eyJzdWIiOiI1MDA5NzEiLCJ1c2VybmFtZSI6ImJlbmNoXzQyODY3MTdfNjY4IiwiaWF0IjoxNzg5MDQ0Mjg3LCJleHAiOjE3ODk2NDkwODd9.iB-hTtOgA2m606e9EJ9W-pdKEdrG_AsCshNuMquM48taN6yrQRoF8c18uJmg01C9,20531
eyJhbGciOiJIUzM4NCJ9.eyJzdWIiOiI1MDA5NzQiLCJ1c2VybmFtZSI6ImJlbmNoXzQyODY3NjNfNjcyIiwiaWF0IjoxNzg5MDQ0Mjg3LCJleHAiOjE3ODk2NDkwODd9.VaJioryqornr5c2rOocN_MXh0P3My-Ol49v6i3hd7RxJXG_Ga2QNYWl3Hnt4evRn,20528
eyJhbGciOiJIUzM4NCJ9.eyJzdWIiOiI1MDA5NzAiLCJ1c2VybmFtZSI6ImJlbmNoXzQyODY3MjJfNjcwIiwiaWF0IjoxNzg5MDQ0Mjg3LCJleHAiOjE3ODk2NDkwODd9.p2StvgaWpW_zrppCCsDxWcLo59CJ6sPJjTjosduyYprRLOTbNI07G4F8MhBbkDCJ,20530
eyJhbGciOiJIUzM4NCJ9.eyJzdWIiOiI1MDA5ODAiLCJ1c2VybmFtZSI6ImJlbmNoXzQyODY5MzFfNjc3IiwiaWF0IjoxNzg5MDQ0Mjg3LCJleHAiOjE3ODk2NDkwODd9.PRbITKkEZ7W3uwytCdUza8W3wJlbagnmYvfMygHjaJpJpL9TrHQBIBu72dy6BvGR,20534
eyJhbGciOiJIUzM4NCJ9.eyJzdWIiOiI1MDA5NzkiLCJ1c2VybmFtZSI6ImJlbmNoXzQyODY5MDNfNjc0IiwiaWF0IjoxNzg5MDQ0Mjg3LCJleHAiOjE3ODk2NDkwODd9.7jdV-N-bJabRnJsWXqkgtWNs6j7GbZbFB4xT_ZJ2sDUCvrHEqkiXRUmV8EYz3Q0t,20535
eyJhbGciOiJIUzM4NCJ9.eyJzdWIiOiI1MDA5NzYiLCJ1c2VybmFtZSI6ImJlbmNoXzQyODY5MjZfNjc1IiwiaWF0IjoxNzg5MDQ0Mjg3LCJleHAiOjE3ODk2NDkwODd9.vtGS9wxTdqu1rNp-eIBicTFXmJfVjC7I6fxcF1v9iy5gTas1QS2C2jQ2vmnnAWpL,20532
eyJhbGciOiJIUzM4NCJ9.eyJzdWIiOiI1MDA5NzUiLCJ1c2VybmFtZSI6ImJlbmNoXzQyODY5MzVfNjc4IiwiaWF0IjoxNzg5MDQ0Mjg3LCJleHAiOjE3ODk2NDkwODd9.t4if3tdtFEPeNitfrwG-cfrFgxopruKK2bIpTVy2iF8o3PuH1rsFAFyO7NJUYk53,20533
eyJhbGciOiJIUzM4NCJ9.eyJzdWIiOiI1MDA5NzgiLCJ1c2VybmFtZSI6ImJlbmNoXzQyODY5MzVfNjc5IiwiaWF0IjoxNzg5MDQ0Mjg3LCJleHAiOjE3ODk2NDkwODd9.cnnZlju6jQ1qPeTbx0s03VaZ3TdVHHy3j5V9yYXlfPGOF4A4Wa_5tz3g1Xu-99KT,20538
eyJhbGciOiJIUzM4NCJ9.eyJzdWIiOiI1MDA5ODEiLCJ1c2VybmFtZSI6ImJlbmNoXzQyODY5ODBfNjg0IiwiaWF0IjoxNzg5MDQ0Mjg3LCJleHAiOjE3ODk2NDkwODd9.RgDtn7bWTME1vy2XziRlfjbpmSrAjZevpKenOyPDjHdHcZ8ekzy5fdr_uEE9kuF9,20536
eyJhbGciOiJIUzM4NCJ9.eyJzdWIiOiI1MDA5NzciLCJ1c2VybmFtZSI6ImJlbmNoXzQyODY5MjhfNjc2IiwiaWF0IjoxNzg5MDQ0Mjg3LCJleHAiOjE3ODk2NDkwODd9.QCcQQ0Qxe2BiHX2H9mH1NRNzzliPESDvzkcV8ELPbVxbnq9lZ6fP8w5azFBJJAhD,20537
eyJhbGciOiJIUzM4NCJ9.eyJzdWIiOiI1MDA5ODQiLCJ1c2VybmFtZSI6ImJlbmNoXzQyODY5ODlfNjg1IiwiaWF0IjoxNzg5MDQ0Mjg3LCJleHAiOjE3ODk2NDkwODd9.7d1j2t52myetzcrpPCJHKSPsyfRSDH46iBX1f-mRBuB7IxJ-1wMxzICl8JzgO6Uh,20539
eyJhbGciOiJIUzM4NCJ9.eyJzdWIiOiI1MDA5ODMiLCJ1c2VybmFtZSI6ImJlbmNoXzQyODY5NjZfNjgxIiwiaWF0IjoxNzg5MDQ0Mjg3LCJleHAiOjE3ODk2NDkwODd9.nJcEu9aznXu7PaGrnlGkoLuPR45sZnFprEyvcVMw_sFXEeCuQdHOoG91KjXVYTDy,20540
eyJhbGciOiJIUzM4NCJ9.eyJzdWIiOiI1MDA5ODciLCJ1c2VybmFtZSI6ImJlbmNoXzQyODY5ODlfNjg2IiwiaWF0IjoxNzg5MDQ0Mjg3LCJleHAiOjE3ODk2NDkwODd9.BaiEje3GrJ4bE_ubd_SWMq4Fgl7KVzntmMYImpeq4XGLY4MpLe0kKS1wcHsVEirq,20541
eyJhbGciOiJIUzM4NCJ9.eyJzdWIiOiI1MDA5ODIiLCJ1c2VybmFtZSI6ImJlbmNoXzQyODY5NTVfNjgwIiwiaWF0IjoxNzg5MDQ0Mjg3LCJleHAiOjE3ODk2NDkwODd9.xz366x2FDjX5JTPO0Qtw8kyflLw-ftLnxYlgftg5FOzmdUiA0cJUgbAct0JnbHmT,20542
eyJhbGciOiJIUzM4NCJ9.eyJzdWIiOiI1MDA5ODUiLCJ1c2VybmFtZSI6ImJlbmNoXzQyODY5NzdfNjgzIiwiaWF0IjoxNzg5MDQ0Mjg3LCJleHAiOjE3ODk2NDkwODd9.mi3TjVDF105k8I6tPvpIJsVS-QqBlxFflcUN3XifjKQY-3Y40PvEk-SrZMFJMetO,20543
eyJhbGciOiJIUzM4NCJ9.eyJzdWIiOiI1MDA5ODYiLCJ1c2VybmFtZSI6ImJlbmNoXzQyODY5NzZfNjgyIiwiaWF0IjoxNzg5MDQ0Mjg3LCJleHAiOjE3ODk2NDkwODd9.g_HbvmIGQy78IkctJk-zwi4W3PQkqF4rzu3Ks4p-946HwegNm8m_mkpZqEkKgwKj,20544
eyJhbGciOiJIUzM4NCJ9.eyJzdWIiOiI1MDA5OTEiLCJ1c2VybmFtZSI6ImJlbmNoXzQyODcxNTdfNjkyIiwiaWF0IjoxNzg5MDQ0Mjg3LCJleHAiOjE3ODk2NDkwODd9.gRlHmQddyFnN5kObfaFoBt3nPUWL5weRxZlPQJ8OHRS78u5qq2p-CUmyqxv4McjU,20548
eyJhbGciOiJIUzM4NCJ9.eyJzdWIiOiI1MDA5OTIiLCJ1c2VybmFtZSI6ImJlbmNoXzQyODcxNTZfNjg4IiwiaWF0IjoxNzg5MDQ0Mjg3LCJleHAiOjE3ODk2NDkwODd9.AJ5FqdQeNLMa9OwV821KthLKmM32K2Cyh6n2dMoPD9xa4Ypqb1Id2cBg65C3J-of,20546
eyJhbGciOiJIUzM4NCJ9.eyJzdWIiOiI1MDA5ODkiLCJ1c2VybmFtZSI6ImJlbmNoXzQyODcxNTZfNjg5IiwiaWF0IjoxNzg5MDQ0Mjg3LCJleHAiOjE3ODk2NDkwODd9.3qx0PQ-oj8Pl7GkzNM0I1OWeXQSzGN_jX9Ne0TQDMHzj3P8oPWdbsM8zF1uBX4fH,20545
eyJhbGciOiJIUzM4NCJ9.eyJzdWIiOiI1MDA5ODgiLCJ1c2VybmFtZSI6ImJlbmNoXzQyODcxNTdfNjkxIiwiaWF0IjoxNzg5MDQ0Mjg3LCJleHAiOjE3ODk2NDkwODd9.NyXUpFCM7KJrH4gYdr-Uiswrg8OYimSNrGsnpHsnA98ZvKVia3Ybe2kx-YjceiNC,20547
eyJhbGciOiJIUzM4NCJ9.eyJzdWIiOiI1MDA5OTAiLCJ1c2VybmFtZSI6ImJlbmNoXzQyODcxNTJfNjg3IiwiaWF0IjoxNzg5MDQ0Mjg3LCJleHAiOjE3ODk2NDkwODd9.KDxj_en46tB9EypRnRrvr50tJnY27lNZ6arob8RLULt4HzjZK77-Pssi0gh-ToyJ,20549
eyJhbGciOiJIUzM4NCJ9.eyJzdWIiOiI1MDA5OTQiLCJ1c2VybmFtZSI6ImJlbmNoXzQyODcxNzRfNjkzIiwiaWF0IjoxNzg5MDQ0Mjg3LCJleHAiOjE3ODk2NDkwODd9.QZ1txxF7sqruQ7KuEzYuMwvCPEAVM8MIur-CGcSYy0wFgaORaBPOvUqVdzWUT69C,20550
eyJhbGciOiJIUzM4NCJ9.eyJzdWIiOiI1MDA5OTMiLCJ1c2VybmFtZSI6ImJlbmNoXzQyODcxNTdfNjkwIiwiaWF0IjoxNzg5MDQ0Mjg3LCJleHAiOjE3ODk2NDkwODd9.vLXHtHSr7alImFkTvHt46edi8yRA-Dqckp_jhAGnL17pLwqrTu0ttUWFyhCh06Z7,20551
eyJhbGciOiJIUzM4NCJ9.eyJzdWIiOiI1MDA5OTciLCJ1c2VybmFtZSI6ImJlbmNoXzQyODczNjBfNjk3IiwiaWF0IjoxNzg5MDQ0Mjg3LCJleHAiOjE3ODk2NDkwODd9.LCOznpGUaKTpd7A9Od7OuSB58hTIA0HApJTyeli9brizDR5QHQGicHSppSYR4Czn,20552
eyJhbGciOiJIUzM4NCJ9.eyJzdWIiOiI1MDEwMDIiLCJ1c2VybmFtZSI6ImJlbmNoXzQyODczNjlfNjk4IiwiaWF0IjoxNzg5MDQ0Mjg3LCJleHAiOjE3ODk2NDkwODd9.MMzfvwE1WYVQnBr8Z8zcvDMjHYRQh5BCh8mCM9OOP5DU1w3PVkNp3oEFKQdB6h-p,20554
eyJhbGciOiJIUzM4NCJ9.eyJzdWIiOiI1MDA5OTgiLCJ1c2VybmFtZSI6ImJlbmNoXzQyODczODJfNzAxIiwiaWF0IjoxNzg5MDQ0Mjg3LCJleHAiOjE3ODk2NDkwODd9.3uRDwBYKjxyeZX5cusdiqztjyxPXxZtviUjvW_ATTxTGko7cODsV43x32TYUWE8K,20553
eyJhbGciOiJIUzM4NCJ9.eyJzdWIiOiI1MDA5OTkiLCJ1c2VybmFtZSI6ImJlbmNoXzQyODczNzVfNzAwIiwiaWF0IjoxNzg5MDQ0Mjg3LCJleHAiOjE3ODk2NDkwODd9.H09vmwPEWR6r6E73UYOKu8myDSHSUEd401DZz2fj71o4q6lMUnHTXVXgOxELUhi9,20559
eyJhbGciOiJIUzM4NCJ9.eyJzdWIiOiI1MDEwMDAiLCJ1c2VybmFtZSI6ImJlbmNoXzQyODczNTZfNjk2IiwiaWF0IjoxNzg5MDQ0Mjg3LCJleHAiOjE3ODk2NDkwODd9.Yuo5hP-bB0306Y4OvxDXMX5cGHENaMcJwL-ajjZAmRO83AmwfpMfVCyKy1pLImJ8,20557
eyJhbGciOiJIUzM4NCJ9.eyJzdWIiOiI1MDEwMDEiLCJ1c2VybmFtZSI6ImJlbmNoXzQyODczNzBfNjk5IiwiaWF0IjoxNzg5MDQ0Mjg3LCJleHAiOjE3ODk2NDkwODd9.8nNCe3wYP_088cKFRBQ9eaREEhsU0FBb_hlY20ZQ2G6lgFqm5y_I2iy--a5HDk4y,20558
eyJhbGciOiJIUzM4NCJ9.eyJzdWIiOiI1MDA5OTYiLCJ1c2VybmFtZSI6ImJlbmNoXzQyODczNTRfNjk0IiwiaWF0IjoxNzg5MDQ0Mjg3LCJleHAiOjE3ODk2NDkwODd9.lgyrie_cPAmQXTTei6LzfjckLIwr_52tuE0ksIDowsGHEwYL4VyhGve8hVgldq_N,20555
eyJhbGciOiJIUzM4NCJ9.eyJzdWIiOiI1MDA5OTUiLCJ1c2VybmFtZSI6ImJlbmNoXzQyODczNTVfNjk1IiwiaWF0IjoxNzg5MDQ0Mjg3LCJleHAiOjE3ODk2NDkwODd9.yle92CMI8Ul78j-jgLqb8_gtUe0tsUdaE9liwrHVpNgfIyCaFzHiMzuuLhfbYz00,20556
eyJhbGciOiJIUzM4NCJ9.eyJzdWIiOiI1MDEwMDMiLCJ1c2VybmFtZSI6ImJlbmNoXzQyODc0MDJfNzAyIiwiaWF0IjoxNzg5MDQ0Mjg3LCJleHAiOjE3ODk2NDkwODd9.BVN3QKeExKzDlc5d9rsa8RPPPFxEyOoV-bJtOpCb2MN9m_ZRyajWs1DuomTbEZ8a,20560
eyJhbGciOiJIUzM4NCJ9.eyJzdWIiOiI1MDEwMDQiLCJ1c2VybmFtZSI6ImJlbmNoXzQyODc0MDNfNzAzIiwiaWF0IjoxNzg5MDQ0Mjg3LCJleHAiOjE3ODk2NDkwODd9.h8MU4ukABdmnU5Cr4QfIwfPeohVLtwFSBsT9a6Exy5R4dbItimrviSa6UPmDInRF,20561
eyJhbGciOiJIUzM4NCJ9.eyJzdWIiOiI1MDEwMDYiLCJ1c2VybmFtZSI6ImJlbmNoXzQyODc0MTNfNzA1IiwiaWF0IjoxNzg5MDQ0Mjg3LCJleHAiOjE3ODk2NDkwODd9.eMXWgdJ6T9IcaoYxTG_Jy-M6Eer5ycpzODh4tP9hrVsBbAnqUmm7UqGdYNP6nyiu,20562
eyJhbGciOiJIUzM4NCJ9.eyJzdWIiOiI1MDEwMDUiLCJ1c2VybmFtZSI6ImJlbmNoXzQyODc0MDRfNzA0IiwiaWF0IjoxNzg5MDQ0Mjg3LCJleHAiOjE3ODk2NDkwODd9.c8SmtzinNQXzjEZZYhoCyboEYh1toUZ4Q6EYR3xnLkfPl9pS-BfOOu9vW_Y31IMt,20563
eyJhbGciOiJIUzM4NCJ9.eyJzdWIiOiI1MDEwMDciLCJ1c2VybmFtZSI6ImJlbmNoXzQyODc0NjFfNzA2IiwiaWF0IjoxNzg5MDQ0Mjg3LCJleHAiOjE3ODk2NDkwODd9._O6BzVn8LXItC80O741ajLtMTczTvWpRGrH-TGbxyVLW6ORqmH0Qx7yJ7wuHblTw,20564
eyJhbGciOiJIUzM4NCJ9.eyJzdWIiOiI1MDEwMTIiLCJ1c2VybmFtZSI6ImJlbmNoXzQyODc1ODBfNzEyIiwiaWF0IjoxNzg5MDQ0Mjg3LCJleHAiOjE3ODk2NDkwODd9.CJJdIjDO2b-E8G-oynb95qkul5hG3ddEPS6ddOwfslwNPSc9X7N0QYNtm265TJD1,20565
eyJhbGciOiJIUzM4NCJ9.eyJzdWIiOiI1MDEwMTMiLCJ1c2VybmFtZSI6ImJlbmNoXzQyODc1NzZfNzEwIiwiaWF0IjoxNzg5MDQ0Mjg3LCJleHAiOjE3ODk2NDkwODd9.HhczsyCmSWkZMYhW788TUk8teThVRzwFBhQUj1RUPw5DbPPqZrpR7k7yPFpLyMyA,20567
eyJhbGciOiJIUzM4NCJ9.eyJzdWIiOiI1MDEwMTEiLCJ1c2VybmFtZSI6ImJlbmNoXzQyODc1ODNfNzEzIiwiaWF0IjoxNzg5MDQ0Mjg3LCJleHAiOjE3ODk2NDkwODd9.rgNFVbi5Hc-MVvMZCKIlxkZKLN3O0joOGDDXGGeq8EHwQZLYOrE43cfCjQQ7xopq,20566
eyJhbGciOiJIUzM4NCJ9.eyJzdWIiOiI1MDEwMDkiLCJ1c2VybmFtZSI6ImJlbmNoXzQyODc1NjlfNzA3IiwiaWF0IjoxNzg5MDQ0Mjg3LCJleHAiOjE3ODk2NDkwODd9.lVAdFpstftU0roy5Nuq8B7bzBfAGPE0epWTnKzVf8A4zu2btuUfj68pKNqnCjAHE,20568
eyJhbGciOiJIUzM4NCJ9.eyJzdWIiOiI1MDEwMTAiLCJ1c2VybmFtZSI6ImJlbmNoXzQyODc1NzJfNzA4IiwiaWF0IjoxNzg5MDQ0Mjg3LCJleHAiOjE3ODk2NDkwODd9.FNZQ2DV8dkM1XpGmlzsCkj43AaPcTT76dMiP3L2SyYoGdVJHVfQyrAgsPDE1M44U,20569
eyJhbGciOiJIUzM4NCJ9.eyJzdWIiOiI1MDEwMDgiLCJ1c2VybmFtZSI6ImJlbmNoXzQyODc1NzNfNzA5IiwiaWF0IjoxNzg5MDQ0Mjg3LCJleHAiOjE3ODk2NDkwODd9.UE1cEy6iqEGr3qH09Qst-ymRo5hgHEDR9hBdkNWMi_fYvpCjdX3i7RKq_atno1WQ,20570
eyJhbGciOiJIUzM4NCJ9.eyJzdWIiOiI1MDEwMTQiLCJ1c2VybmFtZSI6ImJlbmNoXzQyODc1NzdfNzExIiwiaWF0IjoxNzg5MDQ0Mjg3LCJleHAiOjE3ODk2NDkwODd9.0flW5kOrn_QxUDBy3_tu3wEpkG0NX3fHue7xqfO0cvu6FYJb47aFgtxPf0jdNK18,20571
eyJhbGciOiJIUzM4NCJ9.eyJzdWIiOiI1MDEwMTYiLCJ1c2VybmFtZSI6ImJlbmNoXzQyODc3ODdfNzE3IiwiaWF0IjoxNzg5MDQ0Mjg4LCJleHAiOjE3ODk2NDkwODh9.-_J5-jPLBUtrJXZGr5SA__QDPihO_dwJ6WdxzGl5UR4qqkODwpYygsAtDBoh7ZTo,20572
eyJhbGciOiJIUzM4NCJ9.eyJzdWIiOiI1MDEwMTUiLCJ1c2VybmFtZSI6ImJlbmNoXzQyODc3ODdfNzE4IiwiaWF0IjoxNzg5MDQ0Mjg4LCJleHAiOjE3ODk2NDkwODh9.kgvDLvevvbab665kbxJ0-ZNbl97ydR6P54d_QJbkF6HZP4CfgQg0zMS4RFn2bCTa,20573
eyJhbGciOiJIUzM4NCJ9.eyJzdWIiOiI1MDEwMTciLCJ1c2VybmFtZSI6ImJlbmNoXzQyODc3OTNfNzIxIiwiaWF0IjoxNzg5MDQ0Mjg4LCJleHAiOjE3ODk2NDkwODh9.t85UDvGuii-ec-oA8MsKNk-YqNkX0JeJ-8ddELLG5H-N0JLtRWmwgO2lQLVckvLj,20574
eyJhbGciOiJIUzM4NCJ9.eyJzdWIiOiI1MDEwMjEiLCJ1c2VybmFtZSI6ImJlbmNoXzQyODc3NjVfNzE1IiwiaWF0IjoxNzg5MDQ0Mjg4LCJleHAiOjE3ODk2NDkwODh9.v8sjSfU7EdfyouyuWk_QSfJ5Slj4bQr2GVibwpIV6OOW6SWmTgmZZgqBPrB0v0N3,20575
eyJhbGciOiJIUzM4NCJ9.eyJzdWIiOiI1MDEwMTkiLCJ1c2VybmFtZSI6ImJlbmNoXzQyODc3NjhfNzE2IiwiaWF0IjoxNzg5MDQ0Mjg4LCJleHAiOjE3ODk2NDkwODh9.q0yXYjCpiYIaBxb3uPf7cY12dgqgmpWj-7TvPsBpR1pQ8fuy1YsRxVk7_iCIDjuq,20576
eyJhbGciOiJIUzM4NCJ9.eyJzdWIiOiI1MDEwMTgiLCJ1c2VybmFtZSI6ImJlbmNoXzQyODc3NTVfNzE0IiwiaWF0IjoxNzg5MDQ0Mjg4LCJleHAiOjE3ODk2NDkwODh9.Ot2GssIuUt1VbHwLYmzSqy1HX4xIFhqP7su7hCe3x_9nC-Dvcmccqn6qfcie0xrT,20577
eyJhbGciOiJIUzM4NCJ9.eyJzdWIiOiI1MDEwMjAiLCJ1c2VybmFtZSI6ImJlbmNoXzQyODc3OTJfNzE5IiwiaWF0IjoxNzg5MDQ0Mjg4LCJleHAiOjE3ODk2NDkwODh9.GH4-bV8aNZnow-HdBrflfJAivJMUtb9Oi7hzf8BZxBN-8ZxtNRAKMts9N8rDa6LJ,20578
eyJhbGciOiJIUzM4NCJ9.eyJzdWIiOiI1MDEwMjQiLCJ1c2VybmFtZSI6ImJlbmNoXzQyODc3OTNfNzIwIiwiaWF0IjoxNzg5MDQ0Mjg4LCJleHAiOjE3ODk2NDkwODh9.xsrjQ3atXhpT2ayh5d7lReYa_3ezuwjuNo7UMnaCJRKLn_39oJgYrGFMVk4Vm3am,20580
eyJhbGciOiJIUzM4NCJ9.eyJzdWIiOiI1MDEwMjIiLCJ1c2VybmFtZSI6ImJlbmNoXzQyODc4MjFfNzI0IiwiaWF0IjoxNzg5MDQ0Mjg4LCJleHAiOjE3ODk2NDkwODh9.HlIjva8vmY4Vw_5RHX6y-HhWWXi-YySU6B1mPVEfwaPS3xoZqd3YiQoYAtwhK0IW,20579
eyJhbGciOiJIUzM4NCJ9.eyJzdWIiOiI1MDEwMjMiLCJ1c2VybmFtZSI6ImJlbmNoXzQyODc4MDNfNzIyIiwiaWF0IjoxNzg5MDQ0Mjg4LCJleHAiOjE3ODk2NDkwODh9.DHz7A6xo2q-Lt7CLEV5gsNMqzKATfWS_qILUQBEagAJ_ShnWvNHVAbTjMhl1pugJ,20582
eyJhbGciOiJIUzM4NCJ9.eyJzdWIiOiI1MDEwMjUiLCJ1c2VybmFtZSI6ImJlbmNoXzQyODc4NDlfNzI1IiwiaWF0IjoxNzg5MDQ0Mjg4LCJleHAiOjE3ODk2NDkwODh9.jidSUfGeC_VnZIj-OXOyGEXM_WSrL8DVkmBsuSuwSuXaH3xfv3ZPI9Mbwu5T6l9O,20581
eyJhbGciOiJIUzM4NCJ9.eyJzdWIiOiI1MDEwMjYiLCJ1c2VybmFtZSI6ImJlbmNoXzQyODc4MDRfNzIzIiwiaWF0IjoxNzg5MDQ0Mjg4LCJleHAiOjE3ODk2NDkwODh9.tRAiovhTfh5QqC4BKLIM7ehEqZIh8a4gphjornhXuwqfxTcmE46y5plBTGYPMGRU,20583
eyJhbGciOiJIUzM4NCJ9.eyJzdWIiOiI1MDEwMjciLCJ1c2VybmFtZSI6ImJlbmNoXzQyODc5NDBfNzI2IiwiaWF0IjoxNzg5MDQ0Mjg4LCJleHAiOjE3ODk2NDkwODh9.N1Z_a3UdCoFPLaLmhXVbC1ecQxnS2lprxTVRfPxnkP1vzLoRbELy0JfxMyeAMk8k,20584
eyJhbGciOiJIUzM4NCJ9.eyJzdWIiOiI1MDEwMjgiLCJ1c2VybmFtZSI6ImJlbmNoXzQyODc5ODNfNzI4IiwiaWF0IjoxNzg5MDQ0Mjg4LCJleHAiOjE3ODk2NDkwODh9.TXecE_lXY8YxqJR91SNbxKrBp8GDCHp70JmzZLkdfzAeDXM4QhNbmoLlXwIETdL-,20585
eyJhbGciOiJIUzM4NCJ9.eyJzdWIiOiI1MDEwMzAiLCJ1c2VybmFtZSI6ImJlbmNoXzQyODc5OTNfNzMwIiwiaWF0IjoxNzg5MDQ0Mjg4LCJleHAiOjE3ODk2NDkwODh9.7wzSY5sMogygsQbm0FHgj6CgJJd91BrOZ2c6hjQs_pdwJG1O4REcc_THlBDzNS26,20586
eyJhbGciOiJIUzM4NCJ9.eyJzdWIiOiI1MDEwMzIiLCJ1c2VybmFtZSI6ImJlbmNoXzQyODc5OTRfNzMxIiwiaWF0IjoxNzg5MDQ0Mjg4LCJleHAiOjE3ODk2NDkwODh9.bYnHiBkmSby-T7Fqrx5qv7V1VelHghKbRxw_2CzIbBqoQ4YR5vktg4PK8sMkEooT,20589
eyJhbGciOiJIUzM4NCJ9.eyJzdWIiOiI1MDEwMzMiLCJ1c2VybmFtZSI6ImJlbmNoXzQyODgwMTJfNzMyIiwiaWF0IjoxNzg5MDQ0Mjg4LCJleHAiOjE3ODk2NDkwODh9.1AGVuxI7GoD9u61O6hR4lOk4N6CmzSWIcxTMsC1bwI23O4B4YcDQ5Y6z3xEAN-9n,20587
eyJhbGciOiJIUzM4NCJ9.eyJzdWIiOiI1MDEwMzEiLCJ1c2VybmFtZSI6ImJlbmNoXzQyODc5NzdfNzI3IiwiaWF0IjoxNzg5MDQ0Mjg4LCJleHAiOjE3ODk2NDkwODh9.zMcS30j0O3ald8Eg1xh27f7g9cbNAQIy1osucWvDrrQNVmL7qqmOOqFUxhsJFwP6,20588
eyJhbGciOiJIUzM4NCJ9.eyJzdWIiOiI1MDEwMjkiLCJ1c2VybmFtZSI6ImJlbmNoXzQyODc5ODNfNzI5IiwiaWF0IjoxNzg5MDQ0Mjg4LCJleHAiOjE3ODk2NDkwODh9.0frOrLVRZ-lLeMYCr_rimk27Qy3seKF8FGXS3RI7vZVL5JYYn22_8Kpi7Rvh17P9,20590
eyJhbGciOiJIUzM4NCJ9.eyJzdWIiOiI1MDEwMzUiLCJ1c2VybmFtZSI6ImJlbmNoXzQyODgxNjhfNzM2IiwiaWF0IjoxNzg5MDQ0Mjg4LCJleHAiOjE3ODk2NDkwODh9.eAW8J98C0yJj5cVJapCQKZmVczCA0dS8yG7G2O6Cs4ycm2hQ6tqfb9z1d9UzoPJq,20591
eyJhbGciOiJIUzM4NCJ9.eyJzdWIiOiI1MDEwMzYiLCJ1c2VybmFtZSI6ImJlbmNoXzQyODgxNTRfNzM0IiwiaWF0IjoxNzg5MDQ0Mjg4LCJleHAiOjE3ODk2NDkwODh9.RLK5__nmS-tUl1FGhth1WQIUHtYes2SUvjaHwbaHeVgx0RSDfxQuS8FT52Lzpat6,20593
eyJhbGciOiJIUzM4NCJ9.eyJzdWIiOiI1MDEwMzciLCJ1c2VybmFtZSI6ImJlbmNoXzQyODgxNjZfNzM1IiwiaWF0IjoxNzg5MDQ0Mjg4LCJleHAiOjE3ODk2NDkwODh9.B2QpzuI9CCZx2PE3hC6usG4hysYpBypB6lRvy24rEvBCKjdKCRDGdP0c6_9xFJVA,20596
eyJhbGciOiJIUzM4NCJ9.eyJzdWIiOiI1MDEwMzQiLCJ1c2VybmFtZSI6ImJlbmNoXzQyODgwOTdfNzMzIiwiaWF0IjoxNzg5MDQ0Mjg4LCJleHAiOjE3ODk2NDkwODh9.10RyAC_AQj4FFIdSotr301eWBu88bpZytGp3ebqtdlA_TwQg2WmFx-m2W1TI2D0e,20592
eyJhbGciOiJIUzM4NCJ9.eyJzdWIiOiI1MDEwMzgiLCJ1c2VybmFtZSI6ImJlbmNoXzQyODgxOTBfNzM4IiwiaWF0IjoxNzg5MDQ0Mjg4LCJleHAiOjE3ODk2NDkwODh9.gerbHcyY0WmbK0gWePvr7OhjfY5m2ALtWx4e4S5Uuf6TA09IjlKn6LCqF0igM5Jv,20597
eyJhbGciOiJIUzM4NCJ9.eyJzdWIiOiI1MDEwNDIiLCJ1c2VybmFtZSI6ImJlbmNoXzQyODgxOThfNzQwIiwiaWF0IjoxNzg5MDQ0Mjg4LCJleHAiOjE3ODk2NDkwODh9.Pw2oPLrf-_z0EIE0EBVPfbg30xGEF876S90rmpzVGy6znhurw3k8mTPmUiIMRGai,20598
eyJhbGciOiJIUzM4NCJ9.eyJzdWIiOiI1MDEwNDAiLCJ1c2VybmFtZSI6ImJlbmNoXzQyODgyMDBfNzQxIiwiaWF0IjoxNzg5MDQ0Mjg4LCJleHAiOjE3ODk2NDkwODh9.SXoO_ayEfGBncVJWNomY4GV7mEoAVm_vsNrQpD-LFRPYMfwFcEsZ2mycJShhzMEe,20595
eyJhbGciOiJIUzM4NCJ9.eyJzdWIiOiI1MDEwMzkiLCJ1c2VybmFtZSI6ImJlbmNoXzQyODgxOTRfNzM5IiwiaWF0IjoxNzg5MDQ0Mjg4LCJleHAiOjE3ODk2NDkwODh9.IufDyGqx2rF3OO9XIgezKsnN00m3Xt_kWNA7zNohXbfRp1tSk9fxHN8WAYhQXJYT,20594
eyJhbGciOiJIUzM4NCJ9.eyJzdWIiOiI1MDEwNDEiLCJ1c2VybmFtZSI6ImJlbmNoXzQyODgxOTBfNzM3IiwiaWF0IjoxNzg5MDQ0Mjg4LCJleHAiOjE3ODk2NDkwODh9.p8cwTNhbzfjzCWaCN3W8QkIRRZ3yx6j0pULIpLXC_UirXONM-nKyTaxszchZsXMT,20599
eyJhbGciOiJIUzM4NCJ9.eyJzdWIiOiI1MDEwNDMiLCJ1c2VybmFtZSI6ImJlbmNoXzQyODgyMDZfNzQyIiwiaWF0IjoxNzg5MDQ0Mjg4LCJleHAiOjE3ODk2NDkwODh9.0h84gSXKqRD6H0OO5swtbSJeEfCJ6_Hb3OdKjwR-mrL_F6CFqt3N40Xz0KCC2z-z,20600
eyJhbGciOiJIUzM4NCJ9.eyJzdWIiOiI1MDEwNDQiLCJ1c2VybmFtZSI6ImJlbmNoXzQyODgyNDRfNzQ0IiwiaWF0IjoxNzg5MDQ0Mjg4LCJleHAiOjE3ODk2NDkwODh9.DA5oyMSjpqHGo1xT5QdZWgSO4JY2ZNuqY7oHQW8jBiW4H6tbL9jccThwJewh8mr2,20601
eyJhbGciOiJIUzM4NCJ9.eyJzdWIiOiI1MDEwNDUiLCJ1c2VybmFtZSI6ImJlbmNoXzQyODgyMzVfNzQzIiwiaWF0IjoxNzg5MDQ0Mjg4LCJleHAiOjE3ODk2NDkwODh9.P6Vb71Bi9QYPfE6UrrNtgBA5kszeim39r7QUv2miNn0m28loSDtsBOtxAt1h30Ll,20602
eyJhbGciOiJIUzM4NCJ9.eyJzdWIiOiI1MDEwNDYiLCJ1c2VybmFtZSI6ImJlbmNoXzQyODgzMjNfNzQ1IiwiaWF0IjoxNzg5MDQ0Mjg4LCJleHAiOjE3ODk2NDkwODh9.wT9yROtm-_Ra0EZLPoFsn3P5HWWERv478PLinFuTXfAfNAIRonHqBx1VGgyQJZB6,20603
eyJhbGciOiJIUzM4NCJ9.eyJzdWIiOiI1MDEwNDciLCJ1c2VybmFtZSI6ImJlbmNoXzQyODgzNTBfNzQ2IiwiaWF0IjoxNzg5MDQ0Mjg4LCJleHAiOjE3ODk2NDkwODh9.I1-a4NjAovA9ujla9qUPKz2hYoNBNTgIOTqIkRZsej8v5v9sLPynmXquwQYa9IHn,20604
eyJhbGciOiJIUzM4NCJ9.eyJzdWIiOiI1MDEwNTMiLCJ1c2VybmFtZSI6ImJlbmNoXzQyODgzODVfNzQ5IiwiaWF0IjoxNzg5MDQ0Mjg4LCJleHAiOjE3ODk2NDkwODh9.TMgEe9lDvhX3L56Hkr5Fpq27wfJAZ1GxQydvsZqz4akX7g2aVO4q_tK5LjU2uyxU,20610
eyJhbGciOiJIUzM4NCJ9.eyJzdWIiOiI1MDEwNTAiLCJ1c2VybmFtZSI6ImJlbmNoXzQyODgzNzJfNzQ3IiwiaWF0IjoxNzg5MDQ0Mjg4LCJleHAiOjE3ODk2NDkwODh9.6cyDYfSFpNqU--ZmrrAFEU4Gca7bKicGJ4HXM125uBePGP41XLeoMzaHVgk4XpU1,20605
eyJhbGciOiJIUzM4NCJ9.eyJzdWIiOiI1MDEwNTIiLCJ1c2VybmFtZSI6ImJlbmNoXzQyODgzOTVfNzUyIiwiaWF0IjoxNzg5MDQ0Mjg4LCJleHAiOjE3ODk2NDkwODh9.KXgovCjWF9sB1Fug9eg-9LZCIoRC5-YQEaze3iW9DODN_sGdkPCuftP7XVgkdRDl,20609
eyJhbGciOiJIUzM4NCJ9.eyJzdWIiOiI1MDEwNDgiLCJ1c2VybmFtZSI6ImJlbmNoXzQyODgzODFfNzQ4IiwiaWF0IjoxNzg5MDQ0Mjg4LCJleHAiOjE3ODk2NDkwODh9.kFQL-NSSLxHUN4wY9Fr8atRkQzjpJZi2eLHTY3HpKbx0vRDuzZ5Dg0S7m25s7lXq,20607
eyJhbGciOiJIUzM4NCJ9.eyJzdWIiOiI1MDEwNDkiLCJ1c2VybmFtZSI6ImJlbmNoXzQyODgzODZfNzUxIiwiaWF0IjoxNzg5MDQ0Mjg4LCJleHAiOjE3ODk2NDkwODh9.TADo6p2mePrRWrUXvdquZbM3SXvnV7q0taG6i6GSpwDCEQaqLuJNihIuqByOWnMU,20606
eyJhbGciOiJIUzM4NCJ9.eyJzdWIiOiI1MDEwNTEiLCJ1c2VybmFtZSI6ImJlbmNoXzQyODgzODVfNzUwIiwiaWF0IjoxNzg5MDQ0Mjg4LCJleHAiOjE3ODk2NDkwODh9.9WgMokep08mvgwcb7XnKqMAsqIdZZDURKV-JLo2DYxRJYW3cLwPCXZ182srVPmD6,20608
eyJhbGciOiJIUzM4NCJ9.eyJzdWIiOiI1MDEwNTQiLCJ1c2VybmFtZSI6ImJlbmNoXzQyODg1NzJfNzUzIiwiaWF0IjoxNzg5MDQ0Mjg4LCJleHAiOjE3ODk2NDkwODh9.jZKMn__oh9VOD_laqtSm_EDrptB7S8SRuhRSMwTZLttWtMaS5S7mZR5DHbmM6l89,20611
eyJhbGciOiJIUzM4NCJ9.eyJzdWIiOiI1MDEwNTgiLCJ1c2VybmFtZSI6ImJlbmNoXzQyODg2MTNfNzYxIiwiaWF0IjoxNzg5MDQ0Mjg4LCJleHAiOjE3ODk2NDkwODh9.dq9a6WNABC9ZAOuqeN7lr5DVxuaxMlYgdwsK74JoAYe8CkVrJaE1rdsBcmV8vOqI,20612
eyJhbGciOiJIUzM4NCJ9.eyJzdWIiOiI1MDEwNTkiLCJ1c2VybmFtZSI6ImJlbmNoXzQyODg2MTBfNzU5IiwiaWF0IjoxNzg5MDQ0Mjg4LCJleHAiOjE3ODk2NDkwODh9.oARxDaE6VzOJWUF2imj1PfFZMjCpCTs0cNRt-XSvm2zRwpBMoXXGIxXEEYzSNrUF,20614
eyJhbGciOiJIUzM4NCJ9.eyJzdWIiOiI1MDEwNjAiLCJ1c2VybmFtZSI6ImJlbmNoXzQyODg2MDdfNzU2IiwiaWF0IjoxNzg5MDQ0Mjg4LCJleHAiOjE3ODk2NDkwODh9.OHhAi7snQgE9FJ1r--DSpQyU6Sd2-cexKUAEIT_5SFkpW1U2Lr2XJ6iRfeGcDiu1,20613
eyJhbGciOiJIUzM4NCJ9.eyJzdWIiOiI1MDEwNjMiLCJ1c2VybmFtZSI6ImJlbmNoXzQyODg2NTFfNzYyIiwiaWF0IjoxNzg5MDQ0Mjg4LCJleHAiOjE3ODk2NDkwODh9.Ey_oGMaUkP0K-koq66VKCEHPoaC64VK1Ow6fp5aG-qUqUeSrstBgCItR4uklDLW3,20615
eyJhbGciOiJIUzM4NCJ9.eyJzdWIiOiI1MDEwNjIiLCJ1c2VybmFtZSI6ImJlbmNoXzQyODg2MDFfNzU1IiwiaWF0IjoxNzg5MDQ0Mjg4LCJleHAiOjE3ODk2NDkwODh9.9DtugZ3MBO59B2JSD08_B8KOst8TCCXEeeOw3tKRaXo3RMUDTWKSrPpZg9y-lUOZ,20619
eyJhbGciOiJIUzM4NCJ9.eyJzdWIiOiI1MDEwNTUiLCJ1c2VybmFtZSI6ImJlbmNoXzQyODg1NzJfNzU0IiwiaWF0IjoxNzg5MDQ0Mjg4LCJleHAiOjE3ODk2NDkwODh9.IaNVkqM6lZAHxj-qV5s5uikdWmakuKBnEQTUbN2KS37XhX8-tmLwE6i-kzeutTVr,20616
eyJhbGciOiJIUzM4NCJ9.eyJzdWIiOiI1MDEwNTciLCJ1c2VybmFtZSI6ImJlbmNoXzQyODg2MDhfNzU3IiwiaWF0IjoxNzg5MDQ0Mjg4LCJleHAiOjE3ODk2NDkwODh9.LuijDjZEwY72BqWJI3PlEHqAybZ2g4aTB7NgWwAUC8Qo9TVHThmjvaCemZrWaffX,20618
eyJhbGciOiJIUzM4NCJ9.eyJzdWIiOiI1MDEwNTYiLCJ1c2VybmFtZSI6ImJlbmNoXzQyODg2MTBfNzYwIiwiaWF0IjoxNzg5MDQ0Mjg4LCJleHAiOjE3ODk2NDkwODh9.poo_5E0KdLqOIh5MjGBqsjFxpX0d7janpTMOo9OOV6fPSnOjNXXX2nl8iXVn9Lhm,20620
eyJhbGciOiJIUzM4NCJ9.eyJzdWIiOiI1MDEwNjEiLCJ1c2VybmFtZSI6ImJlbmNoXzQyODg2MDlfNzU4IiwiaWF0IjoxNzg5MDQ0Mjg4LCJleHAiOjE3ODk2NDkwODh9.F93MHAoCj-lBn20yAg7YHFPYq4zbY1g_EprkLD42XJn9-BitTj59uWL9RgWIfwVC,20617
eyJhbGciOiJIUzM4NCJ9.eyJzdWIiOiI1MDEwNjQiLCJ1c2VybmFtZSI6ImJlbmNoXzQyODg3MjhfNzYzIiwiaWF0IjoxNzg5MDQ0Mjg5LCJleHAiOjE3ODk2NDkwODl9.tE2-_3hIPNRLS-LKuZNkhLzzWnY6Z0zUGshsUTpbFvDEpjhpbt8e1ufKs88l9-oa,20621
eyJhbGciOiJIUzM4NCJ9.eyJzdWIiOiI1MDEwNjciLCJ1c2VybmFtZSI6ImJlbmNoXzQyODg3MzVfNzY0IiwiaWF0IjoxNzg5MDQ0Mjg5LCJleHAiOjE3ODk2NDkwODl9.yQ5olSi70Mv7Y8ZVT_QbQ3K-8fZ-ngJpE5fOJxkL8AUn_Bd63G8r4fCZI0M_Ommk,20624
eyJhbGciOiJIUzM4NCJ9.eyJzdWIiOiI1MDEwNjUiLCJ1c2VybmFtZSI6ImJlbmNoXzQyODg3NTVfNzY2IiwiaWF0IjoxNzg5MDQ0Mjg5LCJleHAiOjE3ODk2NDkwODl9.j9c-aCkNqSQhOgFHSU9oPg04TfRmzaIGvwjaekmGdeZjzfNmfoRcQSNGabDnY33A,20622
eyJhbGciOiJIUzM4NCJ9.eyJzdWIiOiI1MDEwNjYiLCJ1c2VybmFtZSI6ImJlbmNoXzQyODg3NDlfNzY1IiwiaWF0IjoxNzg5MDQ0Mjg5LCJleHAiOjE3ODk2NDkwODl9.KbDJkGMwRlZWTvNVdhQga0kc8c3x7LeDChOnCFD0Ix0s1yQW72E7aS8eZLhE3zlz,20623
eyJhbGciOiJIUzM4NCJ9.eyJzdWIiOiI1MDEwNzEiLCJ1c2VybmFtZSI6ImJlbmNoXzQyODg4MTZfNzcxIiwiaWF0IjoxNzg5MDQ0Mjg5LCJleHAiOjE3ODk2NDkwODl9.IdEy_DctYCqQ-Y9xulpOiONp6KHaPBWV2VQCBAN8dxHPd2G0CfEWRJk71ng0bGOg,20625
eyJhbGciOiJIUzM4NCJ9.eyJzdWIiOiI1MDEwNjgiLCJ1c2VybmFtZSI6ImJlbmNoXzQyODg4MTdfNzcyIiwiaWF0IjoxNzg5MDQ0Mjg5LCJleHAiOjE3ODk2NDkwODl9.EVm8Ym7OCXPkJrwmzyuYJSzWuu-as7KqadsFjvGpHtGtCkXDCv5cHhK1aLKNRUbq,20628
eyJhbGciOiJIUzM4NCJ9.eyJzdWIiOiI1MDEwNzAiLCJ1c2VybmFtZSI6ImJlbmNoXzQyODg4MTZfNzY5IiwiaWF0IjoxNzg5MDQ0Mjg5LCJleHAiOjE3ODk2NDkwODl9.cxw4a0Sk5Ftl8emXVAyyW87zmfPtgRzMZ0aJrmF86jh7rn6JkW5mspIv62_rgib4,20627
eyJhbGciOiJIUzM4NCJ9.eyJzdWIiOiI1MDEwNjkiLCJ1c2VybmFtZSI6ImJlbmNoXzQyODg4MTZfNzY4IiwiaWF0IjoxNzg5MDQ0Mjg5LCJleHAiOjE3ODk2NDkwODl9.1mO2fCoWDIUkgQcsIHwMj_HSPDw9IV3JvbODpBUkqAZ2urqys7TuPquncJzmIjjb,20626
eyJhbGciOiJIUzM4NCJ9.eyJzdWIiOiI1MDEwNzMiLCJ1c2VybmFtZSI6ImJlbmNoXzQyODg4MTZfNzY3IiwiaWF0IjoxNzg5MDQ0Mjg5LCJleHAiOjE3ODk2NDkwODl9.lKgs6gYXSTw-PSCooR2XKdzU9IHnwF4jbqd7E-mxd677wteTUo1cDu-TLizbAsWT,20630
eyJhbGciOiJIUzM4NCJ9.eyJzdWIiOiI1MDEwNzIiLCJ1c2VybmFtZSI6ImJlbmNoXzQyODg4MTZfNzcwIiwiaWF0IjoxNzg5MDQ0Mjg5LCJleHAiOjE3ODk2NDkwODl9.ttsloT8uMikvTTSC7HVyifTBvCfkufzunP9UILvMNSrrRrteqvIe64DV4Feczjza,20629
eyJhbGciOiJIUzM4NCJ9.eyJzdWIiOiI1MDEwNzUiLCJ1c2VybmFtZSI6ImJlbmNoXzQyODg5ODNfNzc0IiwiaWF0IjoxNzg5MDQ0Mjg5LCJleHAiOjE3ODk2NDkwODl9.-YX8rMiBb41lj2EX6R7mrJ6Vag_te2LBNuMfw4dmBW6MacbAvvhPMjCAbcDqLb2u,20634
eyJhbGciOiJIUzM4NCJ9.eyJzdWIiOiI1MDEwNzYiLCJ1c2VybmFtZSI6ImJlbmNoXzQyODg5ODNfNzc1IiwiaWF0IjoxNzg5MDQ0Mjg5LCJleHAiOjE3ODk2NDkwODl9.Vce8IXsX1GZ_is2GSDjh9W4M2g8S5PPTgdq3oHsHV9sQc07J-NnfL6l2Ok0B341X,20632
eyJhbGciOiJIUzM4NCJ9.eyJzdWIiOiI1MDEwNzkiLCJ1c2VybmFtZSI6ImJlbmNoXzQyODkwMTNfNzc4IiwiaWF0IjoxNzg5MDQ0Mjg5LCJleHAiOjE3ODk2NDkwODl9.seiCXoQlEJUAhYXqI5pD6-7_NKh-hHLv4tlTZK_j-EqMTBHckmrJfPYsISe2mH5I,20638
eyJhbGciOiJIUzM4NCJ9.eyJzdWIiOiI1MDEwODAiLCJ1c2VybmFtZSI6ImJlbmNoXzQyODkwMzBfNzc5IiwiaWF0IjoxNzg5MDQ0Mjg5LCJleHAiOjE3ODk2NDkwODl9.Vc5b8vHZc4ydnVeJuXjLPP5aVJ3oA4U4K78pQ6dWUpTAshUjaHXq3jg1G5H2-Yza,20635
eyJhbGciOiJIUzM4NCJ9.eyJzdWIiOiI1MDEwNzgiLCJ1c2VybmFtZSI6ImJlbmNoXzQyODg5OTBfNzc3IiwiaWF0IjoxNzg5MDQ0Mjg5LCJleHAiOjE3ODk2NDkwODl9.Vind9mcj4_JS8vUFc4jbc-nGtM8KU22z2EfJ-ErB_PDOGMhcFlQJylNh7zthBpAL,20633
eyJhbGciOiJIUzM4NCJ9.eyJzdWIiOiI1MDEwNzQiLCJ1c2VybmFtZSI6ImJlbmNoXzQyODg5NjlfNzczIiwiaWF0IjoxNzg5MDQ0Mjg5LCJleHAiOjE3ODk2NDkwODl9.FUTXBJ1jNQOAzlKkGDCFVi7WMpU-XU5tMpPa95OyrdRYKjUpijGqE67rpW1DYY6N,20631
eyJhbGciOiJIUzM4NCJ9.eyJzdWIiOiI1MDEwNzciLCJ1c2VybmFtZSI6ImJlbmNoXzQyODg5ODNfNzc2IiwiaWF0IjoxNzg5MDQ0Mjg5LCJleHAiOjE3ODk2NDkwODl9.031w92xgYGOnyf_MG6F5sicHy5Mo89yAHABmEWvRI5UkMsuntjFbkI53mcVNnP0W,20636
eyJhbGciOiJIUzM4NCJ9.eyJzdWIiOiI1MDEwODEiLCJ1c2VybmFtZSI6ImJlbmNoXzQyODkwNDRfNzgwIiwiaWF0IjoxNzg5MDQ0Mjg5LCJleHAiOjE3ODk2NDkwODl9.5UBueOMwCJzXgSTAJL0OSk70oYeoK8mJngGIskjwoL6W5AXBK4aZz1xCMc2MW7lo,20637
eyJhbGciOiJIUzM4NCJ9.eyJzdWIiOiI1MDEwODIiLCJ1c2VybmFtZSI6ImJlbmNoXzQyODkwNjhfNzgyIiwiaWF0IjoxNzg5MDQ0Mjg5LCJleHAiOjE3ODk2NDkwODl9.97XRkVIG1NqrPExtS9lH76uQ6YrshDG5SizSWV0lXqRsGO90YB8NmtqkV2kcU6Zb,20639
eyJhbGciOiJIUzM4NCJ9.eyJzdWIiOiI1MDEwODMiLCJ1c2VybmFtZSI6ImJlbmNoXzQyODkwNjhfNzgxIiwiaWF0IjoxNzg5MDQ0Mjg5LCJleHAiOjE3ODk2NDkwODl9.hnEPIzix18lTkJGXnMhJnxD8h6wD1o8plakDlezEIcMsmGvzs2kRIf-jNl0dYeRw,20640
eyJhbGciOiJIUzM4NCJ9.eyJzdWIiOiI1MDEwODQiLCJ1c2VybmFtZSI6ImJlbmNoXzQyODkxOTRfNzg1IiwiaWF0IjoxNzg5MDQ0Mjg5LCJleHAiOjE3ODk2NDkwODl9.YwVQCTl5-GZ4V5BTW_dJ95BQUP3HM-KHzS063HZQeIYIDOJ_UHNxHs1ZE4wEgsK7,20641
eyJhbGciOiJIUzM4NCJ9.eyJzdWIiOiI1MDEwODUiLCJ1c2VybmFtZSI6ImJlbmNoXzQyODkxNzlfNzgzIiwiaWF0IjoxNzg5MDQ0Mjg5LCJleHAiOjE3ODk2NDkwODl9.-k5B4VUaJO30kzC12T_UTd15DBHnG8WjKcDdjx9kyronTdNQ_I_Fxorn0PJCi3JU,20642
eyJhbGciOiJIUzM4NCJ9.eyJzdWIiOiI1MDEwODciLCJ1c2VybmFtZSI6ImJlbmNoXzQyODkyMTRfNzg4IiwiaWF0IjoxNzg5MDQ0Mjg5LCJleHAiOjE3ODk2NDkwODl9.U-vwAXToAaNlpn5uwrRJH3zKv1UOyv5Gsq6R1Bg3bvh5pZIkXeMElKWHl95GA6Ja,20643
eyJhbGciOiJIUzM4NCJ9.eyJzdWIiOiI1MDEwOTIiLCJ1c2VybmFtZSI6ImJlbmNoXzQyODkyMThfNzkwIiwiaWF0IjoxNzg5MDQ0Mjg5LCJleHAiOjE3ODk2NDkwODl9.P22CyhM1_pfEqN0i8E4lcVXVDguNTJHMnq4C8-kgckg3qftkkYUP8PYPfwKlfj5y,20644
eyJhbGciOiJIUzM4NCJ9.eyJzdWIiOiI1MDEwOTAiLCJ1c2VybmFtZSI6ImJlbmNoXzQyODkxOTNfNzg0IiwiaWF0IjoxNzg5MDQ0Mjg5LCJleHAiOjE3ODk2NDkwODl9.iwJiPtrlsA4t1ELwk97s6bNd40WTv0T0BHePGO6l4cZnbQjJ-e6MuzaVzVohzdeZ,20646
eyJhbGciOiJIUzM4NCJ9.eyJzdWIiOiI1MDEwOTMiLCJ1c2VybmFtZSI6ImJlbmNoXzQyODkyMjRfNzkyIiwiaWF0IjoxNzg5MDQ0Mjg5LCJleHAiOjE3ODk2NDkwODl9.eJZYU2FxA3NQJKaVJTpmMpwOjU4C8KkL5buxOS2xM5J1HiW0U4t1eBgLeyxdQ2IU,20649
eyJhbGciOiJIUzM4NCJ9.eyJzdWIiOiI1MDEwODkiLCJ1c2VybmFtZSI6ImJlbmNoXzQyODkyMjNfNzkxIiwiaWF0IjoxNzg5MDQ0Mjg5LCJleHAiOjE3ODk2NDkwODl9.exXDAUw3usuhx5tAvLr2yyo45xesjqiaCuRp7W6q2NKsgYx6pkiqT89fx9Pd0qid,20645
eyJhbGciOiJIUzM4NCJ9.eyJzdWIiOiI1MDEwODYiLCJ1c2VybmFtZSI6ImJlbmNoXzQyODkxOTVfNzg2IiwiaWF0IjoxNzg5MDQ0Mjg5LCJleHAiOjE3ODk2NDkwODl9.QPdpXvywxQ2nsIWBR-m8mMmg5BaSyjieJM-3DOze_fhI_tZElAH1zS4OMB1saVVg,20647
eyJhbGciOiJIUzM4NCJ9.eyJzdWIiOiI1MDEwODgiLCJ1c2VybmFtZSI6ImJlbmNoXzQyODkyMTVfNzg5IiwiaWF0IjoxNzg5MDQ0Mjg5LCJleHAiOjE3ODk2NDkwODl9.Kv8l_cFEDO9eif4G57XTG0FVEN89XFuFK2gfUUKt5l46ijZY5B9tfRyMAOAn3fVD,20648
eyJhbGciOiJIUzM4NCJ9.eyJzdWIiOiI1MDEwOTEiLCJ1c2VybmFtZSI6ImJlbmNoXzQyODkyMTFfNzg3IiwiaWF0IjoxNzg5MDQ0Mjg5LCJleHAiOjE3ODk2NDkwODl9.9pil2JZ2zphHiWMTgdOVpFn6HC07cnwSy6xAtJpt2bvXX41cVPNJYvknLdmKuCiB,20650
eyJhbGciOiJIUzM4NCJ9.eyJzdWIiOiI1MDEwOTQiLCJ1c2VybmFtZSI6ImJlbmNoXzQyODk0NDFfNzk2IiwiaWF0IjoxNzg5MDQ0Mjg5LCJleHAiOjE3ODk2NDkwODl9.EyqwpduGN2G0HFttQ3MpAFrO8dvmoJ2z7Gf3EbdVzC55aMrlB6oF1y0NS3mO1YWs,20651
eyJhbGciOiJIUzM4NCJ9.eyJzdWIiOiI1MDExMDEiLCJ1c2VybmFtZSI6ImJlbmNoXzQyODk0NDBfNzk1IiwiaWF0IjoxNzg5MDQ0Mjg5LCJleHAiOjE3ODk2NDkwODl9.RMc8eJ3aiorB4gMeagb8J8FSzTux8BtS5gYtpxxmqboK4b0WFsE96P4TAP2ly6CG,20654
eyJhbGciOiJIUzM4NCJ9.eyJzdWIiOiI1MDEwOTkiLCJ1c2VybmFtZSI6ImJlbmNoXzQyODk0MzhfNzkzIiwiaWF0IjoxNzg5MDQ0Mjg5LCJleHAiOjE3ODk2NDkwODl9.X7t4mj6-47oaIQ7e76TDev5rUH2SS1Nxz6euHCerTFBkAA20S3iVEgILXzr50fHp,20653
eyJhbGciOiJIUzM4NCJ9.eyJzdWIiOiI1MDEwOTUiLCJ1c2VybmFtZSI6ImJlbmNoXzQyODk0NDRfNzk4IiwiaWF0IjoxNzg5MDQ0Mjg5LCJleHAiOjE3ODk2NDkwODl9.NwOg-5TUYdnbqlXR0hk9H9fZJq6cK_zGGQe9i8e2wkLelqJLhtRH4fusf0R2iMBi,20652
eyJhbGciOiJIUzM4NCJ9.eyJzdWIiOiI1MDEwOTYiLCJ1c2VybmFtZSI6ImJlbmNoXzQyODk0MzhfNzk0IiwiaWF0IjoxNzg5MDQ0Mjg5LCJleHAiOjE3ODk2NDkwODl9.StL2xq6rJtGtcu6xLR42UgbYQiwUdmOT7mIoaTmEma638qu8l7qd8AnfjZq7aZlQ,20657
eyJhbGciOiJIUzM4NCJ9.eyJzdWIiOiI1MDEwOTgiLCJ1c2VybmFtZSI6ImJlbmNoXzQyODk0NDNfNzk3IiwiaWF0IjoxNzg5MDQ0Mjg5LCJleHAiOjE3ODk2NDkwODl9.xVJ2TqNY1O-SPHiGzCORpFwvjEMaChKwBtPAaEEjTpKyUCBobq_F6Ky6sIxvo6R0,20658
eyJhbGciOiJIUzM4NCJ9.eyJzdWIiOiI1MDExMDAiLCJ1c2VybmFtZSI6ImJlbmNoXzQyODk0NDZfODAwIiwiaWF0IjoxNzg5MDQ0Mjg5LCJleHAiOjE3ODk2NDkwODl9.jlohYHCmTh-g-qaV6OnQY7jsrctjARG8tmiWWfbWFD3QkY0KvfMRy-S3S9IXqDsf,20655
eyJhbGciOiJIUzM4NCJ9.eyJzdWIiOiI1MDEwOTciLCJ1c2VybmFtZSI6ImJlbmNoXzQyODk0NDVfNzk5IiwiaWF0IjoxNzg5MDQ0Mjg5LCJleHAiOjE3ODk2NDkwODl9.KZ9i3YJWam34Qqt-H_O4YYcpfdUaUh71aqPwJB1NChiVm2aj7ZAh9Sz9gP0ak6sw,20656
eyJhbGciOiJIUzM4NCJ9.eyJzdWIiOiI1MDExMDIiLCJ1c2VybmFtZSI6ImJlbmNoXzQyODk1NzZfODAxIiwiaWF0IjoxNzg5MDQ0Mjg5LCJleHAiOjE3ODk2NDkwODl9.HY1ig99-kHWJEBcJCM_2mNTjgKWVPUsMPn8G5ko_GhxV1DDfGAxbGIl_sRi4EP1F,20659
eyJhbGciOiJIUzM4NCJ9.eyJzdWIiOiI1MDExMDMiLCJ1c2VybmFtZSI6ImJlbmNoXzQyODk2MjJfODAzIiwiaWF0IjoxNzg5MDQ0Mjg5LCJleHAiOjE3ODk2NDkwODl9.tOVx_dLCuW85jViBRnPgAlpDxfs6t8D8hdME94KeDvFluBJyN6I7ycBM9SZKFhVZ,20660
eyJhbGciOiJIUzM4NCJ9.eyJzdWIiOiI1MDExMDkiLCJ1c2VybmFtZSI6ImJlbmNoXzQyODk2NzVfODEwIiwiaWF0IjoxNzg5MDQ0MjkwLCJleHAiOjE3ODk2NDkwOTB9.kHUnHOlmoEv2tx-btpjO5bgMkds2wHmC_TDi0qsFWX17vMVUz4uy1p62NyU_egEU,20661
eyJhbGciOiJIUzM4NCJ9.eyJzdWIiOiI1MDExMTAiLCJ1c2VybmFtZSI6ImJlbmNoXzQyODk2NzVfODA5IiwiaWF0IjoxNzg5MDQ0MjkwLCJleHAiOjE3ODk2NDkwOTB9.2UEbIz1tDVtKW8U36RmW0RHjZLjRkm3hk3JsGzZpAibXt6J6YZHWO1dMAB_1i5e6,20662
eyJhbGciOiJIUzM4NCJ9.eyJzdWIiOiI1MDExMDYiLCJ1c2VybmFtZSI6ImJlbmNoXzQyODk2NDdfODA1IiwiaWF0IjoxNzg5MDQ0MjkwLCJleHAiOjE3ODk2NDkwOTB9.DY2xpSl3UYYLwklEzyF1WvRDYB-LWxLD050pQNGmnJgABQAjBYTD8E4Qp2787w7H,20665
eyJhbGciOiJIUzM4NCJ9.eyJzdWIiOiI1MDExMTIiLCJ1c2VybmFtZSI6ImJlbmNoXzQyODk2NzhfODEyIiwiaWF0IjoxNzg5MDQ0MjkwLCJleHAiOjE3ODk2NDkwOTB9.TbDfPxYMdiUo7W6f6iF9vdghXzKOknv6Uvt9CSUhfF-MlW3yMIlIPNcxpJ84XkFU,20664
eyJhbGciOiJIUzM4NCJ9.eyJzdWIiOiI1MDExMTMiLCJ1c2VybmFtZSI6ImJlbmNoXzQyODk2NzZfODExIiwiaWF0IjoxNzg5MDQ0MjkwLCJleHAiOjE3ODk2NDkwOTB9.oYFGsvoKKYLvMf34eaSYCkN9oNc66gVX7sKFPhlYs4JaAsnZhfSGl-YynP0qmJ4C,20663
eyJhbGciOiJIUzM4NCJ9.eyJzdWIiOiI1MDExMDUiLCJ1c2VybmFtZSI6ImJlbmNoXzQyODk2MjRfODA0IiwiaWF0IjoxNzg5MDQ0MjkwLCJleHAiOjE3ODk2NDkwOTB9.SXllmBpYX0iE9I5uhQm4BMpGRzF_BAYUcBTb-8iLnAbHdnK9oH52GNWk_17wuG7D,20666
eyJhbGciOiJIUzM4NCJ9.eyJzdWIiOiI1MDExMDQiLCJ1c2VybmFtZSI6ImJlbmNoXzQyODk2MDZfODAyIiwiaWF0IjoxNzg5MDQ0MjkwLCJleHAiOjE3ODk2NDkwOTB9.WyUJ3Wk-9OiwA35q12Dn6wYd8KA8tX2kxMEN6IjP69T5txmw6umPOvoT62ZfKtBb,20668
eyJhbGciOiJIUzM4NCJ9.eyJzdWIiOiI1MDExMTEiLCJ1c2VybmFtZSI6ImJlbmNoXzQyODk2NjhfODA2IiwiaWF0IjoxNzg5MDQ0MjkwLCJleHAiOjE3ODk2NDkwOTB9.flc72aXr3fJaMtLupuVnKK486DxC6JaTHOSc1PsLGFcRWdXc5ecuU_UgBQ7E3lOi,20667
eyJhbGciOiJIUzM4NCJ9.eyJzdWIiOiI1MDExMDgiLCJ1c2VybmFtZSI6ImJlbmNoXzQyODk2NzVfODA4IiwiaWF0IjoxNzg5MDQ0MjkwLCJleHAiOjE3ODk2NDkwOTB9.0uwu1ZcJBOu5yv7PJ8YMlIGWbvg8OV_onhta2tNheCqiq9mq4q1UKTPL-JWJm4Wy,20669
eyJhbGciOiJIUzM4NCJ9.eyJzdWIiOiI1MDExMDciLCJ1c2VybmFtZSI6ImJlbmNoXzQyODk2NzBfODA3IiwiaWF0IjoxNzg5MDQ0MjkwLCJleHAiOjE3ODk2NDkwOTB9.W20mQeblzq6wFIwxSBvZS70rUUJfKZ7iMWFSHr6TbHXOK8TbNhEcWqXs62gcZ80b,20670
eyJhbGciOiJIUzM4NCJ9.eyJzdWIiOiI1MDExMTQiLCJ1c2VybmFtZSI6ImJlbmNoXzQyODk4NzhfODE0IiwiaWF0IjoxNzg5MDQ0MjkwLCJleHAiOjE3ODk2NDkwOTB9.kfBf4zerLlQ6akrKCMXJPrSBXKXKfmutbHzrEwNnhMZslgACzf1-a7lJJ_7jc7GR,20671
eyJhbGciOiJIUzM4NCJ9.eyJzdWIiOiI1MDExMjAiLCJ1c2VybmFtZSI6ImJlbmNoXzQyODk5MjZfODIwIiwiaWF0IjoxNzg5MDQ0MjkwLCJleHAiOjE3ODk2NDkwOTB9.7ZQ3y8RsBe_U0eAupvJyvk127wGDySfN8Wp8MKDFZrhT2Iq0sa8n1QOEmoCXTdTU,20675
eyJhbGciOiJIUzM4NCJ9.eyJzdWIiOiI1MDExMTUiLCJ1c2VybmFtZSI6ImJlbmNoXzQyODk4ODRfODE2IiwiaWF0IjoxNzg5MDQ0MjkwLCJleHAiOjE3ODk2NDkwOTB9.9cVn7upRCigI6ZIDleTTfWUPjCU4MHCuwgCgtCM-5idSCyOoXw0cMlNf1MTLa9mG,20672
eyJhbGciOiJIUzM4NCJ9.eyJzdWIiOiI1MDExMTciLCJ1c2VybmFtZSI6ImJlbmNoXzQyODk4ODJfODE1IiwiaWF0IjoxNzg5MDQ0MjkwLCJleHAiOjE3ODk2NDkwOTB9.nrKBmwBGJ8kD_0qmSGyQ_YkOOQFNcHmfK7ujLSQ0aT-uDB2SGcQaVLMjl1pS7wWl,20674
eyJhbGciOiJIUzM4NCJ9.eyJzdWIiOiI1MDExMTYiLCJ1c2VybmFtZSI6ImJlbmNoXzQyODk4NDFfODEzIiwiaWF0IjoxNzg5MDQ0MjkwLCJleHAiOjE3ODk2NDkwOTB9.fYOpOUnuCAwT8dmBwKzeORUB6lFDUH7VBG9s-TwqsVmNEGxjMQJ2kaT3nJdJ0SMY,20673
eyJhbGciOiJIUzM4NCJ9.eyJzdWIiOiI1MDExMjEiLCJ1c2VybmFtZSI6ImJlbmNoXzQyODk5MjZfODE5IiwiaWF0IjoxNzg5MDQ0MjkwLCJleHAiOjE3ODk2NDkwOTB9.ayRQmjqMHdRK3hnZGm8lkvj_UqLp6omOLFAPMM28UN6potCC5hryGHAR9kLnlROS,20676
eyJhbGciOiJIUzM4NCJ9.eyJzdWIiOiI1MDExMjIiLCJ1c2VybmFtZSI6ImJlbmNoXzQyODk5ODlfODIxIiwiaWF0IjoxNzg5MDQ0MjkwLCJleHAiOjE3ODk2NDkwOTB9.c3F65Od6RCVTagP9CYQ7SCEo8IQl7WHYkTj5Ugf8mIv7YWSIrrdIsH6vK6HstKgl,20678
eyJhbGciOiJIUzM4NCJ9.eyJzdWIiOiI1MDExMTkiLCJ1c2VybmFtZSI6ImJlbmNoXzQyODk5MjVfODE4IiwiaWF0IjoxNzg5MDQ0MjkwLCJleHAiOjE3ODk2NDkwOTB9.KYYaTgequx33ZI2xezorSMslAOUVZ_f1-sUc_O-8xdQphqcUDSqcEDXEI5i7mJzb,20677
eyJhbGciOiJIUzM4NCJ9.eyJzdWIiOiI1MDExMTgiLCJ1c2VybmFtZSI6ImJlbmNoXzQyODk5MjVfODE3IiwiaWF0IjoxNzg5MDQ0MjkwLCJleHAiOjE3ODk2NDkwOTB9.HMVI1N08Bfpuolk5GhgPy8ewuaJWn-rckS0Kkahrqls8ngewH_t6UpOzkpeAKqER,20679
eyJhbGciOiJIUzM4NCJ9.eyJzdWIiOiI1MDExMjgiLCJ1c2VybmFtZSI6ImJlbmNoXzQyOTAxMDBfODI1IiwiaWF0IjoxNzg5MDQ0MjkwLCJleHAiOjE3ODk2NDkwOTB9.uw5-jz4EOKXVIdfoHRe5ppCiQtC4XwwZMRcwpAYoy47dRPKzSdEfDVk3mnA55Jcw,20682
eyJhbGciOiJIUzM4NCJ9.eyJzdWIiOiI1MDExMjQiLCJ1c2VybmFtZSI6ImJlbmNoXzQyOTAwNjVfODIyIiwiaWF0IjoxNzg5MDQ0MjkwLCJleHAiOjE3ODk2NDkwOTB9.3j752MvhXzD2PbKJ1AXLHMyEYKsVxxtKsZaZbRWkxX3od34aExnEN3Jj7rgt0IuD,20681
eyJhbGciOiJIUzM4NCJ9.eyJzdWIiOiI1MDExMjMiLCJ1c2VybmFtZSI6ImJlbmNoXzQyOTAwNzdfODIzIiwiaWF0IjoxNzg5MDQ0MjkwLCJleHAiOjE3ODk2NDkwOTB9.6CBn721amJOhaJUV-WalsJAld1vn-vnlcdyErW5ITIOFNHPzFLJezNMsdpiaHLkT,20680
eyJhbGciOiJIUzM4NCJ9.eyJzdWIiOiI1MDExMzIiLCJ1c2VybmFtZSI6ImJlbmNoXzQyOTAxNDhfODMxIiwiaWF0IjoxNzg5MDQ0MjkwLCJleHAiOjE3ODk2NDkwOTB9.W5Xfza_lbvrTrfreSYvQ_jqbyU42RJYUDk2V93Iu0yC8mLesxiwt5EuYcuJik26H,20683
eyJhbGciOiJIUzM4NCJ9.eyJzdWIiOiI1MDExMjYiLCJ1c2VybmFtZSI6ImJlbmNoXzQyOTAxMDBfODI2IiwiaWF0IjoxNzg5MDQ0MjkwLCJleHAiOjE3ODk2NDkwOTB9.M8c4-mXMB_OF5ISS5HUMXSDcT6yMXovSibPJR30y7eQMyNqX5DQSdq9lLQ0237cK,20684
eyJhbGciOiJIUzM4NCJ9.eyJzdWIiOiI1MDExMjUiLCJ1c2VybmFtZSI6ImJlbmNoXzQyOTAxMDhfODI4IiwiaWF0IjoxNzg5MDQ0MjkwLCJleHAiOjE3ODk2NDkwOTB9.5KvEn4oEwUg8iGXPr9qEmVQEUQE9b0t3d85nn0F2lzKbREz4RFK1ejgc8D1IwQt5,20685
eyJhbGciOiJIUzM4NCJ9.eyJzdWIiOiI1MDExMjciLCJ1c2VybmFtZSI6ImJlbmNoXzQyOTAxMDJfODI3IiwiaWF0IjoxNzg5MDQ0MjkwLCJleHAiOjE3ODk2NDkwOTB9.aqQYYRa81BXcVmgKXx0uNx44jBrex6wfu5kFprkLXYWvxuOEKhGqfKyV0o2DN8rz,20689
eyJhbGciOiJIUzM4NCJ9.eyJzdWIiOiI1MDExMzAiLCJ1c2VybmFtZSI6ImJlbmNoXzQyOTAxMzlfODMwIiwiaWF0IjoxNzg5MDQ0MjkwLCJleHAiOjE3ODk2NDkwOTB9.rcR-ZeZodebE8PcnDBm3FB59BlxDDWseJ31S2-p3-Vzn9VX-RlxbCvQatuoRt7g1,20688
eyJhbGciOiJIUzM4NCJ9.eyJzdWIiOiI1MDExMzEiLCJ1c2VybmFtZSI6ImJlbmNoXzQyOTAxMzlfODI5IiwiaWF0IjoxNzg5MDQ0MjkwLCJleHAiOjE3ODk2NDkwOTB9.Wl31D3cXnvqaVIG9tH3iTjPJrxnr7nt3CoaQhZZP_b4dqHjwhZ2Z2t0rGXZW1Pq6,20687
eyJhbGciOiJIUzM4NCJ9.eyJzdWIiOiI1MDExMzMiLCJ1c2VybmFtZSI6ImJlbmNoXzQyOTAxNDlfODMyIiwiaWF0IjoxNzg5MDQ0MjkwLCJleHAiOjE3ODk2NDkwOTB9.A93WfEpnBBzB86ORNeDLgCKMrOOFNBP1iPDlAz_uBXDI-xnGMW6m_WKu9m8cG1z6,20690
eyJhbGciOiJIUzM4NCJ9.eyJzdWIiOiI1MDExMjkiLCJ1c2VybmFtZSI6ImJlbmNoXzQyOTAxMDBfODI0IiwiaWF0IjoxNzg5MDQ0MjkwLCJleHAiOjE3ODk2NDkwOTB9.Li5pYKmyGEN2YbKiUtd-wYAacjZmcCkXsZBalo6fyxpGrm20-XhutinRNEkZfd__,20686
eyJhbGciOiJIUzM4NCJ9.eyJzdWIiOiI1MDExMzQiLCJ1c2VybmFtZSI6ImJlbmNoXzQyOTAzMDlfODMzIiwiaWF0IjoxNzg5MDQ0MjkwLCJleHAiOjE3ODk2NDkwOTB9.XkYlcmn6VTvIhTZRDwrcrM6Z_yPqHwyIcJKCCQbv6fw8TyYyo-_qPwDIkNUHwweF,20691
eyJhbGciOiJIUzM4NCJ9.eyJzdWIiOiI1MDExMzYiLCJ1c2VybmFtZSI6ImJlbmNoXzQyOTAzMzFfODM1IiwiaWF0IjoxNzg5MDQ0MjkwLCJleHAiOjE3ODk2NDkwOTB9.sHwB1x4SwXidtNwhXDITGZb69Qnqq26DHkeMVTeFZFXVlIy0Xi4--MUDnsvnE3MY,20692
eyJhbGciOiJIUzM4NCJ9.eyJzdWIiOiI1MDExMzUiLCJ1c2VybmFtZSI6ImJlbmNoXzQyOTAzMzdfODM3IiwiaWF0IjoxNzg5MDQ0MjkwLCJleHAiOjE3ODk2NDkwOTB9.2HsGjS8zNdtaRtkqBXvOdfFPnx85zrRb-gF2aM-XfZafdOIRSfjGeZGtHjiPe85P,20693
eyJhbGciOiJIUzM4NCJ9.eyJzdWIiOiI1MDExMzgiLCJ1c2VybmFtZSI6ImJlbmNoXzQyOTAzMzZfODM2IiwiaWF0IjoxNzg5MDQ0MjkwLCJleHAiOjE3ODk2NDkwOTB9.ZLAI_Xri6L3dThOmJXPQRrljIlGIksAE0FuVWElD_TypccPl_5jOaE3g1YT4V29H,20694
eyJhbGciOiJIUzM4NCJ9.eyJzdWIiOiI1MDExMzciLCJ1c2VybmFtZSI6ImJlbmNoXzQyOTAzMjlfODM0IiwiaWF0IjoxNzg5MDQ0MjkwLCJleHAiOjE3ODk2NDkwOTB9.YQ1E6sCKy5mMBEv7Q9AC1udLpuGRaImizZUIURHjEkQja8ysjOuVt1QJvZ14MGmd,20695
eyJhbGciOiJIUzM4NCJ9.eyJzdWIiOiI1MDExMzkiLCJ1c2VybmFtZSI6ImJlbmNoXzQyOTAzNzRfODM4IiwiaWF0IjoxNzg5MDQ0MjkwLCJleHAiOjE3ODk2NDkwOTB9.9e6_TVEqNdxP8u5wXclGSq8JlQdo6K8fWDBikPH60Dz2nkpSiJniNrdUYQt0Qz3n,20696
eyJhbGciOiJIUzM4NCJ9.eyJzdWIiOiI1MDExNDIiLCJ1c2VybmFtZSI6ImJlbmNoXzQyOTA0MzhfODQxIiwiaWF0IjoxNzg5MDQ0MjkwLCJleHAiOjE3ODk2NDkwOTB9.cLImy_1_V85zrxetSeVAY9eYjQkPunS3sakS7T7POW9SqrooVkLe7QoS5UMoUxux,20698
eyJhbGciOiJIUzM4NCJ9.eyJzdWIiOiI1MDExNDUiLCJ1c2VybmFtZSI6ImJlbmNoXzQyOTA1NTVfODQ2IiwiaWF0IjoxNzg5MDQ0MjkwLCJleHAiOjE3ODk2NDkwOTB9.imKCjYDyH2Lle1QOu1xXHQmLGXI4J__qLxaNmClG0HlJFg27l2eZMaPxCrt6Mfut,20701
eyJhbGciOiJIUzM4NCJ9.eyJzdWIiOiI1MDExNDMiLCJ1c2VybmFtZSI6ImJlbmNoXzQyOTA1MjdfODQzIiwiaWF0IjoxNzg5MDQ0MjkwLCJleHAiOjE3ODk2NDkwOTB9.L2vdc4MmcaXV-aiZWk-6lfoKYHhtxJciEobZ2Lp0v8jGOd3wzGh02otOi759qOTa,20700
eyJhbGciOiJIUzM4NCJ9.eyJzdWIiOiI1MDExNDAiLCJ1c2VybmFtZSI6ImJlbmNoXzQyOTA0MzdfODQwIiwiaWF0IjoxNzg5MDQ0MjkwLCJleHAiOjE3ODk2NDkwOTB9.QguJ6I4k9Utt8_tSv7MJ-lH49mVogX9xhEV6rTiZw4pxD6iNqAySw6XIrv9knqn6,20697
eyJhbGciOiJIUzM4NCJ9.eyJzdWIiOiI1MDExNDEiLCJ1c2VybmFtZSI6ImJlbmNoXzQyOTA0MzdfODM5IiwiaWF0IjoxNzg5MDQ0MjkwLCJleHAiOjE3ODk2NDkwOTB9.fAy0J2SlEwogiyaKuCVB_XEzsZoxAaaYpBk_vcjrxPKG3bi1_ScHzN-mM-Bv0xsS,20699
eyJhbGciOiJIUzM4NCJ9.eyJzdWIiOiI1MDExNDkiLCJ1c2VybmFtZSI6ImJlbmNoXzQyOTA1NDBfODQ1IiwiaWF0IjoxNzg5MDQ0MjkwLCJleHAiOjE3ODk2NDkwOTB9.eHitWRRXb3AHQoVVQJrCqSADp-u84zfRo5ArknhoKUXTCG1pRsxtAA2HlkjaMM5N,20704
eyJhbGciOiJIUzM4NCJ9.eyJzdWIiOiI1MDExNDQiLCJ1c2VybmFtZSI6ImJlbmNoXzQyOTA1MjhfODQ0IiwiaWF0IjoxNzg5MDQ0MjkwLCJleHAiOjE3ODk2NDkwOTB9.Y_dZ5cLhnh8m6IoRRLla6mhIucXd5di7lboOWmCkaa6zu9f8zXr85PsJb8qA2Z-v,20703
eyJhbGciOiJIUzM4NCJ9.eyJzdWIiOiI1MDExNDYiLCJ1c2VybmFtZSI6ImJlbmNoXzQyOTA1MjZfODQyIiwiaWF0IjoxNzg5MDQ0MjkwLCJleHAiOjE3ODk2NDkwOTB9.Iw_FKFVmGO8JoziKBLkQtdNxMtu3jwU8mfTRZiJNf-7p5tjgBMKwGsoVsv4DvtxC,20702
eyJhbGciOiJIUzM4NCJ9.eyJzdWIiOiI1MDExNDgiLCJ1c2VybmFtZSI6ImJlbmNoXzQyOTA1NjNfODUxIiwiaWF0IjoxNzg5MDQ0MjkwLCJleHAiOjE3ODk2NDkwOTB9.0xPYAgKGeZln4BsoM5kGHI5iroKzTZVb1oDe-hU1QzWsXrRa_4lRyPzbxVRDKn4J,20705
eyJhbGciOiJIUzM4NCJ9.eyJzdWIiOiI1MDExNDciLCJ1c2VybmFtZSI6ImJlbmNoXzQyOTA1NjNfODUwIiwiaWF0IjoxNzg5MDQ0MjkwLCJleHAiOjE3ODk2NDkwOTB9.yNhobEOy9A27wBGayYHHv6LH1RSrpZ-YQ7uD_zu8g0WDrJliNVAZYNucY7sNCgXX,20706
eyJhbGciOiJIUzM4NCJ9.eyJzdWIiOiI1MDExNTEiLCJ1c2VybmFtZSI6ImJlbmNoXzQyOTA1NTdfODQ3IiwiaWF0IjoxNzg5MDQ0MjkwLCJleHAiOjE3ODk2NDkwOTB9.X5BYYmsEu4brnfQ-cwve1Ydwf97xPXvJ2vwvKnOSx9WpaZIzMzLFGyjgc5EP4ujy,20707
eyJhbGciOiJIUzM4NCJ9.eyJzdWIiOiI1MDExNTMiLCJ1c2VybmFtZSI6ImJlbmNoXzQyOTA1NjJfODQ4IiwiaWF0IjoxNzg5MDQ0MjkwLCJleHAiOjE3ODk2NDkwOTB9.xN49GR8ly-j1b4HdKSA_lcCFNepjjiOPzwJg2zqJmwyc7PWFyuWUKjzJnt6tYAPq,20708
eyJhbGciOiJIUzM4NCJ9.eyJzdWIiOiI1MDExNTIiLCJ1c2VybmFtZSI6ImJlbmNoXzQyOTA1NjRfODUyIiwiaWF0IjoxNzg5MDQ0MjkwLCJleHAiOjE3ODk2NDkwOTB9.pbVjszXMucRQ13rt1ejKoknA5jC9qUKP9feeXreeQ2F9oqycUS_oUbmWdVPhPvKe,20710
eyJhbGciOiJIUzM4NCJ9.eyJzdWIiOiI1MDExNTAiLCJ1c2VybmFtZSI6ImJlbmNoXzQyOTA1NjJfODQ5IiwiaWF0IjoxNzg5MDQ0MjkwLCJleHAiOjE3ODk2NDkwOTB9.i5NmU-V5On0y6ocaQJtZBjYpMvrvmxr5qhgSJ5CMSLRQLUgFFh4Yu2ibLBBdQU63,20709
eyJhbGciOiJIUzM4NCJ9.eyJzdWIiOiI1MDExNTQiLCJ1c2VybmFtZSI6ImJlbmNoXzQyOTA3NTJfODUzIiwiaWF0IjoxNzg5MDQ0MjkxLCJleHAiOjE3ODk2NDkwOTF9.sfuZ8BdI0DJvORRCvFH_Ox1p244X5raGsshlwQ_9ED1jGEGOxv-qV8we07JHz2AC,20711
eyJhbGciOiJIUzM4NCJ9.eyJzdWIiOiI1MDExNTUiLCJ1c2VybmFtZSI6ImJlbmNoXzQyOTA3NjlfODU1IiwiaWF0IjoxNzg5MDQ0MjkxLCJleHAiOjE3ODk2NDkwOTF9.UGBD5BzCV_k9fgK_lhCxOgBxKJleqQoQoFbOhMeIVMVoBMauEDu3ob7kVL2H_s4O,20712
eyJhbGciOiJIUzM4NCJ9.eyJzdWIiOiI1MDExNTciLCJ1c2VybmFtZSI6ImJlbmNoXzQyOTA3ODNfODU2IiwiaWF0IjoxNzg5MDQ0MjkxLCJleHAiOjE3ODk2NDkwOTF9.OyokZKMVHwQWWvnUslkS6JqYn79b1sX_5iKkUE5DZUA9kXOKj6pVA2gS_aVxasP2,20716
eyJhbGciOiJIUzM4NCJ9.eyJzdWIiOiI1MDExNTYiLCJ1c2VybmFtZSI6ImJlbmNoXzQyOTA3NjVfODU0IiwiaWF0IjoxNzg5MDQ0MjkxLCJleHAiOjE3ODk2NDkwOTF9.Xo0IG8Bv-b0REh-3_KjGnE7v-9-qVOXDqdhYc3JRuhYw-57U4VUXE-wr8RiXlGZW,20713
eyJhbGciOiJIUzM4NCJ9.eyJzdWIiOiI1MDExNTgiLCJ1c2VybmFtZSI6ImJlbmNoXzQyOTA4MzJfODU4IiwiaWF0IjoxNzg5MDQ0MjkxLCJleHAiOjE3ODk2NDkwOTF9.TUalCDfXnTAtaF2Zg-EMD4BzOmAoEtg5YVYPKwScxXwvJ4jd5kS8xmCHzzC1ps_B,20714
eyJhbGciOiJIUzM4NCJ9.eyJzdWIiOiI1MDExNjAiLCJ1c2VybmFtZSI6ImJlbmNoXzQyOTA5MTZfODU5IiwiaWF0IjoxNzg5MDQ0MjkxLCJleHAiOjE3ODk2NDkwOTF9.60-08S7F2OnHPQzPI1yEkq2x5PtNSJR_dR6MvK5MGUMY_7YHRmcxs3ksYWXuEG2V,20717
eyJhbGciOiJIUzM4NCJ9.eyJzdWIiOiI1MDExNTkiLCJ1c2VybmFtZSI6ImJlbmNoXzQyOTA4MTVfODU3IiwiaWF0IjoxNzg5MDQ0MjkxLCJleHAiOjE3ODk2NDkwOTF9.HqhDROO2uNOsteGJmrnBCPFlaDUCWH3rNC5dPT2bSkWtGJXW5z-A8AJbhepB-maG,20715
eyJhbGciOiJIUzM4NCJ9.eyJzdWIiOiI1MDExNjEiLCJ1c2VybmFtZSI6ImJlbmNoXzQyOTA5MzRfODYzIiwiaWF0IjoxNzg5MDQ0MjkxLCJleHAiOjE3ODk2NDkwOTF9.twJ0aIVk2gPIH-ekSGQtw-AKpx-gjBq9srsu_sSnI4APRit6kcEfXU0tyy1-3O82,20718
eyJhbGciOiJIUzM4NCJ9.eyJzdWIiOiI1MDExNjMiLCJ1c2VybmFtZSI6ImJlbmNoXzQyOTA5MzNfODYwIiwiaWF0IjoxNzg5MDQ0MjkxLCJleHAiOjE3ODk2NDkwOTF9.grN_kDL-Lpcv5iAfolObwYu9F4f-OgE-hMhS6qtetfkFaPVjCScVvuzZMoiFb_SX,20720
eyJhbGciOiJIUzM4NCJ9.eyJzdWIiOiI1MDExNjQiLCJ1c2VybmFtZSI6ImJlbmNoXzQyOTA5MzNfODYyIiwiaWF0IjoxNzg5MDQ0MjkxLCJleHAiOjE3ODk2NDkwOTF9.35iECF9Xwr6Nk5m8Lj5-IuSAt5D06q2VmXKmDyGu6l6xOMlgmbrM0wD0nM55iOKU,20719
eyJhbGciOiJIUzM4NCJ9.eyJzdWIiOiI1MDExNjYiLCJ1c2VybmFtZSI6ImJlbmNoXzQyOTEwMzZfODY0IiwiaWF0IjoxNzg5MDQ0MjkxLCJleHAiOjE3ODk2NDkwOTF9.Ebk5ykNIH571HGLtoKFf3X50jPEgmxqvILuXWwPRaejVxrYj42tGW9Xb0bit8sav,20721
eyJhbGciOiJIUzM4NCJ9.eyJzdWIiOiI1MDExNjkiLCJ1c2VybmFtZSI6ImJlbmNoXzQyOTEwNDZfODY2IiwiaWF0IjoxNzg5MDQ0MjkxLCJleHAiOjE3ODk2NDkwOTF9.ic2McX_XfRlS00Wr2F8nLdwjk4r2-FgEF2Lpq6OnlMfwsl3GJOR7_Csa_522zIV5,20722
eyJhbGciOiJIUzM4NCJ9.eyJzdWIiOiI1MDExNjgiLCJ1c2VybmFtZSI6ImJlbmNoXzQyOTEwNTRfODY4IiwiaWF0IjoxNzg5MDQ0MjkxLCJleHAiOjE3ODk2NDkwOTF9.h1E-oVFyQFXjYBQWonoK5_sb1haysb0U6bDDV5u4VFLqFwcHzDLpLNSVakl-ECrN,20726
eyJhbGciOiJIUzM4NCJ9.eyJzdWIiOiI1MDExNjIiLCJ1c2VybmFtZSI6ImJlbmNoXzQyOTA5MzNfODYxIiwiaWF0IjoxNzg5MDQ0MjkxLCJleHAiOjE3ODk2NDkwOTF9.AjD4ds7Ro8mCe4UtWJzBo3CLUQjKlTkR80T0VpxXZaN5pL61jmZ-kMVQHh27SLP3,20725
eyJhbGciOiJIUzM4NCJ9.eyJzdWIiOiI1MDExNjUiLCJ1c2VybmFtZSI6ImJlbmNoXzQyOTEwMzdfODY1IiwiaWF0IjoxNzg5MDQ0MjkxLCJleHAiOjE3ODk2NDkwOTF9.ScVXKjZGIIKduMZFsSq9NpTr1EiM6jcHUSKuujPeXRhRvczdzF9ToaDum9KWxji0,20723
eyJhbGciOiJIUzM4NCJ9.eyJzdWIiOiI1MDExNjciLCJ1c2VybmFtZSI6ImJlbmNoXzQyOTEwNDZfODY3IiwiaWF0IjoxNzg5MDQ0MjkxLCJleHAiOjE3ODk2NDkwOTF9.0VBhV-wAL45UAUrD4Siu7_CYhS7Uh98Mm0eUfUaM2Oth-Gd6LII8wmoPycCifm-h,20724
eyJhbGciOiJIUzM4NCJ9.eyJzdWIiOiI1MDExNzEiLCJ1c2VybmFtZSI6ImJlbmNoXzQyOTExMzZfODcwIiwiaWF0IjoxNzg5MDQ0MjkxLCJleHAiOjE3ODk2NDkwOTF9.qW_D69YETWrEBVkHegNpyWlzvNC4vexF08whrcPn6IUjRLIsypsR0g8t3Xsprg43,20728
eyJhbGciOiJIUzM4NCJ9.eyJzdWIiOiI1MDExNzAiLCJ1c2VybmFtZSI6ImJlbmNoXzQyOTExMjVfODY5IiwiaWF0IjoxNzg5MDQ0MjkxLCJleHAiOjE3ODk2NDkwOTF9.RXh9kxRI7RyAqq_9WCdcRFrVAITfGohi_y1E-CFaWNoV-byvydYPciPYpe3yqVYg,20727
eyJhbGciOiJIUzM4NCJ9.eyJzdWIiOiI1MDExNzIiLCJ1c2VybmFtZSI6ImJlbmNoXzQyOTExNzhfODcxIiwiaWF0IjoxNzg5MDQ0MjkxLCJleHAiOjE3ODk2NDkwOTF9.UuiKc1WaO431-736cVrBnYrGPOTY8KwZtS0MjAr6fTTCPc7pJ8iwsl0agHYs5mhk,20729
eyJhbGciOiJIUzM4NCJ9.eyJzdWIiOiI1MDExNzYiLCJ1c2VybmFtZSI6ImJlbmNoXzQyOTEyNDlfODc0IiwiaWF0IjoxNzg5MDQ0MjkxLCJleHAiOjE3ODk2NDkwOTF9.tpOU6Jju0_uhxBe7UlYjVJ8mMPld6-sN23D3erbp21IufjYiqoM1exbnBcHIX-GY,20733
eyJhbGciOiJIUzM4NCJ9.eyJzdWIiOiI1MDExNzQiLCJ1c2VybmFtZSI6ImJlbmNoXzQyOTEyNDlfODczIiwiaWF0IjoxNzg5MDQ0MjkxLCJleHAiOjE3ODk2NDkwOTF9.sHQ-LCoagVm2DM_DOAj0PEpNFkq60wdrF-QhuU--9m5C7eNE37IbeVumltPCeWnT,20732
eyJhbGciOiJIUzM4NCJ9.eyJzdWIiOiI1MDExNzUiLCJ1c2VybmFtZSI6ImJlbmNoXzQyOTEyODFfODc2IiwiaWF0IjoxNzg5MDQ0MjkxLCJleHAiOjE3ODk2NDkwOTF9._vknRBzuqZedlHyXpeX7xD-4aCUDcI94vk3QZMXSK_0-lufcp5eS1kKZj7zSzGa_,20731
eyJhbGciOiJIUzM4NCJ9.eyJzdWIiOiI1MDExNzMiLCJ1c2VybmFtZSI6ImJlbmNoXzQyOTExODRfODcyIiwiaWF0IjoxNzg5MDQ0MjkxLCJleHAiOjE3ODk2NDkwOTF9.n4VifR-7xfw-r1GLAdMzyMhR1jb5vMKFcxYGb4vbxxH0RdzezZJIfSU2xlNx9R9l,20730
eyJhbGciOiJIUzM4NCJ9.eyJzdWIiOiI1MDExODAiLCJ1c2VybmFtZSI6ImJlbmNoXzQyOTEzMDRfODc5IiwiaWF0IjoxNzg5MDQ0MjkxLCJleHAiOjE3ODk2NDkwOTF9.bN1q_dJWnM3cFFlW08ZlpJmMkPHu63sa3EbnQZTtDaENZf_CmZ4ir4_xlAOz2lJq,20735
eyJhbGciOiJIUzM4NCJ9.eyJzdWIiOiI1MDExNzkiLCJ1c2VybmFtZSI6ImJlbmNoXzQyOTEyOTdfODc4IiwiaWF0IjoxNzg5MDQ0MjkxLCJleHAiOjE3ODk2NDkwOTF9.mFs7W6UjnAQS9-X2-eHdIISj1k3tCQ10np6mmlany7Zx3w0pp6ckEYCJbDk1ICuy,20737
eyJhbGciOiJIUzM4NCJ9.eyJzdWIiOiI1MDExNzgiLCJ1c2VybmFtZSI6ImJlbmNoXzQyOTEyODFfODc1IiwiaWF0IjoxNzg5MDQ0MjkxLCJleHAiOjE3ODk2NDkwOTF9.V2rSeSOT-CZfb8pTeanQS_9chJVCRuYeD-FrEGxbYLwxAwjBF8HJS1mGqr1uqXvU,20736
eyJhbGciOiJIUzM4NCJ9.eyJzdWIiOiI1MDExNzciLCJ1c2VybmFtZSI6ImJlbmNoXzQyOTEyODFfODc3IiwiaWF0IjoxNzg5MDQ0MjkxLCJleHAiOjE3ODk2NDkwOTF9.SBalzmsfQCQMxfVPWieDs3BA3p_pgL3JS1mUd0JSibLiwvi4ye6Wcba1DySzAPIM,20734
eyJhbGciOiJIUzM4NCJ9.eyJzdWIiOiI1MDExODQiLCJ1c2VybmFtZSI6ImJlbmNoXzQyOTE0OTFfODgzIiwiaWF0IjoxNzg5MDQ0MjkxLCJleHAiOjE3ODk2NDkwOTF9.uRjuvs4rsMxSpAdVPAgPvwQFskK7Lk2w67HS2KlKPvu-Z_mS59UMyf8glcvFDup9,20739
eyJhbGciOiJIUzM4NCJ9.eyJzdWIiOiI1MDExODEiLCJ1c2VybmFtZSI6ImJlbmNoXzQyOTE0NzhfODgxIiwiaWF0IjoxNzg5MDQ0MjkxLCJleHAiOjE3ODk2NDkwOTF9.G0Dpd7g9SN4y2dHcmOQqfl7LMLH6AOTrE38SDonzRA6MXL-UPWgku-Heh-d9giDY,20738
eyJhbGciOiJIUzM4NCJ9.eyJzdWIiOiI1MDExODIiLCJ1c2VybmFtZSI6ImJlbmNoXzQyOTE0NzlfODgyIiwiaWF0IjoxNzg5MDQ0MjkxLCJleHAiOjE3ODk2NDkwOTF9.oIsEqbwC3o7Ib7s8qOZEEviOR3dxwqYtvS7dZQBSg4jaShY8yLGBB7q_879vflur,20741
eyJhbGciOiJIUzM4NCJ9.eyJzdWIiOiI1MDExODMiLCJ1c2VybmFtZSI6ImJlbmNoXzQyOTE0NzhfODgwIiwiaWF0IjoxNzg5MDQ0MjkxLCJleHAiOjE3ODk2NDkwOTF9.IXYjrczLXIyVNQeXpdxyzHxzfOcXoUsgNnWElP2N2sKCn1_AGcQa7tYQ0O3tY8rJ,20740
eyJhbGciOiJIUzM4NCJ9.eyJzdWIiOiI1MDExODYiLCJ1c2VybmFtZSI6ImJlbmNoXzQyOTE1NzVfODg2IiwiaWF0IjoxNzg5MDQ0MjkxLCJleHAiOjE3ODk2NDkwOTF9.3lSjri0uidnqWHs2_h73gVpLBxRTMTE4queGQT8f_gadH5Yd4ZDihRdkkYe0gGnX,20742
eyJhbGciOiJIUzM4NCJ9.eyJzdWIiOiI1MDExODUiLCJ1c2VybmFtZSI6ImJlbmNoXzQyOTE1NDdfODg0IiwiaWF0IjoxNzg5MDQ0MjkxLCJleHAiOjE3ODk2NDkwOTF9.9TOFhJtBMNRrE-_GjC6hnlTTmrL6XdpOIkMKClITUD9sLOwkRbwIN76aOntN-3f1,20744
eyJhbGciOiJIUzM4NCJ9.eyJzdWIiOiI1MDExODkiLCJ1c2VybmFtZSI6ImJlbmNoXzQyOTE1NzZfODg4IiwiaWF0IjoxNzg5MDQ0MjkxLCJleHAiOjE3ODk2NDkwOTF9.KqFHWbhWGPL9ybPT5ziyg2zun1Q1pi1uzqXh2HS3H-xmVlXwF0ZJxVCd87iwvxtU,20743
eyJhbGciOiJIUzM4NCJ9.eyJzdWIiOiI1MDExODciLCJ1c2VybmFtZSI6ImJlbmNoXzQyOTE1NzVfODg1IiwiaWF0IjoxNzg5MDQ0MjkxLCJleHAiOjE3ODk2NDkwOTF9.IWfTvIDyVYeq8ZhLPLUDi373o45DV114N9tfBVwUKbIu-Wv_6ogZDf1cOu8E41WL,20745
eyJhbGciOiJIUzM4NCJ9.eyJzdWIiOiI1MDExODgiLCJ1c2VybmFtZSI6ImJlbmNoXzQyOTE1NzZfODg3IiwiaWF0IjoxNzg5MDQ0MjkxLCJleHAiOjE3ODk2NDkwOTF9.vpRygqph8dAu29X0zL18Wg5pzO86oOoDMw7T1JxZc3GQqOMYrA_ngGzcKaVBkjra,20746
eyJhbGciOiJIUzM4NCJ9.eyJzdWIiOiI1MDExOTIiLCJ1c2VybmFtZSI6ImJlbmNoXzQyOTE3MDVfODkxIiwiaWF0IjoxNzg5MDQ0MjkyLCJleHAiOjE3ODk2NDkwOTJ9.nrTPGOBgTfe69YNBYUJGpQX2FNQz3em9KHsGkRp6nTmpb6_vvCrKFEhcZNJXZWPm,20749
eyJhbGciOiJIUzM4NCJ9.eyJzdWIiOiI1MDExOTciLCJ1c2VybmFtZSI6ImJlbmNoXzQyOTE3ODRfODk1IiwiaWF0IjoxNzg5MDQ0MjkyLCJleHAiOjE3ODk2NDkwOTJ9.N0MrQpM5j-qlgnTraEozda8nYwL0N2gXFntvSDj7ICSK3Q95SsnZpCn5wnYSzzef,20750
eyJhbGciOiJIUzM4NCJ9.eyJzdWIiOiI1MDExOTAiLCJ1c2VybmFtZSI6ImJlbmNoXzQyOTE2OTdfODg5IiwiaWF0IjoxNzg5MDQ0MjkyLCJleHAiOjE3ODk2NDkwOTJ9.nuVpWbi8_bTugsc7T453yR01jtJmxVvb2r3YIXDjPY_eUWdVwu2aHh02mHel1Dva,20748
eyJhbGciOiJIUzM4NCJ9.eyJzdWIiOiI1MDExOTgiLCJ1c2VybmFtZSI6ImJlbmNoXzQyOTE4MTNfODk4IiwiaWF0IjoxNzg5MDQ0MjkyLCJleHAiOjE3ODk2NDkwOTJ9.7dO_ok2sK35VX0-gq7_WEsVLlhoAM9QrcaVKEADufuUSHhLSWwtSeBGkmNCPKIm1,20751
eyJhbGciOiJIUzM4NCJ9.eyJzdWIiOiI1MDExOTYiLCJ1c2VybmFtZSI6ImJlbmNoXzQyOTE4MTFfODk2IiwiaWF0IjoxNzg5MDQ0MjkyLCJleHAiOjE3ODk2NDkwOTJ9.ETL6Y3uXI93Spk3elRlL1vsHD0zNr_diYHyD0M-XonJAdu9wktN-xIhi7ZlHizpH,20752
eyJhbGciOiJIUzM4NCJ9.eyJzdWIiOiI1MDExOTUiLCJ1c2VybmFtZSI6ImJlbmNoXzQyOTE3NjhfODkzIiwiaWF0IjoxNzg5MDQ0MjkyLCJleHAiOjE3ODk2NDkwOTJ9.R9lFxpx1zfLFAGpoZAsDv5C3k8tzjuEtLdvXzAJ34QmBIeYeYIiSkJrWHir7dVRw,20753
eyJhbGciOiJIUzM4NCJ9.eyJzdWIiOiI1MDExOTMiLCJ1c2VybmFtZSI6ImJlbmNoXzQyOTE3NjhfODkyIiwiaWF0IjoxNzg5MDQ0MjkyLCJleHAiOjE3ODk2NDkwOTJ9.Cu6Mqv8NJrlv0B9vObgzJWywaWHjN2Cqt-TgjtdFmwg--B8ITDbyoAkO4XZ1GHfu,20756
eyJhbGciOiJIUzM4NCJ9.eyJzdWIiOiI1MDExOTQiLCJ1c2VybmFtZSI6ImJlbmNoXzQyOTE3NjlfODk0IiwiaWF0IjoxNzg5MDQ0MjkyLCJleHAiOjE3ODk2NDkwOTJ9.vuZFskN99opyrloE41DgL1HVLJvsjmUZog-wdJgbixCJgScgUWAfcKX7KnCjyEnD,20755
eyJhbGciOiJIUzM4NCJ9.eyJzdWIiOiI1MDExOTkiLCJ1c2VybmFtZSI6ImJlbmNoXzQyOTE4MTJfODk3IiwiaWF0IjoxNzg5MDQ0MjkyLCJleHAiOjE3ODk2NDkwOTJ9.LXFFLJIIR7UbCKoGTxOTVtiYprG1Bt09UEzMRim0jqfHMKvN6LO61ZNN2gI5BJU7,20754
eyJhbGciOiJIUzM4NCJ9.eyJzdWIiOiI1MDExOTEiLCJ1c2VybmFtZSI6ImJlbmNoXzQyOTE2OTdfODkwIiwiaWF0IjoxNzg5MDQ0MjkyLCJleHAiOjE3ODk2NDkwOTJ9.9d9GVjemj4sx1VBLKja-wBiASMtEO7fMF5J4fqziraNsbpLOB6WKFSMRxCcIDDfQ,20747
eyJhbGciOiJIUzM4NCJ9.eyJzdWIiOiI1MDEyMDAiLCJ1c2VybmFtZSI6ImJlbmNoXzQyOTE4MTRfODk5IiwiaWF0IjoxNzg5MDQ0MjkyLCJleHAiOjE3ODk2NDkwOTJ9.tgNqYur4dsj3R_OXx0uawF252EzYphcdycndlJShGqx19z9tE-Q0m2KsDkIhmUKn,20757
eyJhbGciOiJIUzM4NCJ9.eyJzdWIiOiI1MDEyMDEiLCJ1c2VybmFtZSI6ImJlbmNoXzQyOTE5NzJfOTAwIiwiaWF0IjoxNzg5MDQ0MjkyLCJleHAiOjE3ODk2NDkwOTJ9.AEwvXtlcE-IVsuJmGjFceE22q8tb4P_5_7hbCtDLIoHhe1Byfx2rOm-ROTqg4zfc,20758
eyJhbGciOiJIUzM4NCJ9.eyJzdWIiOiI1MDEyMDciLCJ1c2VybmFtZSI6ImJlbmNoXzQyOTIwMjZfOTA3IiwiaWF0IjoxNzg5MDQ0MjkyLCJleHAiOjE3ODk2NDkwOTJ9.Svusoy3ATOG63-je90UJSrrGhHdLSm5vAIsV-D0ULTFbd75fQkd4kaCkNdLP_jzP,20762
eyJhbGciOiJIUzM4NCJ9.eyJzdWIiOiI1MDEyMDIiLCJ1c2VybmFtZSI6ImJlbmNoXzQyOTE5NzRfOTAzIiwiaWF0IjoxNzg5MDQ0MjkyLCJleHAiOjE3ODk2NDkwOTJ9._YxHyo71gtqg36zqAzEeuYME9QeFbQaD08RAgb22uirAD-GNF__HeHItEdZFjn-n,20760
eyJhbGciOiJIUzM4NCJ9.eyJzdWIiOiI1MDEyMDUiLCJ1c2VybmFtZSI6ImJlbmNoXzQyOTE5NzlfOTA0IiwiaWF0IjoxNzg5MDQ0MjkyLCJleHAiOjE3ODk2NDkwOTJ9.swg8XGyN-U3EiiSFFtL8jdECzGv7sFPSr7JDkTgP80OCKQmpswXMAwrIWtEXlLzk,20759
eyJhbGciOiJIUzM4NCJ9.eyJzdWIiOiI1MDEyMDYiLCJ1c2VybmFtZSI6ImJlbmNoXzQyOTIwMTNfOTA2IiwiaWF0IjoxNzg5MDQ0MjkyLCJleHAiOjE3ODk2NDkwOTJ9.f4qk0x3kkXYrOD9owVxVOz3gk0_xdG1tURmA5h3VCTagtN2qRIXRdFSjyhQhmkTv,20763
eyJhbGciOiJIUzM4NCJ9.eyJzdWIiOiI1MDEyMDMiLCJ1c2VybmFtZSI6ImJlbmNoXzQyOTE5NzNfOTAyIiwiaWF0IjoxNzg5MDQ0MjkyLCJleHAiOjE3ODk2NDkwOTJ9.NK2PAfUOZiw1UF1HwB3H7jmzLHRpBsDHjiwBx0dOrAXLZciCIckvitd40EytY1Io,20761
eyJhbGciOiJIUzM4NCJ9.eyJzdWIiOiI1MDEyMDgiLCJ1c2VybmFtZSI6ImJlbmNoXzQyOTIwMDhfOTA1IiwiaWF0IjoxNzg5MDQ0MjkyLCJleHAiOjE3ODk2NDkwOTJ9.sykUh-h0OeACQaMerxBs_Bv0mzz9Idrv3_rTtaaAqvhrB6jLjm9vtwg5TPsYEmVx,20764
eyJhbGciOiJIUzM4NCJ9.eyJzdWIiOiI1MDEyMDQiLCJ1c2VybmFtZSI6ImJlbmNoXzQyOTE5NzJfOTAxIiwiaWF0IjoxNzg5MDQ0MjkyLCJleHAiOjE3ODk2NDkwOTJ9.cxt7rIrw85gFimPaY18017mlGQqTQ9CHJ9zIFnDALOwvLbHmxbi_LSra5lYzrdyY,20765
eyJhbGciOiJIUzM4NCJ9.eyJzdWIiOiI1MDEyMTAiLCJ1c2VybmFtZSI6ImJlbmNoXzQyOTIyMDBfOTExIiwiaWF0IjoxNzg5MDQ0MjkyLCJleHAiOjE3ODk2NDkwOTJ9.1VJsth-vewHn6uwQ-5Kbpp6iCSIMyXgPPI1TigtBl0C_8iT194eKbUzSsPDdtqM7,20766
eyJhbGciOiJIUzM4NCJ9.eyJzdWIiOiI1MDEyMDkiLCJ1c2VybmFtZSI6ImJlbmNoXzQyOTIxMzZfOTA4IiwiaWF0IjoxNzg5MDQ0MjkyLCJleHAiOjE3ODk2NDkwOTJ9.eVeIHPw1rAvdgXmSq8ToyxChXiUCxhWAYjrwYdSMFtuNlxuKOBxXKXisWb98kHAl,20772
eyJhbGciOiJIUzM4NCJ9.eyJzdWIiOiI1MDEyMTQiLCJ1c2VybmFtZSI6ImJlbmNoXzQyOTIyMDlfOTE3IiwiaWF0IjoxNzg5MDQ0MjkyLCJleHAiOjE3ODk2NDkwOTJ9.nNpecm7VhZgm9z3sUxAjo0W55oZ2pBDQfXFt1D96UhYjHeVwVkcERqpKO3ayzG0J,20768
eyJhbGciOiJIUzM4NCJ9.eyJzdWIiOiI1MDEyMTkiLCJ1c2VybmFtZSI6ImJlbmNoXzQyOTIyMDdfOTE1IiwiaWF0IjoxNzg5MDQ0MjkyLCJleHAiOjE3ODk2NDkwOTJ9.HX1RlK9W1z6vJ__Y1XTsQBZZpl3iiO5gsOqa0zFH2eJi8CQuTzZd4YVFYJofiRuO,20769
eyJhbGciOiJIUzM4NCJ9.eyJzdWIiOiI1MDEyMTMiLCJ1c2VybmFtZSI6ImJlbmNoXzQyOTIyMDZfOTE0IiwiaWF0IjoxNzg5MDQ0MjkyLCJleHAiOjE3ODk2NDkwOTJ9.GCCRUMfuvXyfjkeCKab5brch6ZIlmWi3S1Q_r9-nl9FzhokCWHInpFjDsADl1hzn,20767
eyJhbGciOiJIUzM4NCJ9.eyJzdWIiOiI1MDEyMTUiLCJ1c2VybmFtZSI6ImJlbmNoXzQyOTIyMDhfOTE2IiwiaWF0IjoxNzg5MDQ0MjkyLCJleHAiOjE3ODk2NDkwOTJ9.2_nmyBIeaT6mKUMBsmkd17IqgyfaARhtaQD76lZ3Ocfa9ovwMIe-CobQcKZvTJdO,20770
eyJhbGciOiJIUzM4NCJ9.eyJzdWIiOiI1MDEyMTEiLCJ1c2VybmFtZSI6ImJlbmNoXzQyOTIyMDFfOTEyIiwiaWF0IjoxNzg5MDQ0MjkyLCJleHAiOjE3ODk2NDkwOTJ9.qrVugjKR7vfiHkIbV2rCjEYSMccXtxWr2XeMzowszNOquNAoYaPhjnoO4c4z7CP7,20771
eyJhbGciOiJIUzM4NCJ9.eyJzdWIiOiI1MDEyMTciLCJ1c2VybmFtZSI6ImJlbmNoXzQyOTIyMDZfOTEzIiwiaWF0IjoxNzg5MDQ0MjkyLCJleHAiOjE3ODk2NDkwOTJ9.4DpPm6zNl5UQR2dTYjD9tP0aBf01_XRiQgI1RrJPM2FWhP6dxZ6HC5HxDWW80CeP,20776
eyJhbGciOiJIUzM4NCJ9.eyJzdWIiOiI1MDEyMTgiLCJ1c2VybmFtZSI6ImJlbmNoXzQyOTIyMDBfOTEwIiwiaWF0IjoxNzg5MDQ0MjkyLCJleHAiOjE3ODk2NDkwOTJ9.qtLrHRHt_9Ot9GVKSfbGfWvCNV2dsyTPiNn8qu5AHSXv5X2NA-qbujihJrh_fRkI,20775
eyJhbGciOiJIUzM4NCJ9.eyJzdWIiOiI1MDEyMTYiLCJ1c2VybmFtZSI6ImJlbmNoXzQyOTIxOTNfOTA5IiwiaWF0IjoxNzg5MDQ0MjkyLCJleHAiOjE3ODk2NDkwOTJ9.xWFJhWqX3RHBKs7ic5rvlwYkH2-VqwrSO6TnCa4ewNFe3hKtRnpB-7tX61YtqYaN,20773
eyJhbGciOiJIUzM4NCJ9.eyJzdWIiOiI1MDEyMTIiLCJ1c2VybmFtZSI6ImJlbmNoXzQyOTIyMTNfOTE4IiwiaWF0IjoxNzg5MDQ0MjkyLCJleHAiOjE3ODk2NDkwOTJ9.SBXi0suo2zEf-TXrhmgPZ4kAy0-Hi6eX67zAzaCS52AqpPr34J20cikDqwV9hzSu,20774
eyJhbGciOiJIUzM4NCJ9.eyJzdWIiOiI1MDEyMjIiLCJ1c2VybmFtZSI6ImJlbmNoXzQyOTI0MjhfOTIyIiwiaWF0IjoxNzg5MDQ0MjkyLCJleHAiOjE3ODk2NDkwOTJ9.KOt9LAwoZ0GsjtgFK4PZLw0jLZXma5DuY6za1d-Qdrqn5U5kvtKMaNa_Bi1Ov_K5,20778
eyJhbGciOiJIUzM4NCJ9.eyJzdWIiOiI1MDEyMjAiLCJ1c2VybmFtZSI6ImJlbmNoXzQyOTIzNjZfOTE5IiwiaWF0IjoxNzg5MDQ0MjkyLCJleHAiOjE3ODk2NDkwOTJ9.wrnmm8-ZJdjaQNM2WmtJ4_tz5BpRaXqg-KNfo-J0G1H48P-gAP3VFbqMOgiRyoKV,20777
eyJhbGciOiJIUzM4NCJ9.eyJzdWIiOiI1MDEyMjciLCJ1c2VybmFtZSI6ImJlbmNoXzQyOTI0MjhfOTIzIiwiaWF0IjoxNzg5MDQ0MjkyLCJleHAiOjE3ODk2NDkwOTJ9.KhztW_ZGSVn3_kHQlGUtFyDhdsZlseqolK9JyDtE01aAtpMK-2E_wC6K5-ps4k44,20779
eyJhbGciOiJIUzM4NCJ9.eyJzdWIiOiI1MDEyMjYiLCJ1c2VybmFtZSI6ImJlbmNoXzQyOTI0MjhfOTI0IiwiaWF0IjoxNzg5MDQ0MjkyLCJleHAiOjE3ODk2NDkwOTJ9.q11SH27HTV-pMW-X0HOmUfL3J-YFnjHu4t4z4ifVrrj2jiPe1qlBvZCfInvDx-mk,20781
eyJhbGciOiJIUzM4NCJ9.eyJzdWIiOiI1MDEyMjQiLCJ1c2VybmFtZSI6ImJlbmNoXzQyOTI0MzJfOTI1IiwiaWF0IjoxNzg5MDQ0MjkyLCJleHAiOjE3ODk2NDkwOTJ9.d9VAsoqxig4fnBrmmbJXxq65L6_S3OY1E5VKFzBIIUvHZuCyFSEIy1U26mhUWZSb,20782
eyJhbGciOiJIUzM4NCJ9.eyJzdWIiOiI1MDEyMjEiLCJ1c2VybmFtZSI6ImJlbmNoXzQyOTI0MjRfOTIwIiwiaWF0IjoxNzg5MDQ0MjkyLCJleHAiOjE3ODk2NDkwOTJ9.6x3HmFf53AN0udDVWsl8xvzF6tFo7IuD7hWffsCvMlcWNbuIWCI4XuqKJZPTbbB3,20780
eyJhbGciOiJIUzM4NCJ9.eyJzdWIiOiI1MDEyMjUiLCJ1c2VybmFtZSI6ImJlbmNoXzQyOTI0MjdfOTIxIiwiaWF0IjoxNzg5MDQ0MjkyLCJleHAiOjE3ODk2NDkwOTJ9.rWRZJqQ1TZIl_UgjLGR4NjnY-_ami_Psdw_PIc0FiIjo3B1rfpeTDNshLxR93vIn,20783
eyJhbGciOiJIUzM4NCJ9.eyJzdWIiOiI1MDEyMjMiLCJ1c2VybmFtZSI6ImJlbmNoXzQyOTI0NTJfOTI2IiwiaWF0IjoxNzg5MDQ0MjkyLCJleHAiOjE3ODk2NDkwOTJ9.cAAPa63krw2aCXLSiqZJs7chEZ0NJ5okOKyR_ZOK33JLFX09A5adkr57I5gHJUvu,20785
eyJhbGciOiJIUzM4NCJ9.eyJzdWIiOiI1MDEyMjgiLCJ1c2VybmFtZSI6ImJlbmNoXzQyOTI0NjJfOTI3IiwiaWF0IjoxNzg5MDQ0MjkyLCJleHAiOjE3ODk2NDkwOTJ9.wLyXLCWnglTTQ3FPnwH8YlgDyLa-p6DMyK35lj6zvADUd1QvATJTXh69rgxauMmZ,20784
eyJhbGciOiJIUzM4NCJ9.eyJzdWIiOiI1MDEyMzQiLCJ1c2VybmFtZSI6ImJlbmNoXzQyOTI2ODhfOTM2IiwiaWF0IjoxNzg5MDQ0MjkzLCJleHAiOjE3ODk2NDkwOTN9.lFDT27NJZD58UvB7csmZ5h6I83QfkXhNHNUsdeiHClxchVK1WOEc0h0qTQUxMMAV,20790
eyJhbGciOiJIUzM4NCJ9.eyJzdWIiOiI1MDEyMzMiLCJ1c2VybmFtZSI6ImJlbmNoXzQyOTI2NjlfOTMyIiwiaWF0IjoxNzg5MDQ0MjkzLCJleHAiOjE3ODk2NDkwOTN9.LYtp95VU3X6LPz9AfikC7wIvdUjSBqsQPoNTV4Vf1tqAulpyozEuM0VmdFHOytcV,20789
eyJhbGciOiJIUzM4NCJ9.eyJzdWIiOiI1MDEyMjkiLCJ1c2VybmFtZSI6ImJlbmNoXzQyOTI2NzBfOTM0IiwiaWF0IjoxNzg5MDQ0MjkzLCJleHAiOjE3ODk2NDkwOTN9.V4AOUo60S1YntO9wdnmz4JNA0MuL1JQzAPhlGfEaCfYO2o_g0vHRjAVhkRV56kzu,20786
eyJhbGciOiJIUzM4NCJ9.eyJzdWIiOiI1MDEyMzIiLCJ1c2VybmFtZSI6ImJlbmNoXzQyOTI2NjlfOTMwIiwiaWF0IjoxNzg5MDQ0MjkyLCJleHAiOjE3ODk2NDkwOTJ9.1tfFwM4LbI9SoF84sMf54_U1k3HweIgihvKNuWjmNDWUntQtX_6GZuEGoSJV-1T6,20787
eyJhbGciOiJIUzM4NCJ9.eyJzdWIiOiI1MDEyMzAiLCJ1c2VybmFtZSI6ImJlbmNoXzQyOTI2MjdfOTI4IiwiaWF0IjoxNzg5MDQ0MjkyLCJleHAiOjE3ODk2NDkwOTJ9.J6nTppMFXY7wmSbtcQvRsZNWzS4tKmKjtcwY0EB59XNmyI-ak21CH8oPCpwlAShf,20788
eyJhbGciOiJIUzM4NCJ9.eyJzdWIiOiI1MDEyMzEiLCJ1c2VybmFtZSI6ImJlbmNoXzQyOTI2NjlfOTMxIiwiaWF0IjoxNzg5MDQ0MjkzLCJleHAiOjE3ODk2NDkwOTN9.VV16RwvUtChg-wt0dwXDAj5G2XwJQt4E5MB5qVUtvR7It3248LK1fCWHyjFOvuWc,20791
eyJhbGciOiJIUzM4NCJ9.eyJzdWIiOiI1MDEyMzUiLCJ1c2VybmFtZSI6ImJlbmNoXzQyOTI2NjdfOTI5IiwiaWF0IjoxNzg5MDQ0MjkzLCJleHAiOjE3ODk2NDkwOTN9.NS6KRL1Oaxoxq7wI2X7Tmxtrau7GSdI8U7CvQGo-8GbfBYs4t37fq9SAyhvah7ow,20792
eyJhbGciOiJIUzM4NCJ9.eyJzdWIiOiI1MDEyMzkiLCJ1c2VybmFtZSI6ImJlbmNoXzQyOTI2OTdfOTM4IiwiaWF0IjoxNzg5MDQ0MjkzLCJleHAiOjE3ODk2NDkwOTN9.YoqZhsoS8KOLKrlzzOuVYE79y6XBJTjfCl1SpCoOIzUGqJwfnCtCEDFGJ1h1OIKA,20793
eyJhbGciOiJIUzM4NCJ9.eyJzdWIiOiI1MDEyMzciLCJ1c2VybmFtZSI6ImJlbmNoXzQyOTI2ODdfOTM1IiwiaWF0IjoxNzg5MDQ0MjkzLCJleHAiOjE3ODk2NDkwOTN9.gsas7RnKtHc5TfNsxlNfF91FRQ6lNtw8B_mBV8HQdQ4crRxOvI__QdCSgHYiLL5m,20794
eyJhbGciOiJIUzM4NCJ9.eyJzdWIiOiI1MDEyMzgiLCJ1c2VybmFtZSI6ImJlbmNoXzQyOTI2NjlfOTMzIiwiaWF0IjoxNzg5MDQ0MjkzLCJleHAiOjE3ODk2NDkwOTN9.uopyaZ-mUzQNVZRP1BuRk_5oaX65ByO-ka4pLWnawztUyD9A9w8xXgpiXN_kF9yo,20796
eyJhbGciOiJIUzM4NCJ9.eyJzdWIiOiI1MDEyMzYiLCJ1c2VybmFtZSI6ImJlbmNoXzQyOTI2OTFfOTM3IiwiaWF0IjoxNzg5MDQ0MjkzLCJleHAiOjE3ODk2NDkwOTN9.8Y4E4XzBYtjEd3nbcC8HXXKwRgRt_PEmOC7iTZ7eHRRgrQrzfBlV0Yb6VdZ7YIXE,20795
eyJhbGciOiJIUzM4NCJ9.eyJzdWIiOiI1MDEyNDAiLCJ1c2VybmFtZSI6ImJlbmNoXzQyOTI4NTZfOTM5IiwiaWF0IjoxNzg5MDQ0MjkzLCJleHAiOjE3ODk2NDkwOTN9.2PnO1CP8VFU5BEwWtJI6i7Uz0jezGXyVp1-PoduwkMUxFzDON5j70WX7rQXNOpJI,20797
eyJhbGciOiJIUzM4NCJ9.eyJzdWIiOiI1MDEyNDUiLCJ1c2VybmFtZSI6ImJlbmNoXzQyOTI4OTNfOTQzIiwiaWF0IjoxNzg5MDQ0MjkzLCJleHAiOjE3ODk2NDkwOTN9.GjlkH33jz7ZHScBuFziR3x0Cb-JR_RSxfL0HovAClR_Ti-XF8s_DZEQ6ySUZwv01,20798
eyJhbGciOiJIUzM4NCJ9.eyJzdWIiOiI1MDEyNDEiLCJ1c2VybmFtZSI6ImJlbmNoXzQyOTI4NzVfOTQwIiwiaWF0IjoxNzg5MDQ0MjkzLCJleHAiOjE3ODk2NDkwOTN9.UjqKIV8lrbLwepJOoywJd-9_fixvjdlxl7eB8Mc_IwL0OlYO9kmxHJpnU4-LSO6I,20799
eyJhbGciOiJIUzM4NCJ9.eyJzdWIiOiI1MDEyNDQiLCJ1c2VybmFtZSI6ImJlbmNoXzQyOTI4ODZfOTQxIiwiaWF0IjoxNzg5MDQ0MjkzLCJleHAiOjE3ODk2NDkwOTN9.w7DA2g6gIJryEgjNhumJDOfj1GiS4KKdUtY7-0SJgZZA7jWq8CLWMhfHDNfLOAMq,20801
eyJhbGciOiJIUzM4NCJ9.eyJzdWIiOiI1MDEyNDMiLCJ1c2VybmFtZSI6ImJlbmNoXzQyOTI4OTRfOTQ0IiwiaWF0IjoxNzg5MDQ0MjkzLCJleHAiOjE3ODk2NDkwOTN9.p45A7PK7WL08JUjLlHxcMBCtAYVx9DdHgDWZ_-nBQggwz13sDSLaMWiCE-Tiw8vh,20800
eyJhbGciOiJIUzM4NCJ9.eyJzdWIiOiI1MDEyNDIiLCJ1c2VybmFtZSI6ImJlbmNoXzQyOTI4ODhfOTQyIiwiaWF0IjoxNzg5MDQ0MjkzLCJleHAiOjE3ODk2NDkwOTN9.W0Vkjo1Vak8-62jxsob1bCmO4U4vSgt7GpJ-Jb5X4R3w2AwiMy5nv_tXGOnPNgwT,20802
eyJhbGciOiJIUzM4NCJ9.eyJzdWIiOiI1MDEyNDYiLCJ1c2VybmFtZSI6ImJlbmNoXzQyOTI4OTZfOTQ1IiwiaWF0IjoxNzg5MDQ0MjkzLCJleHAiOjE3ODk2NDkwOTN9.JemclUfZmMjJjButWFc1KX6nYo3y6JJBh3nKQrj5C2WHHG8_ZhXSexKpKX5jLcau,20803
eyJhbGciOiJIUzM4NCJ9.eyJzdWIiOiI1MDEyNDciLCJ1c2VybmFtZSI6ImJlbmNoXzQyOTMwMDFfOTQ3IiwiaWF0IjoxNzg5MDQ0MjkzLCJleHAiOjE3ODk2NDkwOTN9.JrZdElX4hGMbUlEipWbZeqtFL1ZV6M1EYhsGmdo78l38G8KC3r0Sa7CRoYn8456Z,20804
eyJhbGciOiJIUzM4NCJ9.eyJzdWIiOiI1MDEyNDgiLCJ1c2VybmFtZSI6ImJlbmNoXzQyOTMwMDFfOTQ2IiwiaWF0IjoxNzg5MDQ0MjkzLCJleHAiOjE3ODk2NDkwOTN9.CbUPmKeiEIGn8D1uOqtVJd4htP1jf3trq1dm5pWewhbKyaKmBqmodRsGAmukuL6_,20805
eyJhbGciOiJIUzM4NCJ9.eyJzdWIiOiI1MDEyNDkiLCJ1c2VybmFtZSI6ImJlbmNoXzQyOTMwOTNfOTUxIiwiaWF0IjoxNzg5MDQ0MjkzLCJleHAiOjE3ODk2NDkwOTN9.poIguQvA23a20zVNadXMLsc8vPRyyGsAs-qlLhFEoqDAUrlcciSw1VnEUmv-9J1A,20806
eyJhbGciOiJIUzM4NCJ9.eyJzdWIiOiI1MDEyNTIiLCJ1c2VybmFtZSI6ImJlbmNoXzQyOTMwOTNfOTQ4IiwiaWF0IjoxNzg5MDQ0MjkzLCJleHAiOjE3ODk2NDkwOTN9.eXT7lXZw1Nui9jgrXM5WQmAVJEEMfTpO7rf7dfLX3ZXYkHWH61y9JVntdotqT6FK,20807
eyJhbGciOiJIUzM4NCJ9.eyJzdWIiOiI1MDEyNTMiLCJ1c2VybmFtZSI6ImJlbmNoXzQyOTMwOTNfOTQ5IiwiaWF0IjoxNzg5MDQ0MjkzLCJleHAiOjE3ODk2NDkwOTN9.R62BJVTB3-QBGezO-rHTMzHdY154vIvlkOzEI3Cq3FoO2KOPzwDSG0ivTafagGqM,20809
eyJhbGciOiJIUzM4NCJ9.eyJzdWIiOiI1MDEyNTEiLCJ1c2VybmFtZSI6ImJlbmNoXzQyOTMwOTNfOTUwIiwiaWF0IjoxNzg5MDQ0MjkzLCJleHAiOjE3ODk2NDkwOTN9.YiXog1sr_FHAaeEKl4iXtu1P4lTCEpP-wXyMPDSeKkFopwbVlfaQX_XPlVx8c37W,20808
eyJhbGciOiJIUzM4NCJ9.eyJzdWIiOiI1MDEyNTAiLCJ1c2VybmFtZSI6ImJlbmNoXzQyOTMwOTRfOTUyIiwiaWF0IjoxNzg5MDQ0MjkzLCJleHAiOjE3ODk2NDkwOTN9.Hmy2O9wYss4y2B66-gFkoH73wO6j_2_ytFs9rbzQmaQLtpKSdman7UJ9Lqdvy5pc,20810
eyJhbGciOiJIUzM4NCJ9.eyJzdWIiOiI1MDEyNTciLCJ1c2VybmFtZSI6ImJlbmNoXzQyOTMxNTJfOTU2IiwiaWF0IjoxNzg5MDQ0MjkzLCJleHAiOjE3ODk2NDkwOTN9.B1LZY9-nsQqnwM32NKM0Nkd-7jliJMUeVY36o4ELPJTDH5ALGoDmHd_o7Hx5ZuUK,20814
eyJhbGciOiJIUzM4NCJ9.eyJzdWIiOiI1MDEyNTQiLCJ1c2VybmFtZSI6ImJlbmNoXzQyOTMxMjdfOTU1IiwiaWF0IjoxNzg5MDQ0MjkzLCJleHAiOjE3ODk2NDkwOTN9.qQuRALxuPx5oLF0NYzt2h2_ijkOatPIlwgU5VEywRwfNzuuv7-7Adbp0rsW5lqpP,20811
eyJhbGciOiJIUzM4NCJ9.eyJzdWIiOiI1MDEyNTUiLCJ1c2VybmFtZSI6ImJlbmNoXzQyOTMxMTZfOTUzIiwiaWF0IjoxNzg5MDQ0MjkzLCJleHAiOjE3ODk2NDkwOTN9.8MCxT0QJ5ThH_PDIB9Shxorv0pVzVjyuekdMLlPSXdvnmzL26J_vsLhARpDaGsGW,20812
eyJhbGciOiJIUzM4NCJ9.eyJzdWIiOiI1MDEyNTYiLCJ1c2VybmFtZSI6ImJlbmNoXzQyOTMxMjVfOTU0IiwiaWF0IjoxNzg5MDQ0MjkzLCJleHAiOjE3ODk2NDkwOTN9.TWMPHgXz5oe8a84SK15dueuD8EcB3ThUtEQ78wsjrW3_WmD41JoyG4IHMy3yIkZl,20813
eyJhbGciOiJIUzM4NCJ9.eyJzdWIiOiI1MDEyNTgiLCJ1c2VybmFtZSI6ImJlbmNoXzQyOTMxNTRfOTU4IiwiaWF0IjoxNzg5MDQ0MjkzLCJleHAiOjE3ODk2NDkwOTN9.AumQCNnfd_JM94BRveUWdZ5Kgog6dI2JWQn2-zdIgo8kDfuZMednE3Wy_zs0bmq3,20815
eyJhbGciOiJIUzM4NCJ9.eyJzdWIiOiI1MDEyNTkiLCJ1c2VybmFtZSI6ImJlbmNoXzQyOTMxNTRfOTU3IiwiaWF0IjoxNzg5MDQ0MjkzLCJleHAiOjE3ODk2NDkwOTN9.xdzOXX2ghv31pbHcilmztQHTfDcTvfs4P5Zwir4MjR5AQHu3_W8g_iXTU3CZuCZB,20816
eyJhbGciOiJIUzM4NCJ9.eyJzdWIiOiI1MDEyNjUiLCJ1c2VybmFtZSI6ImJlbmNoXzQyOTMyODZfOTU5IiwiaWF0IjoxNzg5MDQ0MjkzLCJleHAiOjE3ODk2NDkwOTN9.sHHST0qYoj54-9Z_Tp4wVqJqVfPQYBwpOTSP9JTKa6PNU84SGLcv3Hu7gIpBaJZC,20820
eyJhbGciOiJIUzM4NCJ9.eyJzdWIiOiI1MDEyNjQiLCJ1c2VybmFtZSI6ImJlbmNoXzQyOTMzMDVfOTY0IiwiaWF0IjoxNzg5MDQ0MjkzLCJleHAiOjE3ODk2NDkwOTN9.WlHRE62Aemr6JvZcKPO1uQb1tX_Sc3_JxwhxKWg05nyhdyTNAPg0ciEOa6aj-3lw,20819
eyJhbGciOiJIUzM4NCJ9.eyJzdWIiOiI1MDEyNjEiLCJ1c2VybmFtZSI6ImJlbmNoXzQyOTMyODhfOTYwIiwiaWF0IjoxNzg5MDQ0MjkzLCJleHAiOjE3ODk2NDkwOTN9.FZCA-pdkSUS0g1SzozldZFG2-Qhv-6a0vfkdfkXaa7rWCE95UejHCKXWMFuADV8e,20818
eyJhbGciOiJIUzM4NCJ9.eyJzdWIiOiI1MDEyNjMiLCJ1c2VybmFtZSI6ImJlbmNoXzQyOTMyOTVfOTYzIiwiaWF0IjoxNzg5MDQ0MjkzLCJleHAiOjE3ODk2NDkwOTN9.PbrfDhXhjhby-F52KnaF6tzBfyDgaxtVrMEajInFwhQKAlBYYe6xmksUCO6Yno5y,20817
eyJhbGciOiJIUzM4NCJ9.eyJzdWIiOiI1MDEyNjAiLCJ1c2VybmFtZSI6ImJlbmNoXzQyOTMyODlfOTYxIiwiaWF0IjoxNzg5MDQ0MjkzLCJleHAiOjE3ODk2NDkwOTN9.NLLCzaL3bJZkISCS2_lBtBn1SeTmYXvOC_uY51WI0kKZsLeO5gQzKvGOlo1iSK3I,20821
eyJhbGciOiJIUzM4NCJ9.eyJzdWIiOiI1MDEyNjIiLCJ1c2VybmFtZSI6ImJlbmNoXzQyOTMyOTVfOTYyIiwiaWF0IjoxNzg5MDQ0MjkzLCJleHAiOjE3ODk2NDkwOTN9.jq5EdGFBVMhJjTbLfX_Rzt2QkuTU76Tv7nFPAYquYb3x9HOJ1LuKbNPCD9tJJn2i,20822
eyJhbGciOiJIUzM4NCJ9.eyJzdWIiOiI1MDEyNjYiLCJ1c2VybmFtZSI6ImJlbmNoXzQyOTMzNDRfOTY1IiwiaWF0IjoxNzg5MDQ0MjkzLCJleHAiOjE3ODk2NDkwOTN9.CHhE3lqsOgPMUP9lCZ08HKvHI3ffLdlDd5L3bZQZfHPXnmXCQ1-XrQNe16eRSu6f,20823
eyJhbGciOiJIUzM4NCJ9.eyJzdWIiOiI1MDEyNjgiLCJ1c2VybmFtZSI6ImJlbmNoXzQyOTM0NTVfOTY2IiwiaWF0IjoxNzg5MDQ0MjkzLCJleHAiOjE3ODk2NDkwOTN9.oOwNZJxjcMew6tJxdqBmjA_XK-_ZOzFUHVwkBvX6Bv-_vw0OGHGL4fV7vBAf4dVm,20824
eyJhbGciOiJIUzM4NCJ9.eyJzdWIiOiI1MDEyNjciLCJ1c2VybmFtZSI6ImJlbmNoXzQyOTM0NTdfOTY3IiwiaWF0IjoxNzg5MDQ0MjkzLCJleHAiOjE3ODk2NDkwOTN9.viR_a4x6DMjsD9WyVfYWZ3I5ERwXgr2VuGtVCga-tFHa-q3PJ28JiNDAnFmH_MUY,20825
eyJhbGciOiJIUzM4NCJ9.eyJzdWIiOiI1MDEyNjkiLCJ1c2VybmFtZSI6ImJlbmNoXzQyOTM0ODJfOTY4IiwiaWF0IjoxNzg5MDQ0MjkzLCJleHAiOjE3ODk2NDkwOTN9.AxktQiP5THdCY5hZ3Gp4IiiWfd2ujruawv-4w_a0g1Bxcsy45hRe4kU8KR5F6wqO,20826
eyJhbGciOiJIUzM4NCJ9.eyJzdWIiOiI1MDEyNzAiLCJ1c2VybmFtZSI6ImJlbmNoXzQyOTM0OTJfOTcwIiwiaWF0IjoxNzg5MDQ0MjkzLCJleHAiOjE3ODk2NDkwOTN9.CX8DueR-v-YAd97x0Oe6Eo23niDYAGDn0ue9_4XK7ZN6kyk2vIFNc0w8x-pHmYMF,20828
eyJhbGciOiJIUzM4NCJ9.eyJzdWIiOiI1MDEyNzEiLCJ1c2VybmFtZSI6ImJlbmNoXzQyOTM0OTVfOTcyIiwiaWF0IjoxNzg5MDQ0MjkzLCJleHAiOjE3ODk2NDkwOTN9.awAqSreu-xSYPr2gPnLvONT_E84_QXuFOTsX8fLuJUCLfk_ERXStXLgBuxEwtPdx,20830
eyJhbGciOiJIUzM4NCJ9.eyJzdWIiOiI1MDEyNzIiLCJ1c2VybmFtZSI6ImJlbmNoXzQyOTM0OTRfOTcxIiwiaWF0IjoxNzg5MDQ0MjkzLCJleHAiOjE3ODk2NDkwOTN9.b5qXOMfgS6IWVef1hCUkxW-oD_pyAuN9zOBPYw_yPQotAXLKwpsvJQ5XGUt2C_JU,20829
eyJhbGciOiJIUzM4NCJ9.eyJzdWIiOiI1MDEyNzMiLCJ1c2VybmFtZSI6ImJlbmNoXzQyOTM0ODlfOTY5IiwiaWF0IjoxNzg5MDQ0MjkzLCJleHAiOjE3ODk2NDkwOTN9.Bm5uFyX9IiHIKb_FRLY8032iyJJghWpDJoIkHmWTc-axGEW0pEgDvdsCguWzKCIG,20827
eyJhbGciOiJIUzM4NCJ9.eyJzdWIiOiI1MDEyNzQiLCJ1c2VybmFtZSI6ImJlbmNoXzQyOTM1NzlfOTczIiwiaWF0IjoxNzg5MDQ0MjkzLCJleHAiOjE3ODk2NDkwOTN9.JyjkQFJO-4QDc5TxMrluUSFBSet0L7N5_639PWUtGiJv49aswHPItvJu8EHfI50v,20831
eyJhbGciOiJIUzM4NCJ9.eyJzdWIiOiI1MDEyNzYiLCJ1c2VybmFtZSI6ImJlbmNoXzQyOTM1ODNfOTc1IiwiaWF0IjoxNzg5MDQ0MjkzLCJleHAiOjE3ODk2NDkwOTN9.4sPiVsdMmrn-WcqFzoIjnhkEKaGfFeaRIS9gIeasuouiKnY9WBSz8-SQevKi5yNI,20832
eyJhbGciOiJIUzM4NCJ9.eyJzdWIiOiI1MDEyNzUiLCJ1c2VybmFtZSI6ImJlbmNoXzQyOTM1ODNfOTc2IiwiaWF0IjoxNzg5MDQ0MjkzLCJleHAiOjE3ODk2NDkwOTN9.Fl1S5FkQzOLITmeEjWtkqyIxAAqB9KdMECwKAzfwDv34EB6bYUJxI_lx2QYoNHJx,20833
eyJhbGciOiJIUzM4NCJ9.eyJzdWIiOiI1MDEyNzgiLCJ1c2VybmFtZSI6ImJlbmNoXzQyOTM2MjdfOTc3IiwiaWF0IjoxNzg5MDQ0MjkzLCJleHAiOjE3ODk2NDkwOTN9.BGk7ApDdUIUB1HIwLG2PWAWYXpgJXFBii7vPDa4HC7RwfBqVMAWuVnKXye7ONWgJ,20835
eyJhbGciOiJIUzM4NCJ9.eyJzdWIiOiI1MDEyNzciLCJ1c2VybmFtZSI6ImJlbmNoXzQyOTM1ODNfOTc0IiwiaWF0IjoxNzg5MDQ0MjkzLCJleHAiOjE3ODk2NDkwOTN9.ky6EwSIkVpRy108ZCQqc1JrSK-lpkWtNlKsbc3HNVIK0Bf2wr1abAeC3A7F1Cp1G,20834
eyJhbGciOiJIUzM4NCJ9.eyJzdWIiOiI1MDEyODMiLCJ1c2VybmFtZSI6ImJlbmNoXzQyOTM2NTlfOTc5IiwiaWF0IjoxNzg5MDQ0MjkzLCJleHAiOjE3ODk2NDkwOTN9._-amDLA02N6TZj9mSpE2YYTZjybr31y2HP-nw3AsHH1UmuobMKCN_DgAVZO41VkN,20836
eyJhbGciOiJIUzM4NCJ9.eyJzdWIiOiI1MDEyODAiLCJ1c2VybmFtZSI6ImJlbmNoXzQyOTM2NTlfOTgwIiwiaWF0IjoxNzg5MDQ0MjkzLCJleHAiOjE3ODk2NDkwOTN9.VhU7_C_lIB2wY3vHINfFlDw2irZ4dhghP_ZKAqWOpqmwYSwc0rLGLM91TxMDMFgv,20837
eyJhbGciOiJIUzM4NCJ9.eyJzdWIiOiI1MDEyNzkiLCJ1c2VybmFtZSI6ImJlbmNoXzQyOTM2MzhfOTc4IiwiaWF0IjoxNzg5MDQ0MjkzLCJleHAiOjE3ODk2NDkwOTN9.HirE81S12sSTtMCDPTzm_mxan_i6bjuwelmrEf8ED4yt2jPsCaaIa4VTnDMVPvrG,20838
eyJhbGciOiJIUzM4NCJ9.eyJzdWIiOiI1MDEyODIiLCJ1c2VybmFtZSI6ImJlbmNoXzQyOTM2NTlfOTgxIiwiaWF0IjoxNzg5MDQ0MjkzLCJleHAiOjE3ODk2NDkwOTN9.ylZM6-xOtjRUuuw5-vhJEup_LBWivW8n6lMFQVvs3PRAFiNxBZLPSAFKkyB72hHE,20839
eyJhbGciOiJIUzM4NCJ9.eyJzdWIiOiI1MDEyODEiLCJ1c2VybmFtZSI6ImJlbmNoXzQyOTM2NjBfOTgyIiwiaWF0IjoxNzg5MDQ0MjkzLCJleHAiOjE3ODk2NDkwOTN9.42R1YjgoZh-LJJ9aeKTQEm9rPprNl5aV1qhIap6_OS8fOsvwgExblxBhshDubYVW,20840
eyJhbGciOiJIUzM4NCJ9.eyJzdWIiOiI1MDEyODQiLCJ1c2VybmFtZSI6ImJlbmNoXzQyOTM3MjRfOTg0IiwiaWF0IjoxNzg5MDQ0Mjk0LCJleHAiOjE3ODk2NDkwOTR9.V1RVaO456lqR57pVhu4PVdpF09UMz3JNaBjMWT0gYV4_5piBwrjU9MiC_rN_5KY9,20841
eyJhbGciOiJIUzM4NCJ9.eyJzdWIiOiI1MDEyODUiLCJ1c2VybmFtZSI6ImJlbmNoXzQyOTM3MjJfOTgzIiwiaWF0IjoxNzg5MDQ0Mjk0LCJleHAiOjE3ODk2NDkwOTR9.K_sH8ESVMc0vW0RyYB_plvfmltE32xQ-jIUW0Duolg_DqqZ3x3WNDT7qBWWENHC1,20842
eyJhbGciOiJIUzM4NCJ9.eyJzdWIiOiI1MDEyODYiLCJ1c2VybmFtZSI6ImJlbmNoXzQyOTM4MDNfOTg1IiwiaWF0IjoxNzg5MDQ0Mjk0LCJleHAiOjE3ODk2NDkwOTR9.nuH-mKh5bHngGLRJYW09ySRYz093NtzkDgCfqbda5TBZU2IWhbWkSko1d9vbaKgY,20843
eyJhbGciOiJIUzM4NCJ9.eyJzdWIiOiI1MDEyODciLCJ1c2VybmFtZSI6ImJlbmNoXzQyOTM4MzZfOTg2IiwiaWF0IjoxNzg5MDQ0Mjk0LCJleHAiOjE3ODk2NDkwOTR9.6BZdVAtjy-AKOPQ4izp6iTGDFVQCUm5AKMxsvqE8I_qLPU-yFhWtdgoVNdfFpijF,20844
eyJhbGciOiJIUzM4NCJ9.eyJzdWIiOiI1MDEyODgiLCJ1c2VybmFtZSI6ImJlbmNoXzQyOTM4MzZfOTg3IiwiaWF0IjoxNzg5MDQ0Mjk0LCJleHAiOjE3ODk2NDkwOTR9.xb7_wZoCDDLsX0ca_qFY5q03O76J5dToejp0KOCUNx5WhVsrvpzQfCBko62Z0b_s,20845
eyJhbGciOiJIUzM4NCJ9.eyJzdWIiOiI1MDEyODkiLCJ1c2VybmFtZSI6ImJlbmNoXzQyOTM4OTRfOTkxIiwiaWF0IjoxNzg5MDQ0Mjk0LCJleHAiOjE3ODk2NDkwOTR9.w2J66eVYJuCwlbVmuY_0Xua0ARS4CvzSFqfKUJ005fi0Qc2eeMtriYCNqXEO3Cj3,20846
eyJhbGciOiJIUzM4NCJ9.eyJzdWIiOiI1MDEyOTEiLCJ1c2VybmFtZSI6ImJlbmNoXzQyOTM4OTRfOTkwIiwiaWF0IjoxNzg5MDQ0Mjk0LCJleHAiOjE3ODk2NDkwOTR9.sZU-crYCmykZ0XVWI6NAOanKNKKtyTiRkOF_LA7jUOCBsnkwvRmIoMzGFJ6FBoBw,20847
eyJhbGciOiJIUzM4NCJ9.eyJzdWIiOiI1MDEyOTAiLCJ1c2VybmFtZSI6ImJlbmNoXzQyOTM4OTRfOTg5IiwiaWF0IjoxNzg5MDQ0Mjk0LCJleHAiOjE3ODk2NDkwOTR9.5j4aiB9hm8PSqHWuKixmUq7TkE3RifxFm2t27CwEitKPzTBg47V3_z2Cgqq-odGI,20848
eyJhbGciOiJIUzM4NCJ9.eyJzdWIiOiI1MDEyOTIiLCJ1c2VybmFtZSI6ImJlbmNoXzQyOTM4OTVfOTkyIiwiaWF0IjoxNzg5MDQ0Mjk0LCJleHAiOjE3ODk2NDkwOTR9.iz-mu5G2nfqQAxT-l3naSpj7agPL05tcfsFnuUkm8eSxwEYY5vfsCJqMEUOVpnDt,20849
eyJhbGciOiJIUzM4NCJ9.eyJzdWIiOiI1MDEyOTMiLCJ1c2VybmFtZSI6ImJlbmNoXzQyOTM4ODBfOTg4IiwiaWF0IjoxNzg5MDQ0Mjk0LCJleHAiOjE3ODk2NDkwOTR9.BgUVE-ngz5dhTXIhpUgU11dOI3zAYo4SQCRONYvHGmRFJlLhaaJFmLzJlddM3CMh,20850
eyJhbGciOiJIUzM4NCJ9.eyJzdWIiOiI1MDEyOTciLCJ1c2VybmFtZSI6ImJlbmNoXzQyOTQwMjRfOTk3IiwiaWF0IjoxNzg5MDQ0Mjk0LCJleHAiOjE3ODk2NDkwOTR9.RQaKmEMQnllCUHfJznEB7OFLbE1is3-4Mij2lBcEB_dLtipE3zXDlRUytqN0AGsD,20853
eyJhbGciOiJIUzM4NCJ9.eyJzdWIiOiI1MDEyOTUiLCJ1c2VybmFtZSI6ImJlbmNoXzQyOTQwMTdfOTk0IiwiaWF0IjoxNzg5MDQ0Mjk0LCJleHAiOjE3ODk2NDkwOTR9.gJEjwtgrdfX5b5mr7lCz2RxDYI03mg3wDQzmIRL9zNdPU2SQOyzeZ7U78h_AP55u,20852
eyJhbGciOiJIUzM4NCJ9.eyJzdWIiOiI1MDEyOTQiLCJ1c2VybmFtZSI6ImJlbmNoXzQyOTQwMDJfOTkzIiwiaWF0IjoxNzg5MDQ0Mjk0LCJleHAiOjE3ODk2NDkwOTR9.4tZGsxOsmgupFnu46AjPFq35-wZ152sGfkCeUGf-suPf5YWgAaiZxNSGT-XGyndQ,20851
eyJhbGciOiJIUzM4NCJ9.eyJzdWIiOiI1MDEyOTgiLCJ1c2VybmFtZSI6ImJlbmNoXzQyOTQwMjNfOTk1IiwiaWF0IjoxNzg5MDQ0Mjk0LCJleHAiOjE3ODk2NDkwOTR9.b0XERFeDdvmP30VuVmdwo8PStpJ5Jb7KP8qvCcuUUTryL0y5u6ogTGetFx-idUgG,20854
eyJhbGciOiJIUzM4NCJ9.eyJzdWIiOiI1MDEyOTkiLCJ1c2VybmFtZSI6ImJlbmNoXzQyOTQwNDlfOTk4IiwiaWF0IjoxNzg5MDQ0Mjk0LCJleHAiOjE3ODk2NDkwOTR9.bq7miiwJ4MVgx-0ZZ3llebUNlN8SNSmsDOLibnVRvDeXyG0z8HqtQhOzkfH7nSk3,20855
eyJhbGciOiJIUzM4NCJ9.eyJzdWIiOiI1MDEzMDAiLCJ1c2VybmFtZSI6ImJlbmNoXzQyOTQwNTBfOTk5IiwiaWF0IjoxNzg5MDQ0Mjk0LCJleHAiOjE3ODk2NDkwOTR9.FZ320_tpf3bZ5t4v0zr3BOcUgMdEssMvRXv3VCm3BV-IwXUz-WqJ-ZOv70jCur8h,20856
eyJhbGciOiJIUzM4NCJ9.eyJzdWIiOiI1MDEyOTYiLCJ1c2VybmFtZSI6ImJlbmNoXzQyOTQwMjNfOTk2IiwiaWF0IjoxNzg5MDQ0Mjk0LCJleHAiOjE3ODk2NDkwOTR9.-Nwn-G43lPl-5MtCIgARHrzyG7m-VbZyTFdEO-W3N3Fjw69nGuNHC_7pxLutbGJr,20857
